
--- [Asset Completeness]: Checking Gansu_Narration_Asset_Combined.md ---
    Parsed: 175 ASSETs

--- 部門別結果 ---
  ❌ 1_完全性: FAIL
  ❌ 2_ナレ必須: FAIL
  ⚠️ 3_CHAR参照: WARNING
  ❌ 4_禁止要素: FAIL
  ✅ 6_総合比率: PASS

[FAILED]: 5 errors, 58 warnings
  ❌ 連番の欠番: ASSET-009, ASSET-010, ASSET-110
  ❌ カテゴリタグなし: ASSET-002, ASSET-004, ASSET-005, ASSET-006, ASSET-008, ASSET-013, ASSET-031, ASSET-055, ASSET-056, ASSET-057 他16件
  ❌ ナレーションなしASSET（禁止）: ASSET-002, ASSET-012, ASSET-111, ASSET-112, ASSET-113, ASSET-114, ASSET-115, ASSET-116, ASSET-117, ASSET-118 他59件
  ❌ ASSET-113: カメラ専門用語禁止: Ken Burns
  ❌ ASSET-119: カメラ専門用語禁止: Ken Burns
  ⚠️  ASSET-001: 人物プロンプトあり but CHAR参照タグなし ([CHAR-XX reference | 初出/再利用] / [New character] / [Generic group])
  ⚠️  ASSET-006: 人物プロンプトあり but CHAR参照タグなし ([CHAR-XX reference | 初出/再利用] / [New character] / [Generic group])
  ⚠️  ASSET-008: 人物プロンプトあり but CHAR参照タグなし ([CHAR-XX reference | 初出/再利用] / [New character] / [Generic group])
  ⚠️  ASSET-017: 人物プロンプトあり but CHAR参照タグなし ([CHAR-XX reference | 初出/再利用] / [New character] / [Generic group])
  ⚠️  ASSET-018: 人物プロンプトあり but CHAR参照タグなし ([CHAR-XX reference | 初出/再利用] / [New character] / [Generic group])
  ⚠️  ASSET-021: 人物プロンプトあり but CHAR参照タグなし ([CHAR-XX reference | 初出/再利用] / [New character] / [Generic group])
  ⚠️  ASSET-024: 人物プロンプトあり but CHAR参照タグなし ([CHAR-XX reference | 初出/再利用] / [New character] / [Generic group])
  ⚠️  ASSET-026: 人物プロンプトあり but CHAR参照タグなし ([CHAR-XX reference | 初出/再利用] / [New character] / [Generic group])
  ⚠️  ASSET-031: 人物プロンプトあり but CHAR参照タグなし ([CHAR-XX reference | 初出/再利用] / [New character] / [Generic group])
  ⚠️  ASSET-039: 人物プロンプトあり but CHAR参照タグなし ([CHAR-XX reference | 初出/再利用] / [New character] / [Generic group])
  ⚠️  ASSET-042: 人物プロンプトあり but CHAR参照タグなし ([CHAR-XX reference | 初出/再利用] / [New character] / [Generic group])
  ⚠️  ASSET-045: 人物プロンプトあり but CHAR参照タグなし ([CHAR-XX reference | 初出/再利用] / [New character] / [Generic group])
  ⚠️  ASSET-048: 人物プロンプトあり but CHAR参照タグなし ([CHAR-XX reference | 初出/再利用] / [New character] / [Generic group])
  ⚠️  ASSET-049: 人物プロンプトあり but CHAR参照タグなし ([CHAR-XX reference | 初出/再利用] / [New character] / [Generic group])
  ⚠️  ASSET-051: 人物プロンプトあり but CHAR参照タグなし ([CHAR-XX reference | 初出/再利用] / [New character] / [Generic group])
  ⚠️  ASSET-053: 人物プロンプトあり but CHAR参照タグなし ([CHAR-XX reference | 初出/再利用] / [New character] / [Generic group])
  ⚠️  ASSET-056: 人物プロンプトあり but CHAR参照タグなし ([CHAR-XX reference | 初出/再利用] / [New character] / [Generic group])
  ⚠️  ASSET-059: 人物プロンプトあり but CHAR参照タグなし ([CHAR-XX reference | 初出/再利用] / [New character] / [Generic group])
  ⚠️  ASSET-063: 人物プロンプトあり but CHAR参照タグなし ([CHAR-XX reference | 初出/再利用] / [New character] / [Generic group])
  ⚠️  ASSET-064: 人物プロンプトあり but CHAR参照タグなし ([CHAR-XX reference | 初出/再利用] / [New character] / [Generic group])
  ⚠️  ASSET-066: 人物プロンプトあり but CHAR参照タグなし ([CHAR-XX reference | 初出/再利用] / [New character] / [Generic group])
  ⚠️  ASSET-069: 人物プロンプトあり but CHAR参照タグなし ([CHAR-XX reference | 初出/再利用] / [New character] / [Generic group])
  ⚠️  ASSET-071: 人物プロンプトあり but CHAR参照タグなし ([CHAR-XX reference | 初出/再利用] / [New character] / [Generic group])
  ⚠️  ASSET-076: 人物プロンプトあり but CHAR参照タグなし ([CHAR-XX reference | 初出/再利用] / [New character] / [Generic group])
  ⚠️  ASSET-083: 人物プロンプトあり but CHAR参照タグなし ([CHAR-XX reference | 初出/再利用] / [New character] / [Generic group])
  ⚠️  ASSET-084: 人物プロンプトあり but CHAR参照タグなし ([CHAR-XX reference | 初出/再利用] / [New character] / [Generic group])
  ⚠️  ASSET-086: 人物プロンプトあり but CHAR参照タグなし ([CHAR-XX reference | 初出/再利用] / [New character] / [Generic group])
  ⚠️  ASSET-087: 人物プロンプトあり but CHAR参照タグなし ([CHAR-XX reference | 初出/再利用] / [New character] / [Generic group])
  ⚠️  ASSET-089: 人物プロンプトあり but CHAR参照タグなし ([CHAR-XX reference | 初出/再利用] / [New character] / [Generic group])
  ⚠️  ASSET-092: 人物プロンプトあり but CHAR参照タグなし ([CHAR-XX reference | 初出/再利用] / [New character] / [Generic group])
  ⚠️  ASSET-093: 人物プロンプトあり but CHAR参照タグなし ([CHAR-XX reference | 初出/再利用] / [New character] / [Generic group])
  ⚠️  ASSET-095: 人物プロンプトあり but CHAR参照タグなし ([CHAR-XX reference | 初出/再利用] / [New character] / [Generic group])
  ⚠️  ASSET-098: 人物プロンプトあり but CHAR参照タグなし ([CHAR-XX reference | 初出/再利用] / [New character] / [Generic group])
  ⚠️  ASSET-100: 人物プロンプトあり but CHAR参照タグなし ([CHAR-XX reference | 初出/再利用] / [New character] / [Generic group])
  ⚠️  ASSET-103: 人物プロンプトあり but CHAR参照タグなし ([CHAR-XX reference | 初出/再利用] / [New character] / [Generic group])
  ⚠️  ASSET-106: 人物プロンプトあり but CHAR参照タグなし ([CHAR-XX reference | 初出/再利用] / [New character] / [Generic group])
  ⚠️  ASSET-114: 人物プロンプトあり but CHAR参照タグなし ([CHAR-XX reference | 初出/再利用] / [New character] / [Generic group])
  ⚠️  ASSET-119: 人物プロンプトあり but CHAR参照タグなし ([CHAR-XX reference | 初出/再利用] / [New character] / [Generic group])
  ⚠️  ASSET-120: 人物プロンプトあり but CHAR参照タグなし ([CHAR-XX reference | 初出/再利用] / [New character] / [Generic group])
  ⚠️  ASSET-125: 人物プロンプトあり but CHAR参照タグなし ([CHAR-XX reference | 初出/再利用] / [New character] / [Generic group])
  ⚠️  ASSET-127: 人物プロンプトあり but CHAR参照タグなし ([CHAR-XX reference | 初出/再利用] / [New character] / [Generic group])
  ⚠️  ASSET-129: 人物プロンプトあり but CHAR参照タグなし ([CHAR-XX reference | 初出/再利用] / [New character] / [Generic group])
  ⚠️  ASSET-132: 人物プロンプトあり but CHAR参照タグなし ([CHAR-XX reference | 初出/再利用] / [New character] / [Generic group])
  ⚠️  ASSET-134: 人物プロンプトあり but CHAR参照タグなし ([CHAR-XX reference | 初出/再利用] / [New character] / [Generic group])
  ⚠️  ASSET-140: 人物プロンプトあり but CHAR参照タグなし ([CHAR-XX reference | 初出/再利用] / [New character] / [Generic group])
  ⚠️  ASSET-141: 人物プロンプトあり but CHAR参照タグなし ([CHAR-XX reference | 初出/再利用] / [New character] / [Generic group])
  ⚠️  ASSET-142: 人物プロンプトあり but CHAR参照タグなし ([CHAR-XX reference | 初出/再利用] / [New character] / [Generic group])
  ⚠️  ASSET-144: 人物プロンプトあり but CHAR参照タグなし ([CHAR-XX reference | 初出/再利用] / [New character] / [Generic group])
  ⚠️  ASSET-145: 人物プロンプトあり but CHAR参照タグなし ([CHAR-XX reference | 初出/再利用] / [New character] / [Generic group])
  ⚠️  ASSET-146: 人物プロンプトあり but CHAR参照タグなし ([CHAR-XX reference | 初出/再利用] / [New character] / [Generic group])
  ⚠️  ASSET-148: 人物プロンプトあり but CHAR参照タグなし ([CHAR-XX reference | 初出/再利用] / [New character] / [Generic group])
  ⚠️  ASSET-149: 人物プロンプトあり but CHAR参照タグなし ([CHAR-XX reference | 初出/再利用] / [New character] / [Generic group])
  ⚠️  ASSET-155: 人物プロンプトあり but CHAR参照タグなし ([CHAR-XX reference | 初出/再利用] / [New character] / [Generic group])
  ⚠️  ASSET-157: 人物プロンプトあり but CHAR参照タグなし ([CHAR-XX reference | 初出/再利用] / [New character] / [Generic group])
  ⚠️  ASSET-160: 人物プロンプトあり but CHAR参照タグなし ([CHAR-XX reference | 初出/再利用] / [New character] / [Generic group])
  ⚠️  ASSET-169: 人物プロンプトあり but CHAR参照タグなし ([CHAR-XX reference | 初出/再利用] / [New character] / [Generic group])
  ⚠️  ASSET-171: 人物プロンプトあり but CHAR参照タグなし ([CHAR-XX reference | 初出/再利用] / [New character] / [Generic group])
  ⚠️  ASSET-174: 人物プロンプトあり but CHAR参照タグなし ([CHAR-XX reference | 初出/再利用] / [New character] / [Generic group])

--- [Asset Completeness]: Checking Gansu_Asset_Prompts.md ---
    Parsed: 65 ASSETs

--- 部門別結果 ---
  ❌ 1_完全性: FAIL
  ❌ 2_ナレ必須: FAIL
  ⚠️ 3_CHAR参照: WARNING
  ❌ 4_禁止要素: FAIL
  ⚠️ 6_総合比率: WARNING

[FAILED]: 5 errors, 33 warnings
  ❌ カテゴリタグなし: ASSET-002, ASSET-012, ASSET-019
  ❌ Lovart系ASSETにプロンプトなし: ASSET-010, ASSET-021, ASSET-023, ASSET-032
  ❌ ナレーションなしASSET（禁止）: ASSET-001, ASSET-002, ASSET-003, ASSET-004, ASSET-005, ASSET-006, ASSET-006, ASSET-007, ASSET-008, ASSET-008 他54件
  ❌ ASSET-002: フリー素材は廃止（2026/2〜）
  ❌ ASSET-012: フリー素材は廃止（2026/2〜）
  ⚠️  ASSET-004: 人物プロンプトあり but CHAR参照タグなし ([CHAR-XX reference | 初出/再利用] / [New character] / [Generic group])
  ⚠️  ASSET-006: 人物プロンプトあり but CHAR参照タグなし ([CHAR-XX reference | 初出/再利用] / [New character] / [Generic group])
  ⚠️  ASSET-006: 人物プロンプトあり but CHAR参照タグなし ([CHAR-XX reference | 初出/再利用] / [New character] / [Generic group])
  ⚠️  ASSET-008: 人物プロンプトあり but CHAR参照タグなし ([CHAR-XX reference | 初出/再利用] / [New character] / [Generic group])
  ⚠️  ASSET-008: 人物プロンプトあり but CHAR参照タグなし ([CHAR-XX reference | 初出/再利用] / [New character] / [Generic group])
  ⚠️  ASSET-009: 人物プロンプトあり but CHAR参照タグなし ([CHAR-XX reference | 初出/再利用] / [New character] / [Generic group])
  ⚠️  ASSET-010: 人物プロンプトあり but CHAR参照タグなし ([CHAR-XX reference | 初出/再利用] / [New character] / [Generic group])
  ⚠️  ASSET-011: 人物プロンプトあり but CHAR参照タグなし ([CHAR-XX reference | 初出/再利用] / [New character] / [Generic group])
  ⚠️  ASSET-014: 人物プロンプトあり but CHAR参照タグなし ([CHAR-XX reference | 初出/再利用] / [New character] / [Generic group])
  ⚠️  ASSET-022: 人物プロンプトあり but CHAR参照タグなし ([CHAR-XX reference | 初出/再利用] / [New character] / [Generic group])
  ⚠️  ASSET-023: 人物プロンプトあり but CHAR参照タグなし ([CHAR-XX reference | 初出/再利用] / [New character] / [Generic group])
  ⚠️  ASSET-024: 人物プロンプトあり but CHAR参照タグなし ([CHAR-XX reference | 初出/再利用] / [New character] / [Generic group])
  ⚠️  ASSET-025: 人物プロンプトあり but CHAR参照タグなし ([CHAR-XX reference | 初出/再利用] / [New character] / [Generic group])
  ⚠️  ASSET-026: 人物プロンプトあり but CHAR参照タグなし ([CHAR-XX reference | 初出/再利用] / [New character] / [Generic group])
  ⚠️  ASSET-026: 人物プロンプトあり but CHAR参照タグなし ([CHAR-XX reference | 初出/再利用] / [New character] / [Generic group])
  ⚠️  ASSET-027: 人物プロンプトあり but CHAR参照タグなし ([CHAR-XX reference | 初出/再利用] / [New character] / [Generic group])
  ⚠️  ASSET-030: 人物プロンプトあり but CHAR参照タグなし ([CHAR-XX reference | 初出/再利用] / [New character] / [Generic group])
  ⚠️  ASSET-032: 人物プロンプトあり but CHAR参照タグなし ([CHAR-XX reference | 初出/再利用] / [New character] / [Generic group])
  ⚠️  ASSET-036: 人物プロンプトあり but CHAR参照タグなし ([CHAR-XX reference | 初出/再利用] / [New character] / [Generic group])
  ⚠️  ASSET-036: 人物プロンプトあり but CHAR参照タグなし ([CHAR-XX reference | 初出/再利用] / [New character] / [Generic group])
  ⚠️  ASSET-037: 人物プロンプトあり but CHAR参照タグなし ([CHAR-XX reference | 初出/再利用] / [New character] / [Generic group])
  ⚠️  ASSET-038: 人物プロンプトあり but CHAR参照タグなし ([CHAR-XX reference | 初出/再利用] / [New character] / [Generic group])
  ⚠️  ASSET-039: 人物プロンプトあり but CHAR参照タグなし ([CHAR-XX reference | 初出/再利用] / [New character] / [Generic group])
  ⚠️  ASSET-041: 人物プロンプトあり but CHAR参照タグなし ([CHAR-XX reference | 初出/再利用] / [New character] / [Generic group])
  ⚠️  ASSET-042: 人物プロンプトあり but CHAR参照タグなし ([CHAR-XX reference | 初出/再利用] / [New character] / [Generic group])
  ⚠️  ASSET-042: 人物プロンプトあり but CHAR参照タグなし ([CHAR-XX reference | 初出/再利用] / [New character] / [Generic group])
  ⚠️  ASSET-043: 人物プロンプトあり but CHAR参照タグなし ([CHAR-XX reference | 初出/再利用] / [New character] / [Generic group])
  ⚠️  ASSET-044: 人物プロンプトあり but CHAR参照タグなし ([CHAR-XX reference | 初出/再利用] / [New character] / [Generic group])
  ⚠️  ASSET-044: 人物プロンプトあり but CHAR参照タグなし ([CHAR-XX reference | 初出/再利用] / [New character] / [Generic group])
  ⚠️  ASSET-044: 人物プロンプトあり but CHAR参照タグなし ([CHAR-XX reference | 初出/再利用] / [New character] / [Generic group])
  ⚠️  ASSET-045: 人物プロンプトあり but CHAR参照タグなし ([CHAR-XX reference | 初出/再利用] / [New character] / [Generic group])
  ⚠️  ASSET-047: 人物プロンプトあり but CHAR参照タグなし ([CHAR-XX reference | 初出/再利用] / [New character] / [Generic group])
  ⚠️  動画/アニメ比率: 32/65 = 49.2% （基準: 50%以上）→ ⚠️ WARNING

--- [Asset Completeness]: Checking Gansu_Narration_Asset_Combined.md ---
    Parsed: 175 ASSETs

--- 部門別結果 ---
  ❌ 1_完全性: FAIL
  ❌ 2_ナレ必須: FAIL
  ⚠️ 3_CHAR参照: WARNING
  ❌ 4_禁止要素: FAIL
  ✅ 6_総合比率: PASS

[FAILED]: 5 errors, 58 warnings
  ❌ 連番の欠番: ASSET-009, ASSET-010, ASSET-110
  ❌ カテゴリタグなし: ASSET-002, ASSET-004, ASSET-005, ASSET-006, ASSET-008, ASSET-013, ASSET-031, ASSET-055, ASSET-056, ASSET-057 他16件
  ❌ ナレーションなしASSET（禁止）: ASSET-002, ASSET-012, ASSET-111, ASSET-112, ASSET-113, ASSET-114, ASSET-115, ASSET-116, ASSET-117, ASSET-118 他59件
  ❌ ASSET-113: カメラ専門用語禁止: Ken Burns
  ❌ ASSET-119: カメラ専門用語禁止: Ken Burns
  ⚠️  ASSET-001: 人物プロンプトあり but CHAR参照タグなし ([CHAR-XX reference | 初出/再利用] / [New character] / [Generic group])
  ⚠️  ASSET-006: 人物プロンプトあり but CHAR参照タグなし ([CHAR-XX reference | 初出/再利用] / [New character] / [Generic group])
  ⚠️  ASSET-008: 人物プロンプトあり but CHAR参照タグなし ([CHAR-XX reference | 初出/再利用] / [New character] / [Generic group])
  ⚠️  ASSET-017: 人物プロンプトあり but CHAR参照タグなし ([CHAR-XX reference | 初出/再利用] / [New character] / [Generic group])
  ⚠️  ASSET-018: 人物プロンプトあり but CHAR参照タグなし ([CHAR-XX reference | 初出/再利用] / [New character] / [Generic group])
  ⚠️  ASSET-021: 人物プロンプトあり but CHAR参照タグなし ([CHAR-XX reference | 初出/再利用] / [New character] / [Generic group])
  ⚠️  ASSET-024: 人物プロンプトあり but CHAR参照タグなし ([CHAR-XX reference | 初出/再利用] / [New character] / [Generic group])
  ⚠️  ASSET-026: 人物プロンプトあり but CHAR参照タグなし ([CHAR-XX reference | 初出/再利用] / [New character] / [Generic group])
  ⚠️  ASSET-031: 人物プロンプトあり but CHAR参照タグなし ([CHAR-XX reference | 初出/再利用] / [New character] / [Generic group])
  ⚠️  ASSET-039: 人物プロンプトあり but CHAR参照タグなし ([CHAR-XX reference | 初出/再利用] / [New character] / [Generic group])
  ⚠️  ASSET-042: 人物プロンプトあり but CHAR参照タグなし ([CHAR-XX reference | 初出/再利用] / [New character] / [Generic group])
  ⚠️  ASSET-045: 人物プロンプトあり but CHAR参照タグなし ([CHAR-XX reference | 初出/再利用] / [New character] / [Generic group])
  ⚠️  ASSET-048: 人物プロンプトあり but CHAR参照タグなし ([CHAR-XX reference | 初出/再利用] / [New character] / [Generic group])
  ⚠️  ASSET-049: 人物プロンプトあり but CHAR参照タグなし ([CHAR-XX reference | 初出/再利用] / [New character] / [Generic group])
  ⚠️  ASSET-051: 人物プロンプトあり but CHAR参照タグなし ([CHAR-XX reference | 初出/再利用] / [New character] / [Generic group])
  ⚠️  ASSET-053: 人物プロンプトあり but CHAR参照タグなし ([CHAR-XX reference | 初出/再利用] / [New character] / [Generic group])
  ⚠️  ASSET-056: 人物プロンプトあり but CHAR参照タグなし ([CHAR-XX reference | 初出/再利用] / [New character] / [Generic group])
  ⚠️  ASSET-059: 人物プロンプトあり but CHAR参照タグなし ([CHAR-XX reference | 初出/再利用] / [New character] / [Generic group])
  ⚠️  ASSET-063: 人物プロンプトあり but CHAR参照タグなし ([CHAR-XX reference | 初出/再利用] / [New character] / [Generic group])
  ⚠️  ASSET-064: 人物プロンプトあり but CHAR参照タグなし ([CHAR-XX reference | 初出/再利用] / [New character] / [Generic group])
  ⚠️  ASSET-066: 人物プロンプトあり but CHAR参照タグなし ([CHAR-XX reference | 初出/再利用] / [New character] / [Generic group])
  ⚠️  ASSET-069: 人物プロンプトあり but CHAR参照タグなし ([CHAR-XX reference | 初出/再利用] / [New character] / [Generic group])
  ⚠️  ASSET-071: 人物プロンプトあり but CHAR参照タグなし ([CHAR-XX reference | 初出/再利用] / [New character] / [Generic group])
  ⚠️  ASSET-076: 人物プロンプトあり but CHAR参照タグなし ([CHAR-XX reference | 初出/再利用] / [New character] / [Generic group])
  ⚠️  ASSET-083: 人物プロンプトあり but CHAR参照タグなし ([CHAR-XX reference | 初出/再利用] / [New character] / [Generic group])
  ⚠️  ASSET-084: 人物プロンプトあり but CHAR参照タグなし ([CHAR-XX reference | 初出/再利用] / [New character] / [Generic group])
  ⚠️  ASSET-086: 人物プロンプトあり but CHAR参照タグなし ([CHAR-XX reference | 初出/再利用] / [New character] / [Generic group])
  ⚠️  ASSET-087: 人物プロンプトあり but CHAR参照タグなし ([CHAR-XX reference | 初出/再利用] / [New character] / [Generic group])
  ⚠️  ASSET-089: 人物プロンプトあり but CHAR参照タグなし ([CHAR-XX reference | 初出/再利用] / [New character] / [Generic group])
  ⚠️  ASSET-092: 人物プロンプトあり but CHAR参照タグなし ([CHAR-XX reference | 初出/再利用] / [New character] / [Generic group])
  ⚠️  ASSET-093: 人物プロンプトあり but CHAR参照タグなし ([CHAR-XX reference | 初出/再利用] / [New character] / [Generic group])
  ⚠️  ASSET-095: 人物プロンプトあり but CHAR参照タグなし ([CHAR-XX reference | 初出/再利用] / [New character] / [Generic group])
  ⚠️  ASSET-098: 人物プロンプトあり but CHAR参照タグなし ([CHAR-XX reference | 初出/再利用] / [New character] / [Generic group])
  ⚠️  ASSET-100: 人物プロンプトあり but CHAR参照タグなし ([CHAR-XX reference | 初出/再利用] / [New character] / [Generic group])
  ⚠️  ASSET-103: 人物プロンプトあり but CHAR参照タグなし ([CHAR-XX reference | 初出/再利用] / [New character] / [Generic group])
  ⚠️  ASSET-106: 人物プロンプトあり but CHAR参照タグなし ([CHAR-XX reference | 初出/再利用] / [New character] / [Generic group])
  ⚠️  ASSET-114: 人物プロンプトあり but CHAR参照タグなし ([CHAR-XX reference | 初出/再利用] / [New character] / [Generic group])
  ⚠️  ASSET-119: 人物プロンプトあり but CHAR参照タグなし ([CHAR-XX reference | 初出/再利用] / [New character] / [Generic group])
  ⚠️  ASSET-120: 人物プロンプトあり but CHAR参照タグなし ([CHAR-XX reference | 初出/再利用] / [New character] / [Generic group])
  ⚠️  ASSET-125: 人物プロンプトあり but CHAR参照タグなし ([CHAR-XX reference | 初出/再利用] / [New character] / [Generic group])
  ⚠️  ASSET-127: 人物プロンプトあり but CHAR参照タグなし ([CHAR-XX reference | 初出/再利用] / [New character] / [Generic group])
  ⚠️  ASSET-129: 人物プロンプトあり but CHAR参照タグなし ([CHAR-XX reference | 初出/再利用] / [New character] / [Generic group])
  ⚠️  ASSET-132: 人物プロンプトあり but CHAR参照タグなし ([CHAR-XX reference | 初出/再利用] / [New character] / [Generic group])
  ⚠️  ASSET-134: 人物プロンプトあり but CHAR参照タグなし ([CHAR-XX reference | 初出/再利用] / [New character] / [Generic group])
  ⚠️  ASSET-140: 人物プロンプトあり but CHAR参照タグなし ([CHAR-XX reference | 初出/再利用] / [New character] / [Generic group])
  ⚠️  ASSET-141: 人物プロンプトあり but CHAR参照タグなし ([CHAR-XX reference | 初出/再利用] / [New character] / [Generic group])
  ⚠️  ASSET-142: 人物プロンプトあり but CHAR参照タグなし ([CHAR-XX reference | 初出/再利用] / [New character] / [Generic group])
  ⚠️  ASSET-144: 人物プロンプトあり but CHAR参照タグなし ([CHAR-XX reference | 初出/再利用] / [New character] / [Generic group])
  ⚠️  ASSET-145: 人物プロンプトあり but CHAR参照タグなし ([CHAR-XX reference | 初出/再利用] / [New character] / [Generic group])
  ⚠️  ASSET-146: 人物プロンプトあり but CHAR参照タグなし ([CHAR-XX reference | 初出/再利用] / [New character] / [Generic group])
  ⚠️  ASSET-148: 人物プロンプトあり but CHAR参照タグなし ([CHAR-XX reference | 初出/再利用] / [New character] / [Generic group])
  ⚠️  ASSET-149: 人物プロンプトあり but CHAR参照タグなし ([CHAR-XX reference | 初出/再利用] / [New character] / [Generic group])
  ⚠️  ASSET-155: 人物プロンプトあり but CHAR参照タグなし ([CHAR-XX reference | 初出/再利用] / [New character] / [Generic group])
  ⚠️  ASSET-157: 人物プロンプトあり but CHAR参照タグなし ([CHAR-XX reference | 初出/再利用] / [New character] / [Generic group])
  ⚠️  ASSET-160: 人物プロンプトあり but CHAR参照タグなし ([CHAR-XX reference | 初出/再利用] / [New character] / [Generic group])
  ⚠️  ASSET-169: 人物プロンプトあり but CHAR参照タグなし ([CHAR-XX reference | 初出/再利用] / [New character] / [Generic group])
  ⚠️  ASSET-171: 人物プロンプトあり but CHAR参照タグなし ([CHAR-XX reference | 初出/再利用] / [New character] / [Generic group])
  ⚠️  ASSET-174: 人物プロンプトあり but CHAR参照タグなし ([CHAR-XX reference | 初出/再利用] / [New character] / [Generic group])

--- [Asset Completeness]: Checking Gansu_Asset_Prompts.md ---
    Parsed: 65 ASSETs

--- 部門別結果 ---
  ❌ 1_完全性: FAIL
  ❌ 2_ナレ必須: FAIL
  ⚠️ 3_CHAR参照: WARNING
  ❌ 4_禁止要素: FAIL
  ⚠️ 6_総合比率: WARNING

[FAILED]: 5 errors, 33 warnings
  ❌ カテゴリタグなし: ASSET-002, ASSET-012, ASSET-019
  ❌ Lovart系ASSETにプロンプトなし: ASSET-010, ASSET-021, ASSET-023, ASSET-032
  ❌ ナレーションなしASSET（禁止）: ASSET-001, ASSET-002, ASSET-003, ASSET-004, ASSET-005, ASSET-006, ASSET-006, ASSET-007, ASSET-008, ASSET-008 他54件
  ❌ ASSET-002: フリー素材は廃止（2026/2〜）
  ❌ ASSET-012: フリー素材は廃止（2026/2〜）
  ⚠️  ASSET-004: 人物プロンプトあり but CHAR参照タグなし ([CHAR-XX reference | 初出/再利用] / [New character] / [Generic group])
  ⚠️  ASSET-006: 人物プロンプトあり but CHAR参照タグなし ([CHAR-XX reference | 初出/再利用] / [New character] / [Generic group])
  ⚠️  ASSET-006: 人物プロンプトあり but CHAR参照タグなし ([CHAR-XX reference | 初出/再利用] / [New character] / [Generic group])
  ⚠️  ASSET-008: 人物プロンプトあり but CHAR参照タグなし ([CHAR-XX reference | 初出/再利用] / [New character] / [Generic group])
  ⚠️  ASSET-008: 人物プロンプトあり but CHAR参照タグなし ([CHAR-XX reference | 初出/再利用] / [New character] / [Generic group])
  ⚠️  ASSET-009: 人物プロンプトあり but CHAR参照タグなし ([CHAR-XX reference | 初出/再利用] / [New character] / [Generic group])
  ⚠️  ASSET-010: 人物プロンプトあり but CHAR参照タグなし ([CHAR-XX reference | 初出/再利用] / [New character] / [Generic group])
  ⚠️  ASSET-011: 人物プロンプトあり but CHAR参照タグなし ([CHAR-XX reference | 初出/再利用] / [New character] / [Generic group])
  ⚠️  ASSET-014: 人物プロンプトあり but CHAR参照タグなし ([CHAR-XX reference | 初出/再利用] / [New character] / [Generic group])
  ⚠️  ASSET-022: 人物プロンプトあり but CHAR参照タグなし ([CHAR-XX reference | 初出/再利用] / [New character] / [Generic group])
  ⚠️  ASSET-023: 人物プロンプトあり but CHAR参照タグなし ([CHAR-XX reference | 初出/再利用] / [New character] / [Generic group])
  ⚠️  ASSET-024: 人物プロンプトあり but CHAR参照タグなし ([CHAR-XX reference | 初出/再利用] / [New character] / [Generic group])
  ⚠️  ASSET-025: 人物プロンプトあり but CHAR参照タグなし ([CHAR-XX reference | 初出/再利用] / [New character] / [Generic group])
  ⚠️  ASSET-026: 人物プロンプトあり but CHAR参照タグなし ([CHAR-XX reference | 初出/再利用] / [New character] / [Generic group])
  ⚠️  ASSET-026: 人物プロンプトあり but CHAR参照タグなし ([CHAR-XX reference | 初出/再利用] / [New character] / [Generic group])
  ⚠️  ASSET-027: 人物プロンプトあり but CHAR参照タグなし ([CHAR-XX reference | 初出/再利用] / [New character] / [Generic group])
  ⚠️  ASSET-030: 人物プロンプトあり but CHAR参照タグなし ([CHAR-XX reference | 初出/再利用] / [New character] / [Generic group])
  ⚠️  ASSET-032: 人物プロンプトあり but CHAR参照タグなし ([CHAR-XX reference | 初出/再利用] / [New character] / [Generic group])
  ⚠️  ASSET-036: 人物プロンプトあり but CHAR参照タグなし ([CHAR-XX reference | 初出/再利用] / [New character] / [Generic group])
  ⚠️  ASSET-036: 人物プロンプトあり but CHAR参照タグなし ([CHAR-XX reference | 初出/再利用] / [New character] / [Generic group])
  ⚠️  ASSET-037: 人物プロンプトあり but CHAR参照タグなし ([CHAR-XX reference | 初出/再利用] / [New character] / [Generic group])
  ⚠️  ASSET-038: 人物プロンプトあり but CHAR参照タグなし ([CHAR-XX reference | 初出/再利用] / [New character] / [Generic group])
  ⚠️  ASSET-039: 人物プロンプトあり but CHAR参照タグなし ([CHAR-XX reference | 初出/再利用] / [New character] / [Generic group])
  ⚠️  ASSET-041: 人物プロンプトあり but CHAR参照タグなし ([CHAR-XX reference | 初出/再利用] / [New character] / [Generic group])
  ⚠️  ASSET-042: 人物プロンプトあり but CHAR参照タグなし ([CHAR-XX reference | 初出/再利用] / [New character] / [Generic group])
  ⚠️  ASSET-042: 人物プロンプトあり but CHAR参照タグなし ([CHAR-XX reference | 初出/再利用] / [New character] / [Generic group])
  ⚠️  ASSET-043: 人物プロンプトあり but CHAR参照タグなし ([CHAR-XX reference | 初出/再利用] / [New character] / [Generic group])
  ⚠️  ASSET-044: 人物プロンプトあり but CHAR参照タグなし ([CHAR-XX reference | 初出/再利用] / [New character] / [Generic group])
  ⚠️  ASSET-044: 人物プロンプトあり but CHAR参照タグなし ([CHAR-XX reference | 初出/再利用] / [New character] / [Generic group])
  ⚠️  ASSET-044: 人物プロンプトあり but CHAR参照タグなし ([CHAR-XX reference | 初出/再利用] / [New character] / [Generic group])
  ⚠️  ASSET-045: 人物プロンプトあり but CHAR参照タグなし ([CHAR-XX reference | 初出/再利用] / [New character] / [Generic group])
  ⚠️  ASSET-047: 人物プロンプトあり but CHAR参照タグなし ([CHAR-XX reference | 初出/再利用] / [New character] / [Generic group])
  ⚠️  動画/アニメ比率: 32/65 = 49.2% （基準: 50%以上）→ ⚠️ WARNING

--- [Asset Completeness]: Checking Gansu_Narration_Asset_Combined.md ---
    Parsed: 175 ASSETs

--- 部門別結果 ---
  ❌ 1_完全性: FAIL
  ❌ 2_ナレ必須: FAIL
  ⚠️ 3_CHAR参照: WARNING
  ❌ 4_禁止要素: FAIL
  ✅ 6_総合比率: PASS

[FAILED]: 5 errors, 58 warnings
  ❌ 連番の欠番: ASSET-009, ASSET-010, ASSET-110
  ❌ カテゴリタグなし: ASSET-002, ASSET-004, ASSET-005, ASSET-006, ASSET-008, ASSET-013, ASSET-031, ASSET-055, ASSET-056, ASSET-057 他16件
  ❌ ナレーションなしASSET（禁止）: ASSET-002, ASSET-012, ASSET-111, ASSET-112, ASSET-113, ASSET-114, ASSET-115, ASSET-116, ASSET-117, ASSET-118 他59件
  ❌ ASSET-113: カメラ専門用語禁止: Ken Burns
  ❌ ASSET-119: カメラ専門用語禁止: Ken Burns
  ⚠️  ASSET-001: 人物プロンプトあり but CHAR参照タグなし ([CHAR-XX reference | 初出/再利用] / [New character] / [Generic group])
  ⚠️  ASSET-006: 人物プロンプトあり but CHAR参照タグなし ([CHAR-XX reference | 初出/再利用] / [New character] / [Generic group])
  ⚠️  ASSET-008: 人物プロンプトあり but CHAR参照タグなし ([CHAR-XX reference | 初出/再利用] / [New character] / [Generic group])
  ⚠️  ASSET-017: 人物プロンプトあり but CHAR参照タグなし ([CHAR-XX reference | 初出/再利用] / [New character] / [Generic group])
  ⚠️  ASSET-018: 人物プロンプトあり but CHAR参照タグなし ([CHAR-XX reference | 初出/再利用] / [New character] / [Generic group])
  ⚠️  ASSET-021: 人物プロンプトあり but CHAR参照タグなし ([CHAR-XX reference | 初出/再利用] / [New character] / [Generic group])
  ⚠️  ASSET-024: 人物プロンプトあり but CHAR参照タグなし ([CHAR-XX reference | 初出/再利用] / [New character] / [Generic group])
  ⚠️  ASSET-026: 人物プロンプトあり but CHAR参照タグなし ([CHAR-XX reference | 初出/再利用] / [New character] / [Generic group])
  ⚠️  ASSET-031: 人物プロンプトあり but CHAR参照タグなし ([CHAR-XX reference | 初出/再利用] / [New character] / [Generic group])
  ⚠️  ASSET-039: 人物プロンプトあり but CHAR参照タグなし ([CHAR-XX reference | 初出/再利用] / [New character] / [Generic group])
  ⚠️  ASSET-042: 人物プロンプトあり but CHAR参照タグなし ([CHAR-XX reference | 初出/再利用] / [New character] / [Generic group])
  ⚠️  ASSET-045: 人物プロンプトあり but CHAR参照タグなし ([CHAR-XX reference | 初出/再利用] / [New character] / [Generic group])
  ⚠️  ASSET-048: 人物プロンプトあり but CHAR参照タグなし ([CHAR-XX reference | 初出/再利用] / [New character] / [Generic group])
  ⚠️  ASSET-049: 人物プロンプトあり but CHAR参照タグなし ([CHAR-XX reference | 初出/再利用] / [New character] / [Generic group])
  ⚠️  ASSET-051: 人物プロンプトあり but CHAR参照タグなし ([CHAR-XX reference | 初出/再利用] / [New character] / [Generic group])
  ⚠️  ASSET-053: 人物プロンプトあり but CHAR参照タグなし ([CHAR-XX reference | 初出/再利用] / [New character] / [Generic group])
  ⚠️  ASSET-056: 人物プロンプトあり but CHAR参照タグなし ([CHAR-XX reference | 初出/再利用] / [New character] / [Generic group])
  ⚠️  ASSET-059: 人物プロンプトあり but CHAR参照タグなし ([CHAR-XX reference | 初出/再利用] / [New character] / [Generic group])
  ⚠️  ASSET-063: 人物プロンプトあり but CHAR参照タグなし ([CHAR-XX reference | 初出/再利用] / [New character] / [Generic group])
  ⚠️  ASSET-064: 人物プロンプトあり but CHAR参照タグなし ([CHAR-XX reference | 初出/再利用] / [New character] / [Generic group])
  ⚠️  ASSET-066: 人物プロンプトあり but CHAR参照タグなし ([CHAR-XX reference | 初出/再利用] / [New character] / [Generic group])
  ⚠️  ASSET-069: 人物プロンプトあり but CHAR参照タグなし ([CHAR-XX reference | 初出/再利用] / [New character] / [Generic group])
  ⚠️  ASSET-071: 人物プロンプトあり but CHAR参照タグなし ([CHAR-XX reference | 初出/再利用] / [New character] / [Generic group])
  ⚠️  ASSET-076: 人物プロンプトあり but CHAR参照タグなし ([CHAR-XX reference | 初出/再利用] / [New character] / [Generic group])
  ⚠️  ASSET-083: 人物プロンプトあり but CHAR参照タグなし ([CHAR-XX reference | 初出/再利用] / [New character] / [Generic group])
  ⚠️  ASSET-084: 人物プロンプトあり but CHAR参照タグなし ([CHAR-XX reference | 初出/再利用] / [New character] / [Generic group])
  ⚠️  ASSET-086: 人物プロンプトあり but CHAR参照タグなし ([CHAR-XX reference | 初出/再利用] / [New character] / [Generic group])
  ⚠️  ASSET-087: 人物プロンプトあり but CHAR参照タグなし ([CHAR-XX reference | 初出/再利用] / [New character] / [Generic group])
  ⚠️  ASSET-089: 人物プロンプトあり but CHAR参照タグなし ([CHAR-XX reference | 初出/再利用] / [New character] / [Generic group])
  ⚠️  ASSET-092: 人物プロンプトあり but CHAR参照タグなし ([CHAR-XX reference | 初出/再利用] / [New character] / [Generic group])
  ⚠️  ASSET-093: 人物プロンプトあり but CHAR参照タグなし ([CHAR-XX reference | 初出/再利用] / [New character] / [Generic group])
  ⚠️  ASSET-095: 人物プロンプトあり but CHAR参照タグなし ([CHAR-XX reference | 初出/再利用] / [New character] / [Generic group])
  ⚠️  ASSET-098: 人物プロンプトあり but CHAR参照タグなし ([CHAR-XX reference | 初出/再利用] / [New character] / [Generic group])
  ⚠️  ASSET-100: 人物プロンプトあり but CHAR参照タグなし ([CHAR-XX reference | 初出/再利用] / [New character] / [Generic group])
  ⚠️  ASSET-103: 人物プロンプトあり but CHAR参照タグなし ([CHAR-XX reference | 初出/再利用] / [New character] / [Generic group])
  ⚠️  ASSET-106: 人物プロンプトあり but CHAR参照タグなし ([CHAR-XX reference | 初出/再利用] / [New character] / [Generic group])
  ⚠️  ASSET-114: 人物プロンプトあり but CHAR参照タグなし ([CHAR-XX reference | 初出/再利用] / [New character] / [Generic group])
  ⚠️  ASSET-119: 人物プロンプトあり but CHAR参照タグなし ([CHAR-XX reference | 初出/再利用] / [New character] / [Generic group])
  ⚠️  ASSET-120: 人物プロンプトあり but CHAR参照タグなし ([CHAR-XX reference | 初出/再利用] / [New character] / [Generic group])
  ⚠️  ASSET-125: 人物プロンプトあり but CHAR参照タグなし ([CHAR-XX reference | 初出/再利用] / [New character] / [Generic group])
  ⚠️  ASSET-127: 人物プロンプトあり but CHAR参照タグなし ([CHAR-XX reference | 初出/再利用] / [New character] / [Generic group])
  ⚠️  ASSET-129: 人物プロンプトあり but CHAR参照タグなし ([CHAR-XX reference | 初出/再利用] / [New character] / [Generic group])
  ⚠️  ASSET-132: 人物プロンプトあり but CHAR参照タグなし ([CHAR-XX reference | 初出/再利用] / [New character] / [Generic group])
  ⚠️  ASSET-134: 人物プロンプトあり but CHAR参照タグなし ([CHAR-XX reference | 初出/再利用] / [New character] / [Generic group])
  ⚠️  ASSET-140: 人物プロンプトあり but CHAR参照タグなし ([CHAR-XX reference | 初出/再利用] / [New character] / [Generic group])
  ⚠️  ASSET-141: 人物プロンプトあり but CHAR参照タグなし ([CHAR-XX reference | 初出/再利用] / [New character] / [Generic group])
  ⚠️  ASSET-142: 人物プロンプトあり but CHAR参照タグなし ([CHAR-XX reference | 初出/再利用] / [New character] / [Generic group])
  ⚠️  ASSET-144: 人物プロンプトあり but CHAR参照タグなし ([CHAR-XX reference | 初出/再利用] / [New character] / [Generic group])
  ⚠️  ASSET-145: 人物プロンプトあり but CHAR参照タグなし ([CHAR-XX reference | 初出/再利用] / [New character] / [Generic group])
  ⚠️  ASSET-146: 人物プロンプトあり but CHAR参照タグなし ([CHAR-XX reference | 初出/再利用] / [New character] / [Generic group])
  ⚠️  ASSET-148: 人物プロンプトあり but CHAR参照タグなし ([CHAR-XX reference | 初出/再利用] / [New character] / [Generic group])
  ⚠️  ASSET-149: 人物プロンプトあり but CHAR参照タグなし ([CHAR-XX reference | 初出/再利用] / [New character] / [Generic group])
  ⚠️  ASSET-155: 人物プロンプトあり but CHAR参照タグなし ([CHAR-XX reference | 初出/再利用] / [New character] / [Generic group])
  ⚠️  ASSET-157: 人物プロンプトあり but CHAR参照タグなし ([CHAR-XX reference | 初出/再利用] / [New character] / [Generic group])
  ⚠️  ASSET-160: 人物プロンプトあり but CHAR参照タグなし ([CHAR-XX reference | 初出/再利用] / [New character] / [Generic group])
  ⚠️  ASSET-169: 人物プロンプトあり but CHAR参照タグなし ([CHAR-XX reference | 初出/再利用] / [New character] / [Generic group])
  ⚠️  ASSET-171: 人物プロンプトあり but CHAR参照タグなし ([CHAR-XX reference | 初出/再利用] / [New character] / [Generic group])
  ⚠️  ASSET-174: 人物プロンプトあり but CHAR参照タグなし ([CHAR-XX reference | 初出/再利用] / [New character] / [Generic group])

--- [Asset Completeness]: Checking Gansu_Asset_Prompts.md ---
    Parsed: 65 ASSETs

--- 部門別結果 ---
  ❌ 1_完全性: FAIL
  ❌ 2_ナレ必須: FAIL
  ⚠️ 3_CHAR参照: WARNING
  ❌ 4_禁止要素: FAIL
  ⚠️ 6_総合比率: WARNING

[FAILED]: 4 errors, 33 warnings
  ❌ カテゴリタグなし: ASSET-012, ASSET-019
  ❌ Lovart系ASSETにプロンプトなし: ASSET-010, ASSET-021, ASSET-023, ASSET-032
  ❌ ナレーションなしASSET（禁止）: ASSET-001, ASSET-002, ASSET-003, ASSET-004, ASSET-005, ASSET-006, ASSET-006, ASSET-007, ASSET-008, ASSET-008 他54件
  ❌ ASSET-012: フリー素材は廃止（2026/2〜）
  ⚠️  ASSET-004: 人物プロンプトあり but CHAR参照タグなし ([CHAR-XX reference | 初出/再利用] / [New character] / [Generic group])
  ⚠️  ASSET-006: 人物プロンプトあり but CHAR参照タグなし ([CHAR-XX reference | 初出/再利用] / [New character] / [Generic group])
  ⚠️  ASSET-006: 人物プロンプトあり but CHAR参照タグなし ([CHAR-XX reference | 初出/再利用] / [New character] / [Generic group])
  ⚠️  ASSET-008: 人物プロンプトあり but CHAR参照タグなし ([CHAR-XX reference | 初出/再利用] / [New character] / [Generic group])
  ⚠️  ASSET-008: 人物プロンプトあり but CHAR参照タグなし ([CHAR-XX reference | 初出/再利用] / [New character] / [Generic group])
  ⚠️  ASSET-009: 人物プロンプトあり but CHAR参照タグなし ([CHAR-XX reference | 初出/再利用] / [New character] / [Generic group])
  ⚠️  ASSET-010: 人物プロンプトあり but CHAR参照タグなし ([CHAR-XX reference | 初出/再利用] / [New character] / [Generic group])
  ⚠️  ASSET-011: 人物プロンプトあり but CHAR参照タグなし ([CHAR-XX reference | 初出/再利用] / [New character] / [Generic group])
  ⚠️  ASSET-014: 人物プロンプトあり but CHAR参照タグなし ([CHAR-XX reference | 初出/再利用] / [New character] / [Generic group])
  ⚠️  ASSET-022: 人物プロンプトあり but CHAR参照タグなし ([CHAR-XX reference | 初出/再利用] / [New character] / [Generic group])
  ⚠️  ASSET-023: 人物プロンプトあり but CHAR参照タグなし ([CHAR-XX reference | 初出/再利用] / [New character] / [Generic group])
  ⚠️  ASSET-024: 人物プロンプトあり but CHAR参照タグなし ([CHAR-XX reference | 初出/再利用] / [New character] / [Generic group])
  ⚠️  ASSET-025: 人物プロンプトあり but CHAR参照タグなし ([CHAR-XX reference | 初出/再利用] / [New character] / [Generic group])
  ⚠️  ASSET-026: 人物プロンプトあり but CHAR参照タグなし ([CHAR-XX reference | 初出/再利用] / [New character] / [Generic group])
  ⚠️  ASSET-026: 人物プロンプトあり but CHAR参照タグなし ([CHAR-XX reference | 初出/再利用] / [New character] / [Generic group])
  ⚠️  ASSET-027: 人物プロンプトあり but CHAR参照タグなし ([CHAR-XX reference | 初出/再利用] / [New character] / [Generic group])
  ⚠️  ASSET-030: 人物プロンプトあり but CHAR参照タグなし ([CHAR-XX reference | 初出/再利用] / [New character] / [Generic group])
  ⚠️  ASSET-032: 人物プロンプトあり but CHAR参照タグなし ([CHAR-XX reference | 初出/再利用] / [New character] / [Generic group])
  ⚠️  ASSET-036: 人物プロンプトあり but CHAR参照タグなし ([CHAR-XX reference | 初出/再利用] / [New character] / [Generic group])
  ⚠️  ASSET-036: 人物プロンプトあり but CHAR参照タグなし ([CHAR-XX reference | 初出/再利用] / [New character] / [Generic group])
  ⚠️  ASSET-037: 人物プロンプトあり but CHAR参照タグなし ([CHAR-XX reference | 初出/再利用] / [New character] / [Generic group])
  ⚠️  ASSET-038: 人物プロンプトあり but CHAR参照タグなし ([CHAR-XX reference | 初出/再利用] / [New character] / [Generic group])
  ⚠️  ASSET-039: 人物プロンプトあり but CHAR参照タグなし ([CHAR-XX reference | 初出/再利用] / [New character] / [Generic group])
  ⚠️  ASSET-041: 人物プロンプトあり but CHAR参照タグなし ([CHAR-XX reference | 初出/再利用] / [New character] / [Generic group])
  ⚠️  ASSET-042: 人物プロンプトあり but CHAR参照タグなし ([CHAR-XX reference | 初出/再利用] / [New character] / [Generic group])
  ⚠️  ASSET-042: 人物プロンプトあり but CHAR参照タグなし ([CHAR-XX reference | 初出/再利用] / [New character] / [Generic group])
  ⚠️  ASSET-043: 人物プロンプトあり but CHAR参照タグなし ([CHAR-XX reference | 初出/再利用] / [New character] / [Generic group])
  ⚠️  ASSET-044: 人物プロンプトあり but CHAR参照タグなし ([CHAR-XX reference | 初出/再利用] / [New character] / [Generic group])
  ⚠️  ASSET-044: 人物プロンプトあり but CHAR参照タグなし ([CHAR-XX reference | 初出/再利用] / [New character] / [Generic group])
  ⚠️  ASSET-044: 人物プロンプトあり but CHAR参照タグなし ([CHAR-XX reference | 初出/再利用] / [New character] / [Generic group])
  ⚠️  ASSET-045: 人物プロンプトあり but CHAR参照タグなし ([CHAR-XX reference | 初出/再利用] / [New character] / [Generic group])
  ⚠️  ASSET-047: 人物プロンプトあり but CHAR参照タグなし ([CHAR-XX reference | 初出/再利用] / [New character] / [Generic group])
  ⚠️  動画/アニメ比率: 32/65 = 49.2% （基準: 50%以上）→ ⚠️ WARNING

--- [Asset Completeness]: Checking Gansu_Asset_Prompts.md ---
    Parsed: 65 ASSETs

--- 部門別結果 ---
  ❌ 1_完全性: FAIL
  ❌ 2_ナレ必須: FAIL
  ⚠️ 3_CHAR参照: WARNING
  ✅ 4_禁止要素: PASS
  ⚠️ 6_総合比率: WARNING

[FAILED]: 3 errors, 34 warnings
  ❌ カテゴリタグなし: ASSET-019
  ❌ Lovart系ASSETにプロンプトなし: ASSET-010, ASSET-021, ASSET-023, ASSET-032
  ❌ ナレーションなしASSET（禁止）: ASSET-001, ASSET-002, ASSET-003, ASSET-004, ASSET-005, ASSET-006, ASSET-006, ASSET-007, ASSET-008, ASSET-008 他54件
  ⚠️  ASSET-004: 人物プロンプトあり but CHAR参照タグなし ([CHAR-XX reference | 初出/再利用] / [New character] / [Generic group])
  ⚠️  ASSET-006: 人物プロンプトあり but CHAR参照タグなし ([CHAR-XX reference | 初出/再利用] / [New character] / [Generic group])
  ⚠️  ASSET-006: 人物プロンプトあり but CHAR参照タグなし ([CHAR-XX reference | 初出/再利用] / [New character] / [Generic group])
  ⚠️  ASSET-008: 人物プロンプトあり but CHAR参照タグなし ([CHAR-XX reference | 初出/再利用] / [New character] / [Generic group])
  ⚠️  ASSET-008: 人物プロンプトあり but CHAR参照タグなし ([CHAR-XX reference | 初出/再利用] / [New character] / [Generic group])
  ⚠️  ASSET-009: 人物プロンプトあり but CHAR参照タグなし ([CHAR-XX reference | 初出/再利用] / [New character] / [Generic group])
  ⚠️  ASSET-010: 人物プロンプトあり but CHAR参照タグなし ([CHAR-XX reference | 初出/再利用] / [New character] / [Generic group])
  ⚠️  ASSET-011: 人物プロンプトあり but CHAR参照タグなし ([CHAR-XX reference | 初出/再利用] / [New character] / [Generic group])
  ⚠️  ASSET-012: 人物プロンプトあり but CHAR参照タグなし ([CHAR-XX reference | 初出/再利用] / [New character] / [Generic group])
  ⚠️  ASSET-014: 人物プロンプトあり but CHAR参照タグなし ([CHAR-XX reference | 初出/再利用] / [New character] / [Generic group])
  ⚠️  ASSET-022: 人物プロンプトあり but CHAR参照タグなし ([CHAR-XX reference | 初出/再利用] / [New character] / [Generic group])
  ⚠️  ASSET-023: 人物プロンプトあり but CHAR参照タグなし ([CHAR-XX reference | 初出/再利用] / [New character] / [Generic group])
  ⚠️  ASSET-024: 人物プロンプトあり but CHAR参照タグなし ([CHAR-XX reference | 初出/再利用] / [New character] / [Generic group])
  ⚠️  ASSET-025: 人物プロンプトあり but CHAR参照タグなし ([CHAR-XX reference | 初出/再利用] / [New character] / [Generic group])
  ⚠️  ASSET-026: 人物プロンプトあり but CHAR参照タグなし ([CHAR-XX reference | 初出/再利用] / [New character] / [Generic group])
  ⚠️  ASSET-026: 人物プロンプトあり but CHAR参照タグなし ([CHAR-XX reference | 初出/再利用] / [New character] / [Generic group])
  ⚠️  ASSET-027: 人物プロンプトあり but CHAR参照タグなし ([CHAR-XX reference | 初出/再利用] / [New character] / [Generic group])
  ⚠️  ASSET-030: 人物プロンプトあり but CHAR参照タグなし ([CHAR-XX reference | 初出/再利用] / [New character] / [Generic group])
  ⚠️  ASSET-032: 人物プロンプトあり but CHAR参照タグなし ([CHAR-XX reference | 初出/再利用] / [New character] / [Generic group])
  ⚠️  ASSET-036: 人物プロンプトあり but CHAR参照タグなし ([CHAR-XX reference | 初出/再利用] / [New character] / [Generic group])
  ⚠️  ASSET-036: 人物プロンプトあり but CHAR参照タグなし ([CHAR-XX reference | 初出/再利用] / [New character] / [Generic group])
  ⚠️  ASSET-037: 人物プロンプトあり but CHAR参照タグなし ([CHAR-XX reference | 初出/再利用] / [New character] / [Generic group])
  ⚠️  ASSET-038: 人物プロンプトあり but CHAR参照タグなし ([CHAR-XX reference | 初出/再利用] / [New character] / [Generic group])
  ⚠️  ASSET-039: 人物プロンプトあり but CHAR参照タグなし ([CHAR-XX reference | 初出/再利用] / [New character] / [Generic group])
  ⚠️  ASSET-041: 人物プロンプトあり but CHAR参照タグなし ([CHAR-XX reference | 初出/再利用] / [New character] / [Generic group])
  ⚠️  ASSET-042: 人物プロンプトあり but CHAR参照タグなし ([CHAR-XX reference | 初出/再利用] / [New character] / [Generic group])
  ⚠️  ASSET-042: 人物プロンプトあり but CHAR参照タグなし ([CHAR-XX reference | 初出/再利用] / [New character] / [Generic group])
  ⚠️  ASSET-043: 人物プロンプトあり but CHAR参照タグなし ([CHAR-XX reference | 初出/再利用] / [New character] / [Generic group])
  ⚠️  ASSET-044: 人物プロンプトあり but CHAR参照タグなし ([CHAR-XX reference | 初出/再利用] / [New character] / [Generic group])
  ⚠️  ASSET-044: 人物プロンプトあり but CHAR参照タグなし ([CHAR-XX reference | 初出/再利用] / [New character] / [Generic group])
  ⚠️  ASSET-044: 人物プロンプトあり but CHAR参照タグなし ([CHAR-XX reference | 初出/再利用] / [New character] / [Generic group])
  ⚠️  ASSET-045: 人物プロンプトあり but CHAR参照タグなし ([CHAR-XX reference | 初出/再利用] / [New character] / [Generic group])
  ⚠️  ASSET-047: 人物プロンプトあり but CHAR参照タグなし ([CHAR-XX reference | 初出/再利用] / [New character] / [Generic group])
  ⚠️  動画/アニメ比率: 32/65 = 49.2% （基準: 50%以上）→ ⚠️ WARNING

--- [Asset Completeness]: Checking Gansu_Asset_Prompts.md ---
    Parsed: 65 ASSETs

--- 部門別結果 ---
  ❌ 1_完全性: FAIL
  ❌ 2_ナレ必須: FAIL
  ⚠️ 3_CHAR参照: WARNING
  ✅ 4_禁止要素: PASS
  ⚠️ 6_総合比率: WARNING

[FAILED]: 2 errors, 34 warnings
  ❌ Lovart系ASSETにプロンプトなし: ASSET-010, ASSET-021, ASSET-023, ASSET-032
  ❌ ナレーションなしASSET（禁止）: ASSET-001, ASSET-002, ASSET-003, ASSET-004, ASSET-005, ASSET-006, ASSET-006, ASSET-007, ASSET-008, ASSET-008 他54件
  ⚠️  ASSET-004: 人物プロンプトあり but CHAR参照タグなし ([CHAR-XX reference | 初出/再利用] / [New character] / [Generic group])
  ⚠️  ASSET-006: 人物プロンプトあり but CHAR参照タグなし ([CHAR-XX reference | 初出/再利用] / [New character] / [Generic group])
  ⚠️  ASSET-006: 人物プロンプトあり but CHAR参照タグなし ([CHAR-XX reference | 初出/再利用] / [New character] / [Generic group])
  ⚠️  ASSET-008: 人物プロンプトあり but CHAR参照タグなし ([CHAR-XX reference | 初出/再利用] / [New character] / [Generic group])
  ⚠️  ASSET-008: 人物プロンプトあり but CHAR参照タグなし ([CHAR-XX reference | 初出/再利用] / [New character] / [Generic group])
  ⚠️  ASSET-009: 人物プロンプトあり but CHAR参照タグなし ([CHAR-XX reference | 初出/再利用] / [New character] / [Generic group])
  ⚠️  ASSET-010: 人物プロンプトあり but CHAR参照タグなし ([CHAR-XX reference | 初出/再利用] / [New character] / [Generic group])
  ⚠️  ASSET-011: 人物プロンプトあり but CHAR参照タグなし ([CHAR-XX reference | 初出/再利用] / [New character] / [Generic group])
  ⚠️  ASSET-012: 人物プロンプトあり but CHAR参照タグなし ([CHAR-XX reference | 初出/再利用] / [New character] / [Generic group])
  ⚠️  ASSET-014: 人物プロンプトあり but CHAR参照タグなし ([CHAR-XX reference | 初出/再利用] / [New character] / [Generic group])
  ⚠️  ASSET-022: 人物プロンプトあり but CHAR参照タグなし ([CHAR-XX reference | 初出/再利用] / [New character] / [Generic group])
  ⚠️  ASSET-023: 人物プロンプトあり but CHAR参照タグなし ([CHAR-XX reference | 初出/再利用] / [New character] / [Generic group])
  ⚠️  ASSET-024: 人物プロンプトあり but CHAR参照タグなし ([CHAR-XX reference | 初出/再利用] / [New character] / [Generic group])
  ⚠️  ASSET-025: 人物プロンプトあり but CHAR参照タグなし ([CHAR-XX reference | 初出/再利用] / [New character] / [Generic group])
  ⚠️  ASSET-026: 人物プロンプトあり but CHAR参照タグなし ([CHAR-XX reference | 初出/再利用] / [New character] / [Generic group])
  ⚠️  ASSET-026: 人物プロンプトあり but CHAR参照タグなし ([CHAR-XX reference | 初出/再利用] / [New character] / [Generic group])
  ⚠️  ASSET-027: 人物プロンプトあり but CHAR参照タグなし ([CHAR-XX reference | 初出/再利用] / [New character] / [Generic group])
  ⚠️  ASSET-030: 人物プロンプトあり but CHAR参照タグなし ([CHAR-XX reference | 初出/再利用] / [New character] / [Generic group])
  ⚠️  ASSET-032: 人物プロンプトあり but CHAR参照タグなし ([CHAR-XX reference | 初出/再利用] / [New character] / [Generic group])
  ⚠️  ASSET-036: 人物プロンプトあり but CHAR参照タグなし ([CHAR-XX reference | 初出/再利用] / [New character] / [Generic group])
  ⚠️  ASSET-036: 人物プロンプトあり but CHAR参照タグなし ([CHAR-XX reference | 初出/再利用] / [New character] / [Generic group])
  ⚠️  ASSET-037: 人物プロンプトあり but CHAR参照タグなし ([CHAR-XX reference | 初出/再利用] / [New character] / [Generic group])
  ⚠️  ASSET-038: 人物プロンプトあり but CHAR参照タグなし ([CHAR-XX reference | 初出/再利用] / [New character] / [Generic group])
  ⚠️  ASSET-039: 人物プロンプトあり but CHAR参照タグなし ([CHAR-XX reference | 初出/再利用] / [New character] / [Generic group])
  ⚠️  ASSET-041: 人物プロンプトあり but CHAR参照タグなし ([CHAR-XX reference | 初出/再利用] / [New character] / [Generic group])
  ⚠️  ASSET-042: 人物プロンプトあり but CHAR参照タグなし ([CHAR-XX reference | 初出/再利用] / [New character] / [Generic group])
  ⚠️  ASSET-042: 人物プロンプトあり but CHAR参照タグなし ([CHAR-XX reference | 初出/再利用] / [New character] / [Generic group])
  ⚠️  ASSET-043: 人物プロンプトあり but CHAR参照タグなし ([CHAR-XX reference | 初出/再利用] / [New character] / [Generic group])
  ⚠️  ASSET-044: 人物プロンプトあり but CHAR参照タグなし ([CHAR-XX reference | 初出/再利用] / [New character] / [Generic group])
  ⚠️  ASSET-044: 人物プロンプトあり but CHAR参照タグなし ([CHAR-XX reference | 初出/再利用] / [New character] / [Generic group])
  ⚠️  ASSET-044: 人物プロンプトあり but CHAR参照タグなし ([CHAR-XX reference | 初出/再利用] / [New character] / [Generic group])
  ⚠️  ASSET-045: 人物プロンプトあり but CHAR参照タグなし ([CHAR-XX reference | 初出/再利用] / [New character] / [Generic group])
  ⚠️  ASSET-047: 人物プロンプトあり but CHAR参照タグなし ([CHAR-XX reference | 初出/再利用] / [New character] / [Generic group])
  ⚠️  動画/アニメ比率: 32/65 = 49.2% （基準: 50%以上）→ ⚠️ WARNING

--- [Asset Completeness]: Checking Gansu_Asset_Prompts.md ---
    Parsed: 65 ASSETs

--- 部門別結果 ---
  ❌ 1_完全性: FAIL
  ❌ 2_ナレ必須: FAIL
  ⚠️ 3_CHAR参照: WARNING
  ✅ 4_禁止要素: PASS
  ⚠️ 6_総合比率: WARNING

[FAILED]: 2 errors, 34 warnings
  ❌ Lovart系ASSETにプロンプトなし: ASSET-021, ASSET-023, ASSET-032
  ❌ ナレーションなしASSET（禁止）: ASSET-001, ASSET-002, ASSET-003, ASSET-004, ASSET-005, ASSET-006, ASSET-006, ASSET-007, ASSET-008, ASSET-008 他54件
  ⚠️  ASSET-004: 人物プロンプトあり but CHAR参照タグなし ([CHAR-XX reference | 初出/再利用] / [New character] / [Generic group])
  ⚠️  ASSET-006: 人物プロンプトあり but CHAR参照タグなし ([CHAR-XX reference | 初出/再利用] / [New character] / [Generic group])
  ⚠️  ASSET-006: 人物プロンプトあり but CHAR参照タグなし ([CHAR-XX reference | 初出/再利用] / [New character] / [Generic group])
  ⚠️  ASSET-008: 人物プロンプトあり but CHAR参照タグなし ([CHAR-XX reference | 初出/再利用] / [New character] / [Generic group])
  ⚠️  ASSET-008: 人物プロンプトあり but CHAR参照タグなし ([CHAR-XX reference | 初出/再利用] / [New character] / [Generic group])
  ⚠️  ASSET-009: 人物プロンプトあり but CHAR参照タグなし ([CHAR-XX reference | 初出/再利用] / [New character] / [Generic group])
  ⚠️  ASSET-010: 人物プロンプトあり but CHAR参照タグなし ([CHAR-XX reference | 初出/再利用] / [New character] / [Generic group])
  ⚠️  ASSET-011: 人物プロンプトあり but CHAR参照タグなし ([CHAR-XX reference | 初出/再利用] / [New character] / [Generic group])
  ⚠️  ASSET-012: 人物プロンプトあり but CHAR参照タグなし ([CHAR-XX reference | 初出/再利用] / [New character] / [Generic group])
  ⚠️  ASSET-014: 人物プロンプトあり but CHAR参照タグなし ([CHAR-XX reference | 初出/再利用] / [New character] / [Generic group])
  ⚠️  ASSET-022: 人物プロンプトあり but CHAR参照タグなし ([CHAR-XX reference | 初出/再利用] / [New character] / [Generic group])
  ⚠️  ASSET-023: 人物プロンプトあり but CHAR参照タグなし ([CHAR-XX reference | 初出/再利用] / [New character] / [Generic group])
  ⚠️  ASSET-024: 人物プロンプトあり but CHAR参照タグなし ([CHAR-XX reference | 初出/再利用] / [New character] / [Generic group])
  ⚠️  ASSET-025: 人物プロンプトあり but CHAR参照タグなし ([CHAR-XX reference | 初出/再利用] / [New character] / [Generic group])
  ⚠️  ASSET-026: 人物プロンプトあり but CHAR参照タグなし ([CHAR-XX reference | 初出/再利用] / [New character] / [Generic group])
  ⚠️  ASSET-026: 人物プロンプトあり but CHAR参照タグなし ([CHAR-XX reference | 初出/再利用] / [New character] / [Generic group])
  ⚠️  ASSET-027: 人物プロンプトあり but CHAR参照タグなし ([CHAR-XX reference | 初出/再利用] / [New character] / [Generic group])
  ⚠️  ASSET-030: 人物プロンプトあり but CHAR参照タグなし ([CHAR-XX reference | 初出/再利用] / [New character] / [Generic group])
  ⚠️  ASSET-032: 人物プロンプトあり but CHAR参照タグなし ([CHAR-XX reference | 初出/再利用] / [New character] / [Generic group])
  ⚠️  ASSET-036: 人物プロンプトあり but CHAR参照タグなし ([CHAR-XX reference | 初出/再利用] / [New character] / [Generic group])
  ⚠️  ASSET-036: 人物プロンプトあり but CHAR参照タグなし ([CHAR-XX reference | 初出/再利用] / [New character] / [Generic group])
  ⚠️  ASSET-037: 人物プロンプトあり but CHAR参照タグなし ([CHAR-XX reference | 初出/再利用] / [New character] / [Generic group])
  ⚠️  ASSET-038: 人物プロンプトあり but CHAR参照タグなし ([CHAR-XX reference | 初出/再利用] / [New character] / [Generic group])
  ⚠️  ASSET-039: 人物プロンプトあり but CHAR参照タグなし ([CHAR-XX reference | 初出/再利用] / [New character] / [Generic group])
  ⚠️  ASSET-041: 人物プロンプトあり but CHAR参照タグなし ([CHAR-XX reference | 初出/再利用] / [New character] / [Generic group])
  ⚠️  ASSET-042: 人物プロンプトあり but CHAR参照タグなし ([CHAR-XX reference | 初出/再利用] / [New character] / [Generic group])
  ⚠️  ASSET-042: 人物プロンプトあり but CHAR参照タグなし ([CHAR-XX reference | 初出/再利用] / [New character] / [Generic group])
  ⚠️  ASSET-043: 人物プロンプトあり but CHAR参照タグなし ([CHAR-XX reference | 初出/再利用] / [New character] / [Generic group])
  ⚠️  ASSET-044: 人物プロンプトあり but CHAR参照タグなし ([CHAR-XX reference | 初出/再利用] / [New character] / [Generic group])
  ⚠️  ASSET-044: 人物プロンプトあり but CHAR参照タグなし ([CHAR-XX reference | 初出/再利用] / [New character] / [Generic group])
  ⚠️  ASSET-044: 人物プロンプトあり but CHAR参照タグなし ([CHAR-XX reference | 初出/再利用] / [New character] / [Generic group])
  ⚠️  ASSET-045: 人物プロンプトあり but CHAR参照タグなし ([CHAR-XX reference | 初出/再利用] / [New character] / [Generic group])
  ⚠️  ASSET-047: 人物プロンプトあり but CHAR参照タグなし ([CHAR-XX reference | 初出/再利用] / [New character] / [Generic group])
  ⚠️  動画/アニメ比率: 32/65 = 49.2% （基準: 50%以上）→ ⚠️ WARNING

--- [Asset Completeness]: Checking Gansu_Asset_Prompts.md ---
    Parsed: 65 ASSETs

--- 部門別結果 ---
  ❌ 1_完全性: FAIL
  ❌ 2_ナレ必須: FAIL
  ⚠️ 3_CHAR参照: WARNING
  ✅ 4_禁止要素: PASS
  ⚠️ 6_総合比率: WARNING

[FAILED]: 2 errors, 35 warnings
  ❌ Lovart系ASSETにプロンプトなし: ASSET-023, ASSET-032
  ❌ ナレーションなしASSET（禁止）: ASSET-001, ASSET-002, ASSET-003, ASSET-004, ASSET-005, ASSET-006, ASSET-006, ASSET-007, ASSET-008, ASSET-008 他54件
  ⚠️  ASSET-004: 人物プロンプトあり but CHAR参照タグなし ([CHAR-XX reference | 初出/再利用] / [New character] / [Generic group])
  ⚠️  ASSET-006: 人物プロンプトあり but CHAR参照タグなし ([CHAR-XX reference | 初出/再利用] / [New character] / [Generic group])
  ⚠️  ASSET-006: 人物プロンプトあり but CHAR参照タグなし ([CHAR-XX reference | 初出/再利用] / [New character] / [Generic group])
  ⚠️  ASSET-008: 人物プロンプトあり but CHAR参照タグなし ([CHAR-XX reference | 初出/再利用] / [New character] / [Generic group])
  ⚠️  ASSET-008: 人物プロンプトあり but CHAR参照タグなし ([CHAR-XX reference | 初出/再利用] / [New character] / [Generic group])
  ⚠️  ASSET-009: 人物プロンプトあり but CHAR参照タグなし ([CHAR-XX reference | 初出/再利用] / [New character] / [Generic group])
  ⚠️  ASSET-010: 人物プロンプトあり but CHAR参照タグなし ([CHAR-XX reference | 初出/再利用] / [New character] / [Generic group])
  ⚠️  ASSET-011: 人物プロンプトあり but CHAR参照タグなし ([CHAR-XX reference | 初出/再利用] / [New character] / [Generic group])
  ⚠️  ASSET-012: 人物プロンプトあり but CHAR参照タグなし ([CHAR-XX reference | 初出/再利用] / [New character] / [Generic group])
  ⚠️  ASSET-014: 人物プロンプトあり but CHAR参照タグなし ([CHAR-XX reference | 初出/再利用] / [New character] / [Generic group])
  ⚠️  ASSET-021: 人物プロンプトあり but CHAR参照タグなし ([CHAR-XX reference | 初出/再利用] / [New character] / [Generic group])
  ⚠️  ASSET-022: 人物プロンプトあり but CHAR参照タグなし ([CHAR-XX reference | 初出/再利用] / [New character] / [Generic group])
  ⚠️  ASSET-023: 人物プロンプトあり but CHAR参照タグなし ([CHAR-XX reference | 初出/再利用] / [New character] / [Generic group])
  ⚠️  ASSET-024: 人物プロンプトあり but CHAR参照タグなし ([CHAR-XX reference | 初出/再利用] / [New character] / [Generic group])
  ⚠️  ASSET-025: 人物プロンプトあり but CHAR参照タグなし ([CHAR-XX reference | 初出/再利用] / [New character] / [Generic group])
  ⚠️  ASSET-026: 人物プロンプトあり but CHAR参照タグなし ([CHAR-XX reference | 初出/再利用] / [New character] / [Generic group])
  ⚠️  ASSET-026: 人物プロンプトあり but CHAR参照タグなし ([CHAR-XX reference | 初出/再利用] / [New character] / [Generic group])
  ⚠️  ASSET-027: 人物プロンプトあり but CHAR参照タグなし ([CHAR-XX reference | 初出/再利用] / [New character] / [Generic group])
  ⚠️  ASSET-030: 人物プロンプトあり but CHAR参照タグなし ([CHAR-XX reference | 初出/再利用] / [New character] / [Generic group])
  ⚠️  ASSET-032: 人物プロンプトあり but CHAR参照タグなし ([CHAR-XX reference | 初出/再利用] / [New character] / [Generic group])
  ⚠️  ASSET-036: 人物プロンプトあり but CHAR参照タグなし ([CHAR-XX reference | 初出/再利用] / [New character] / [Generic group])
  ⚠️  ASSET-036: 人物プロンプトあり but CHAR参照タグなし ([CHAR-XX reference | 初出/再利用] / [New character] / [Generic group])
  ⚠️  ASSET-037: 人物プロンプトあり but CHAR参照タグなし ([CHAR-XX reference | 初出/再利用] / [New character] / [Generic group])
  ⚠️  ASSET-038: 人物プロンプトあり but CHAR参照タグなし ([CHAR-XX reference | 初出/再利用] / [New character] / [Generic group])
  ⚠️  ASSET-039: 人物プロンプトあり but CHAR参照タグなし ([CHAR-XX reference | 初出/再利用] / [New character] / [Generic group])
  ⚠️  ASSET-041: 人物プロンプトあり but CHAR参照タグなし ([CHAR-XX reference | 初出/再利用] / [New character] / [Generic group])
  ⚠️  ASSET-042: 人物プロンプトあり but CHAR参照タグなし ([CHAR-XX reference | 初出/再利用] / [New character] / [Generic group])
  ⚠️  ASSET-042: 人物プロンプトあり but CHAR参照タグなし ([CHAR-XX reference | 初出/再利用] / [New character] / [Generic group])
  ⚠️  ASSET-043: 人物プロンプトあり but CHAR参照タグなし ([CHAR-XX reference | 初出/再利用] / [New character] / [Generic group])
  ⚠️  ASSET-044: 人物プロンプトあり but CHAR参照タグなし ([CHAR-XX reference | 初出/再利用] / [New character] / [Generic group])
  ⚠️  ASSET-044: 人物プロンプトあり but CHAR参照タグなし ([CHAR-XX reference | 初出/再利用] / [New character] / [Generic group])
  ⚠️  ASSET-044: 人物プロンプトあり but CHAR参照タグなし ([CHAR-XX reference | 初出/再利用] / [New character] / [Generic group])
  ⚠️  ASSET-045: 人物プロンプトあり but CHAR参照タグなし ([CHAR-XX reference | 初出/再利用] / [New character] / [Generic group])
  ⚠️  ASSET-047: 人物プロンプトあり but CHAR参照タグなし ([CHAR-XX reference | 初出/再利用] / [New character] / [Generic group])
  ⚠️  動画/アニメ比率: 32/65 = 49.2% （基準: 50%以上）→ ⚠️ WARNING

--- [Asset Completeness]: Checking Gansu_Asset_Prompts.md ---
    Parsed: 65 ASSETs

--- 部門別結果 ---
  ❌ 1_完全性: FAIL
  ❌ 2_ナレ必須: FAIL
  ⚠️ 3_CHAR参照: WARNING
  ✅ 4_禁止要素: PASS
  ⚠️ 6_総合比率: WARNING

[FAILED]: 2 errors, 35 warnings
  ❌ Lovart系ASSETにプロンプトなし: ASSET-032
  ❌ ナレーションなしASSET（禁止）: ASSET-001, ASSET-002, ASSET-003, ASSET-004, ASSET-005, ASSET-006, ASSET-006, ASSET-007, ASSET-008, ASSET-008 他54件
  ⚠️  ASSET-004: 人物プロンプトあり but CHAR参照タグなし ([CHAR-XX reference | 初出/再利用] / [New character] / [Generic group])
  ⚠️  ASSET-006: 人物プロンプトあり but CHAR参照タグなし ([CHAR-XX reference | 初出/再利用] / [New character] / [Generic group])
  ⚠️  ASSET-006: 人物プロンプトあり but CHAR参照タグなし ([CHAR-XX reference | 初出/再利用] / [New character] / [Generic group])
  ⚠️  ASSET-008: 人物プロンプトあり but CHAR参照タグなし ([CHAR-XX reference | 初出/再利用] / [New character] / [Generic group])
  ⚠️  ASSET-008: 人物プロンプトあり but CHAR参照タグなし ([CHAR-XX reference | 初出/再利用] / [New character] / [Generic group])
  ⚠️  ASSET-009: 人物プロンプトあり but CHAR参照タグなし ([CHAR-XX reference | 初出/再利用] / [New character] / [Generic group])
  ⚠️  ASSET-010: 人物プロンプトあり but CHAR参照タグなし ([CHAR-XX reference | 初出/再利用] / [New character] / [Generic group])
  ⚠️  ASSET-011: 人物プロンプトあり but CHAR参照タグなし ([CHAR-XX reference | 初出/再利用] / [New character] / [Generic group])
  ⚠️  ASSET-012: 人物プロンプトあり but CHAR参照タグなし ([CHAR-XX reference | 初出/再利用] / [New character] / [Generic group])
  ⚠️  ASSET-014: 人物プロンプトあり but CHAR参照タグなし ([CHAR-XX reference | 初出/再利用] / [New character] / [Generic group])
  ⚠️  ASSET-021: 人物プロンプトあり but CHAR参照タグなし ([CHAR-XX reference | 初出/再利用] / [New character] / [Generic group])
  ⚠️  ASSET-022: 人物プロンプトあり but CHAR参照タグなし ([CHAR-XX reference | 初出/再利用] / [New character] / [Generic group])
  ⚠️  ASSET-023: 人物プロンプトあり but CHAR参照タグなし ([CHAR-XX reference | 初出/再利用] / [New character] / [Generic group])
  ⚠️  ASSET-024: 人物プロンプトあり but CHAR参照タグなし ([CHAR-XX reference | 初出/再利用] / [New character] / [Generic group])
  ⚠️  ASSET-025: 人物プロンプトあり but CHAR参照タグなし ([CHAR-XX reference | 初出/再利用] / [New character] / [Generic group])
  ⚠️  ASSET-026: 人物プロンプトあり but CHAR参照タグなし ([CHAR-XX reference | 初出/再利用] / [New character] / [Generic group])
  ⚠️  ASSET-026: 人物プロンプトあり but CHAR参照タグなし ([CHAR-XX reference | 初出/再利用] / [New character] / [Generic group])
  ⚠️  ASSET-027: 人物プロンプトあり but CHAR参照タグなし ([CHAR-XX reference | 初出/再利用] / [New character] / [Generic group])
  ⚠️  ASSET-030: 人物プロンプトあり but CHAR参照タグなし ([CHAR-XX reference | 初出/再利用] / [New character] / [Generic group])
  ⚠️  ASSET-032: 人物プロンプトあり but CHAR参照タグなし ([CHAR-XX reference | 初出/再利用] / [New character] / [Generic group])
  ⚠️  ASSET-036: 人物プロンプトあり but CHAR参照タグなし ([CHAR-XX reference | 初出/再利用] / [New character] / [Generic group])
  ⚠️  ASSET-036: 人物プロンプトあり but CHAR参照タグなし ([CHAR-XX reference | 初出/再利用] / [New character] / [Generic group])
  ⚠️  ASSET-037: 人物プロンプトあり but CHAR参照タグなし ([CHAR-XX reference | 初出/再利用] / [New character] / [Generic group])
  ⚠️  ASSET-038: 人物プロンプトあり but CHAR参照タグなし ([CHAR-XX reference | 初出/再利用] / [New character] / [Generic group])
  ⚠️  ASSET-039: 人物プロンプトあり but CHAR参照タグなし ([CHAR-XX reference | 初出/再利用] / [New character] / [Generic group])
  ⚠️  ASSET-041: 人物プロンプトあり but CHAR参照タグなし ([CHAR-XX reference | 初出/再利用] / [New character] / [Generic group])
  ⚠️  ASSET-042: 人物プロンプトあり but CHAR参照タグなし ([CHAR-XX reference | 初出/再利用] / [New character] / [Generic group])
  ⚠️  ASSET-042: 人物プロンプトあり but CHAR参照タグなし ([CHAR-XX reference | 初出/再利用] / [New character] / [Generic group])
  ⚠️  ASSET-043: 人物プロンプトあり but CHAR参照タグなし ([CHAR-XX reference | 初出/再利用] / [New character] / [Generic group])
  ⚠️  ASSET-044: 人物プロンプトあり but CHAR参照タグなし ([CHAR-XX reference | 初出/再利用] / [New character] / [Generic group])
  ⚠️  ASSET-044: 人物プロンプトあり but CHAR参照タグなし ([CHAR-XX reference | 初出/再利用] / [New character] / [Generic group])
  ⚠️  ASSET-044: 人物プロンプトあり but CHAR参照タグなし ([CHAR-XX reference | 初出/再利用] / [New character] / [Generic group])
  ⚠️  ASSET-045: 人物プロンプトあり but CHAR参照タグなし ([CHAR-XX reference | 初出/再利用] / [New character] / [Generic group])
  ⚠️  ASSET-047: 人物プロンプトあり but CHAR参照タグなし ([CHAR-XX reference | 初出/再利用] / [New character] / [Generic group])
  ⚠️  動画/アニメ比率: 32/65 = 49.2% （基準: 50%以上）→ ⚠️ WARNING

--- [Asset Completeness]: Checking Gansu_Asset_Prompts.md ---
    Parsed: 65 ASSETs

--- 部門別結果 ---
  ✅ 1_完全性: PASS
  ❌ 2_ナレ必須: FAIL
  ⚠️ 3_CHAR参照: WARNING
  ✅ 4_禁止要素: PASS
  ⚠️ 6_総合比率: WARNING

[FAILED]: 1 errors, 35 warnings
  ❌ ナレーションなしASSET（禁止）: ASSET-001, ASSET-002, ASSET-003, ASSET-004, ASSET-005, ASSET-006, ASSET-006, ASSET-007, ASSET-008, ASSET-008 他54件
  ⚠️  ASSET-004: 人物プロンプトあり but CHAR参照タグなし ([CHAR-XX reference | 初出/再利用] / [New character] / [Generic group])
  ⚠️  ASSET-006: 人物プロンプトあり but CHAR参照タグなし ([CHAR-XX reference | 初出/再利用] / [New character] / [Generic group])
  ⚠️  ASSET-006: 人物プロンプトあり but CHAR参照タグなし ([CHAR-XX reference | 初出/再利用] / [New character] / [Generic group])
  ⚠️  ASSET-008: 人物プロンプトあり but CHAR参照タグなし ([CHAR-XX reference | 初出/再利用] / [New character] / [Generic group])
  ⚠️  ASSET-008: 人物プロンプトあり but CHAR参照タグなし ([CHAR-XX reference | 初出/再利用] / [New character] / [Generic group])
  ⚠️  ASSET-009: 人物プロンプトあり but CHAR参照タグなし ([CHAR-XX reference | 初出/再利用] / [New character] / [Generic group])
  ⚠️  ASSET-010: 人物プロンプトあり but CHAR参照タグなし ([CHAR-XX reference | 初出/再利用] / [New character] / [Generic group])
  ⚠️  ASSET-011: 人物プロンプトあり but CHAR参照タグなし ([CHAR-XX reference | 初出/再利用] / [New character] / [Generic group])
  ⚠️  ASSET-012: 人物プロンプトあり but CHAR参照タグなし ([CHAR-XX reference | 初出/再利用] / [New character] / [Generic group])
  ⚠️  ASSET-014: 人物プロンプトあり but CHAR参照タグなし ([CHAR-XX reference | 初出/再利用] / [New character] / [Generic group])
  ⚠️  ASSET-021: 人物プロンプトあり but CHAR参照タグなし ([CHAR-XX reference | 初出/再利用] / [New character] / [Generic group])
  ⚠️  ASSET-022: 人物プロンプトあり but CHAR参照タグなし ([CHAR-XX reference | 初出/再利用] / [New character] / [Generic group])
  ⚠️  ASSET-023: 人物プロンプトあり but CHAR参照タグなし ([CHAR-XX reference | 初出/再利用] / [New character] / [Generic group])
  ⚠️  ASSET-024: 人物プロンプトあり but CHAR参照タグなし ([CHAR-XX reference | 初出/再利用] / [New character] / [Generic group])
  ⚠️  ASSET-025: 人物プロンプトあり but CHAR参照タグなし ([CHAR-XX reference | 初出/再利用] / [New character] / [Generic group])
  ⚠️  ASSET-026: 人物プロンプトあり but CHAR参照タグなし ([CHAR-XX reference | 初出/再利用] / [New character] / [Generic group])
  ⚠️  ASSET-026: 人物プロンプトあり but CHAR参照タグなし ([CHAR-XX reference | 初出/再利用] / [New character] / [Generic group])
  ⚠️  ASSET-027: 人物プロンプトあり but CHAR参照タグなし ([CHAR-XX reference | 初出/再利用] / [New character] / [Generic group])
  ⚠️  ASSET-030: 人物プロンプトあり but CHAR参照タグなし ([CHAR-XX reference | 初出/再利用] / [New character] / [Generic group])
  ⚠️  ASSET-032: 人物プロンプトあり but CHAR参照タグなし ([CHAR-XX reference | 初出/再利用] / [New character] / [Generic group])
  ⚠️  ASSET-036: 人物プロンプトあり but CHAR参照タグなし ([CHAR-XX reference | 初出/再利用] / [New character] / [Generic group])
  ⚠️  ASSET-036: 人物プロンプトあり but CHAR参照タグなし ([CHAR-XX reference | 初出/再利用] / [New character] / [Generic group])
  ⚠️  ASSET-037: 人物プロンプトあり but CHAR参照タグなし ([CHAR-XX reference | 初出/再利用] / [New character] / [Generic group])
  ⚠️  ASSET-038: 人物プロンプトあり but CHAR参照タグなし ([CHAR-XX reference | 初出/再利用] / [New character] / [Generic group])
  ⚠️  ASSET-039: 人物プロンプトあり but CHAR参照タグなし ([CHAR-XX reference | 初出/再利用] / [New character] / [Generic group])
  ⚠️  ASSET-041: 人物プロンプトあり but CHAR参照タグなし ([CHAR-XX reference | 初出/再利用] / [New character] / [Generic group])
  ⚠️  ASSET-042: 人物プロンプトあり but CHAR参照タグなし ([CHAR-XX reference | 初出/再利用] / [New character] / [Generic group])
  ⚠️  ASSET-042: 人物プロンプトあり but CHAR参照タグなし ([CHAR-XX reference | 初出/再利用] / [New character] / [Generic group])
  ⚠️  ASSET-043: 人物プロンプトあり but CHAR参照タグなし ([CHAR-XX reference | 初出/再利用] / [New character] / [Generic group])
  ⚠️  ASSET-044: 人物プロンプトあり but CHAR参照タグなし ([CHAR-XX reference | 初出/再利用] / [New character] / [Generic group])
  ⚠️  ASSET-044: 人物プロンプトあり but CHAR参照タグなし ([CHAR-XX reference | 初出/再利用] / [New character] / [Generic group])
  ⚠️  ASSET-044: 人物プロンプトあり but CHAR参照タグなし ([CHAR-XX reference | 初出/再利用] / [New character] / [Generic group])
  ⚠️  ASSET-045: 人物プロンプトあり but CHAR参照タグなし ([CHAR-XX reference | 初出/再利用] / [New character] / [Generic group])
  ⚠️  ASSET-047: 人物プロンプトあり but CHAR参照タグなし ([CHAR-XX reference | 初出/再利用] / [New character] / [Generic group])
  ⚠️  動画/アニメ比率: 32/65 = 49.2% （基準: 50%以上）→ ⚠️ WARNING

--- [Asset Completeness]: Checking Gansu_Narration_Asset_Combined.md ---
    Parsed: 176 ASSETs

--- 部門別結果 ---
  ❌ 1_完全性: FAIL
  ❌ 2_ナレ必須: FAIL
  ⚠️ 3_CHAR参照: WARNING
  ❌ 4_禁止要素: FAIL
  ✅ 6_総合比率: PASS

[FAILED]: 5 errors, 58 warnings
  ❌ 連番の欠番: ASSET-009, ASSET-110
  ❌ カテゴリタグなし: ASSET-002, ASSET-004, ASSET-005, ASSET-006, ASSET-008, ASSET-013, ASSET-031, ASSET-055, ASSET-056, ASSET-057 他16件
  ❌ ナレーションなしASSET（禁止）: ASSET-002, ASSET-010, ASSET-011, ASSET-012, ASSET-111, ASSET-112, ASSET-113, ASSET-114, ASSET-115, ASSET-116 他61件
  ❌ ASSET-113: カメラ専門用語禁止: Ken Burns
  ❌ ASSET-119: カメラ専門用語禁止: Ken Burns
  ⚠️  ASSET-001: 人物プロンプトあり but CHAR参照タグなし ([CHAR-XX reference | 初出/再利用] / [New character] / [Generic group])
  ⚠️  ASSET-006: 人物プロンプトあり but CHAR参照タグなし ([CHAR-XX reference | 初出/再利用] / [New character] / [Generic group])
  ⚠️  ASSET-008: 人物プロンプトあり but CHAR参照タグなし ([CHAR-XX reference | 初出/再利用] / [New character] / [Generic group])
  ⚠️  ASSET-017: 人物プロンプトあり but CHAR参照タグなし ([CHAR-XX reference | 初出/再利用] / [New character] / [Generic group])
  ⚠️  ASSET-018: 人物プロンプトあり but CHAR参照タグなし ([CHAR-XX reference | 初出/再利用] / [New character] / [Generic group])
  ⚠️  ASSET-021: 人物プロンプトあり but CHAR参照タグなし ([CHAR-XX reference | 初出/再利用] / [New character] / [Generic group])
  ⚠️  ASSET-024: 人物プロンプトあり but CHAR参照タグなし ([CHAR-XX reference | 初出/再利用] / [New character] / [Generic group])
  ⚠️  ASSET-026: 人物プロンプトあり but CHAR参照タグなし ([CHAR-XX reference | 初出/再利用] / [New character] / [Generic group])
  ⚠️  ASSET-031: 人物プロンプトあり but CHAR参照タグなし ([CHAR-XX reference | 初出/再利用] / [New character] / [Generic group])
  ⚠️  ASSET-039: 人物プロンプトあり but CHAR参照タグなし ([CHAR-XX reference | 初出/再利用] / [New character] / [Generic group])
  ⚠️  ASSET-042: 人物プロンプトあり but CHAR参照タグなし ([CHAR-XX reference | 初出/再利用] / [New character] / [Generic group])
  ⚠️  ASSET-045: 人物プロンプトあり but CHAR参照タグなし ([CHAR-XX reference | 初出/再利用] / [New character] / [Generic group])
  ⚠️  ASSET-048: 人物プロンプトあり but CHAR参照タグなし ([CHAR-XX reference | 初出/再利用] / [New character] / [Generic group])
  ⚠️  ASSET-049: 人物プロンプトあり but CHAR参照タグなし ([CHAR-XX reference | 初出/再利用] / [New character] / [Generic group])
  ⚠️  ASSET-051: 人物プロンプトあり but CHAR参照タグなし ([CHAR-XX reference | 初出/再利用] / [New character] / [Generic group])
  ⚠️  ASSET-053: 人物プロンプトあり but CHAR参照タグなし ([CHAR-XX reference | 初出/再利用] / [New character] / [Generic group])
  ⚠️  ASSET-056: 人物プロンプトあり but CHAR参照タグなし ([CHAR-XX reference | 初出/再利用] / [New character] / [Generic group])
  ⚠️  ASSET-059: 人物プロンプトあり but CHAR参照タグなし ([CHAR-XX reference | 初出/再利用] / [New character] / [Generic group])
  ⚠️  ASSET-063: 人物プロンプトあり but CHAR参照タグなし ([CHAR-XX reference | 初出/再利用] / [New character] / [Generic group])
  ⚠️  ASSET-064: 人物プロンプトあり but CHAR参照タグなし ([CHAR-XX reference | 初出/再利用] / [New character] / [Generic group])
  ⚠️  ASSET-066: 人物プロンプトあり but CHAR参照タグなし ([CHAR-XX reference | 初出/再利用] / [New character] / [Generic group])
  ⚠️  ASSET-069: 人物プロンプトあり but CHAR参照タグなし ([CHAR-XX reference | 初出/再利用] / [New character] / [Generic group])
  ⚠️  ASSET-071: 人物プロンプトあり but CHAR参照タグなし ([CHAR-XX reference | 初出/再利用] / [New character] / [Generic group])
  ⚠️  ASSET-076: 人物プロンプトあり but CHAR参照タグなし ([CHAR-XX reference | 初出/再利用] / [New character] / [Generic group])
  ⚠️  ASSET-083: 人物プロンプトあり but CHAR参照タグなし ([CHAR-XX reference | 初出/再利用] / [New character] / [Generic group])
  ⚠️  ASSET-084: 人物プロンプトあり but CHAR参照タグなし ([CHAR-XX reference | 初出/再利用] / [New character] / [Generic group])
  ⚠️  ASSET-086: 人物プロンプトあり but CHAR参照タグなし ([CHAR-XX reference | 初出/再利用] / [New character] / [Generic group])
  ⚠️  ASSET-087: 人物プロンプトあり but CHAR参照タグなし ([CHAR-XX reference | 初出/再利用] / [New character] / [Generic group])
  ⚠️  ASSET-089: 人物プロンプトあり but CHAR参照タグなし ([CHAR-XX reference | 初出/再利用] / [New character] / [Generic group])
  ⚠️  ASSET-092: 人物プロンプトあり but CHAR参照タグなし ([CHAR-XX reference | 初出/再利用] / [New character] / [Generic group])
  ⚠️  ASSET-093: 人物プロンプトあり but CHAR参照タグなし ([CHAR-XX reference | 初出/再利用] / [New character] / [Generic group])
  ⚠️  ASSET-095: 人物プロンプトあり but CHAR参照タグなし ([CHAR-XX reference | 初出/再利用] / [New character] / [Generic group])
  ⚠️  ASSET-098: 人物プロンプトあり but CHAR参照タグなし ([CHAR-XX reference | 初出/再利用] / [New character] / [Generic group])
  ⚠️  ASSET-100: 人物プロンプトあり but CHAR参照タグなし ([CHAR-XX reference | 初出/再利用] / [New character] / [Generic group])
  ⚠️  ASSET-103: 人物プロンプトあり but CHAR参照タグなし ([CHAR-XX reference | 初出/再利用] / [New character] / [Generic group])
  ⚠️  ASSET-106: 人物プロンプトあり but CHAR参照タグなし ([CHAR-XX reference | 初出/再利用] / [New character] / [Generic group])
  ⚠️  ASSET-114: 人物プロンプトあり but CHAR参照タグなし ([CHAR-XX reference | 初出/再利用] / [New character] / [Generic group])
  ⚠️  ASSET-119: 人物プロンプトあり but CHAR参照タグなし ([CHAR-XX reference | 初出/再利用] / [New character] / [Generic group])
  ⚠️  ASSET-120: 人物プロンプトあり but CHAR参照タグなし ([CHAR-XX reference | 初出/再利用] / [New character] / [Generic group])
  ⚠️  ASSET-125: 人物プロンプトあり but CHAR参照タグなし ([CHAR-XX reference | 初出/再利用] / [New character] / [Generic group])
  ⚠️  ASSET-127: 人物プロンプトあり but CHAR参照タグなし ([CHAR-XX reference | 初出/再利用] / [New character] / [Generic group])
  ⚠️  ASSET-129: 人物プロンプトあり but CHAR参照タグなし ([CHAR-XX reference | 初出/再利用] / [New character] / [Generic group])
  ⚠️  ASSET-132: 人物プロンプトあり but CHAR参照タグなし ([CHAR-XX reference | 初出/再利用] / [New character] / [Generic group])
  ⚠️  ASSET-134: 人物プロンプトあり but CHAR参照タグなし ([CHAR-XX reference | 初出/再利用] / [New character] / [Generic group])
  ⚠️  ASSET-140: 人物プロンプトあり but CHAR参照タグなし ([CHAR-XX reference | 初出/再利用] / [New character] / [Generic group])
  ⚠️  ASSET-141: 人物プロンプトあり but CHAR参照タグなし ([CHAR-XX reference | 初出/再利用] / [New character] / [Generic group])
  ⚠️  ASSET-142: 人物プロンプトあり but CHAR参照タグなし ([CHAR-XX reference | 初出/再利用] / [New character] / [Generic group])
  ⚠️  ASSET-144: 人物プロンプトあり but CHAR参照タグなし ([CHAR-XX reference | 初出/再利用] / [New character] / [Generic group])
  ⚠️  ASSET-145: 人物プロンプトあり but CHAR参照タグなし ([CHAR-XX reference | 初出/再利用] / [New character] / [Generic group])
  ⚠️  ASSET-146: 人物プロンプトあり but CHAR参照タグなし ([CHAR-XX reference | 初出/再利用] / [New character] / [Generic group])
  ⚠️  ASSET-148: 人物プロンプトあり but CHAR参照タグなし ([CHAR-XX reference | 初出/再利用] / [New character] / [Generic group])
  ⚠️  ASSET-149: 人物プロンプトあり but CHAR参照タグなし ([CHAR-XX reference | 初出/再利用] / [New character] / [Generic group])
  ⚠️  ASSET-155: 人物プロンプトあり but CHAR参照タグなし ([CHAR-XX reference | 初出/再利用] / [New character] / [Generic group])
  ⚠️  ASSET-157: 人物プロンプトあり but CHAR参照タグなし ([CHAR-XX reference | 初出/再利用] / [New character] / [Generic group])
  ⚠️  ASSET-160: 人物プロンプトあり but CHAR参照タグなし ([CHAR-XX reference | 初出/再利用] / [New character] / [Generic group])
  ⚠️  ASSET-169: 人物プロンプトあり but CHAR参照タグなし ([CHAR-XX reference | 初出/再利用] / [New character] / [Generic group])
  ⚠️  ASSET-171: 人物プロンプトあり but CHAR参照タグなし ([CHAR-XX reference | 初出/再利用] / [New character] / [Generic group])
  ⚠️  ASSET-174: 人物プロンプトあり but CHAR参照タグなし ([CHAR-XX reference | 初出/再利用] / [New character] / [Generic group])

--- [Asset Completeness]: Checking Gansu_Asset_Prompts.md ---
    Parsed: 65 ASSETs

--- 部門別結果 ---
  ✅ 1_完全性: PASS
  ❌ 2_ナレ必須: FAIL
  ⚠️ 3_CHAR参照: WARNING
  ✅ 4_禁止要素: PASS
  ⚠️ 6_総合比率: WARNING

[FAILED]: 1 errors, 35 warnings
  ❌ ナレーションなしASSET（禁止）: ASSET-001, ASSET-002, ASSET-003, ASSET-004, ASSET-005, ASSET-006, ASSET-006, ASSET-007, ASSET-008, ASSET-008 他54件
  ⚠️  ASSET-004: 人物プロンプトあり but CHAR参照タグなし ([CHAR-XX reference | 初出/再利用] / [New character] / [Generic group])
  ⚠️  ASSET-006: 人物プロンプトあり but CHAR参照タグなし ([CHAR-XX reference | 初出/再利用] / [New character] / [Generic group])
  ⚠️  ASSET-006: 人物プロンプトあり but CHAR参照タグなし ([CHAR-XX reference | 初出/再利用] / [New character] / [Generic group])
  ⚠️  ASSET-008: 人物プロンプトあり but CHAR参照タグなし ([CHAR-XX reference | 初出/再利用] / [New character] / [Generic group])
  ⚠️  ASSET-008: 人物プロンプトあり but CHAR参照タグなし ([CHAR-XX reference | 初出/再利用] / [New character] / [Generic group])
  ⚠️  ASSET-009: 人物プロンプトあり but CHAR参照タグなし ([CHAR-XX reference | 初出/再利用] / [New character] / [Generic group])
  ⚠️  ASSET-010: 人物プロンプトあり but CHAR参照タグなし ([CHAR-XX reference | 初出/再利用] / [New character] / [Generic group])
  ⚠️  ASSET-011: 人物プロンプトあり but CHAR参照タグなし ([CHAR-XX reference | 初出/再利用] / [New character] / [Generic group])
  ⚠️  ASSET-012: 人物プロンプトあり but CHAR参照タグなし ([CHAR-XX reference | 初出/再利用] / [New character] / [Generic group])
  ⚠️  ASSET-014: 人物プロンプトあり but CHAR参照タグなし ([CHAR-XX reference | 初出/再利用] / [New character] / [Generic group])
  ⚠️  ASSET-021: 人物プロンプトあり but CHAR参照タグなし ([CHAR-XX reference | 初出/再利用] / [New character] / [Generic group])
  ⚠️  ASSET-022: 人物プロンプトあり but CHAR参照タグなし ([CHAR-XX reference | 初出/再利用] / [New character] / [Generic group])
  ⚠️  ASSET-023: 人物プロンプトあり but CHAR参照タグなし ([CHAR-XX reference | 初出/再利用] / [New character] / [Generic group])
  ⚠️  ASSET-024: 人物プロンプトあり but CHAR参照タグなし ([CHAR-XX reference | 初出/再利用] / [New character] / [Generic group])
  ⚠️  ASSET-025: 人物プロンプトあり but CHAR参照タグなし ([CHAR-XX reference | 初出/再利用] / [New character] / [Generic group])
  ⚠️  ASSET-026: 人物プロンプトあり but CHAR参照タグなし ([CHAR-XX reference | 初出/再利用] / [New character] / [Generic group])
  ⚠️  ASSET-026: 人物プロンプトあり but CHAR参照タグなし ([CHAR-XX reference | 初出/再利用] / [New character] / [Generic group])
  ⚠️  ASSET-027: 人物プロンプトあり but CHAR参照タグなし ([CHAR-XX reference | 初出/再利用] / [New character] / [Generic group])
  ⚠️  ASSET-030: 人物プロンプトあり but CHAR参照タグなし ([CHAR-XX reference | 初出/再利用] / [New character] / [Generic group])
  ⚠️  ASSET-032: 人物プロンプトあり but CHAR参照タグなし ([CHAR-XX reference | 初出/再利用] / [New character] / [Generic group])
  ⚠️  ASSET-036: 人物プロンプトあり but CHAR参照タグなし ([CHAR-XX reference | 初出/再利用] / [New character] / [Generic group])
  ⚠️  ASSET-036: 人物プロンプトあり but CHAR参照タグなし ([CHAR-XX reference | 初出/再利用] / [New character] / [Generic group])
  ⚠️  ASSET-037: 人物プロンプトあり but CHAR参照タグなし ([CHAR-XX reference | 初出/再利用] / [New character] / [Generic group])
  ⚠️  ASSET-038: 人物プロンプトあり but CHAR参照タグなし ([CHAR-XX reference | 初出/再利用] / [New character] / [Generic group])
  ⚠️  ASSET-039: 人物プロンプトあり but CHAR参照タグなし ([CHAR-XX reference | 初出/再利用] / [New character] / [Generic group])
  ⚠️  ASSET-041: 人物プロンプトあり but CHAR参照タグなし ([CHAR-XX reference | 初出/再利用] / [New character] / [Generic group])
  ⚠️  ASSET-042: 人物プロンプトあり but CHAR参照タグなし ([CHAR-XX reference | 初出/再利用] / [New character] / [Generic group])
  ⚠️  ASSET-042: 人物プロンプトあり but CHAR参照タグなし ([CHAR-XX reference | 初出/再利用] / [New character] / [Generic group])
  ⚠️  ASSET-043: 人物プロンプトあり but CHAR参照タグなし ([CHAR-XX reference | 初出/再利用] / [New character] / [Generic group])
  ⚠️  ASSET-044: 人物プロンプトあり but CHAR参照タグなし ([CHAR-XX reference | 初出/再利用] / [New character] / [Generic group])
  ⚠️  ASSET-044: 人物プロンプトあり but CHAR参照タグなし ([CHAR-XX reference | 初出/再利用] / [New character] / [Generic group])
  ⚠️  ASSET-044: 人物プロンプトあり but CHAR参照タグなし ([CHAR-XX reference | 初出/再利用] / [New character] / [Generic group])
  ⚠️  ASSET-045: 人物プロンプトあり but CHAR参照タグなし ([CHAR-XX reference | 初出/再利用] / [New character] / [Generic group])
  ⚠️  ASSET-047: 人物プロンプトあり but CHAR参照タグなし ([CHAR-XX reference | 初出/再利用] / [New character] / [Generic group])
  ⚠️  動画/アニメ比率: 32/65 = 49.2% （基準: 50%以上）→ ⚠️ WARNING

--- [Asset Completeness]: Checking Gansu_Asset_Prompts.md ---
    Parsed: 65 ASSETs

--- 部門別結果 ---
  ✅ 1_完全性: PASS
  ❌ 2_ナレ必須: FAIL
  ⚠️ 3_CHAR参照: WARNING
  ✅ 4_禁止要素: PASS
  ⚠️ 6_総合比率: WARNING

[FAILED]: 1 errors, 35 warnings
  ❌ ナレーションなしASSET（禁止）: ASSET-001, ASSET-002, ASSET-003, ASSET-004, ASSET-005, ASSET-006, ASSET-006, ASSET-007, ASSET-008, ASSET-008 他54件
  ⚠️  ASSET-004: 人物プロンプトあり but CHAR参照タグなし ([CHAR-XX reference | 初出/再利用] / [New character] / [Generic group])
  ⚠️  ASSET-006: 人物プロンプトあり but CHAR参照タグなし ([CHAR-XX reference | 初出/再利用] / [New character] / [Generic group])
  ⚠️  ASSET-006: 人物プロンプトあり but CHAR参照タグなし ([CHAR-XX reference | 初出/再利用] / [New character] / [Generic group])
  ⚠️  ASSET-008: 人物プロンプトあり but CHAR参照タグなし ([CHAR-XX reference | 初出/再利用] / [New character] / [Generic group])
  ⚠️  ASSET-008: 人物プロンプトあり but CHAR参照タグなし ([CHAR-XX reference | 初出/再利用] / [New character] / [Generic group])
  ⚠️  ASSET-009: 人物プロンプトあり but CHAR参照タグなし ([CHAR-XX reference | 初出/再利用] / [New character] / [Generic group])
  ⚠️  ASSET-010: 人物プロンプトあり but CHAR参照タグなし ([CHAR-XX reference | 初出/再利用] / [New character] / [Generic group])
  ⚠️  ASSET-011: 人物プロンプトあり but CHAR参照タグなし ([CHAR-XX reference | 初出/再利用] / [New character] / [Generic group])
  ⚠️  ASSET-012: 人物プロンプトあり but CHAR参照タグなし ([CHAR-XX reference | 初出/再利用] / [New character] / [Generic group])
  ⚠️  ASSET-014: 人物プロンプトあり but CHAR参照タグなし ([CHAR-XX reference | 初出/再利用] / [New character] / [Generic group])
  ⚠️  ASSET-021: 人物プロンプトあり but CHAR参照タグなし ([CHAR-XX reference | 初出/再利用] / [New character] / [Generic group])
  ⚠️  ASSET-022: 人物プロンプトあり but CHAR参照タグなし ([CHAR-XX reference | 初出/再利用] / [New character] / [Generic group])
  ⚠️  ASSET-023: 人物プロンプトあり but CHAR参照タグなし ([CHAR-XX reference | 初出/再利用] / [New character] / [Generic group])
  ⚠️  ASSET-024: 人物プロンプトあり but CHAR参照タグなし ([CHAR-XX reference | 初出/再利用] / [New character] / [Generic group])
  ⚠️  ASSET-025: 人物プロンプトあり but CHAR参照タグなし ([CHAR-XX reference | 初出/再利用] / [New character] / [Generic group])
  ⚠️  ASSET-026: 人物プロンプトあり but CHAR参照タグなし ([CHAR-XX reference | 初出/再利用] / [New character] / [Generic group])
  ⚠️  ASSET-026: 人物プロンプトあり but CHAR参照タグなし ([CHAR-XX reference | 初出/再利用] / [New character] / [Generic group])
  ⚠️  ASSET-027: 人物プロンプトあり but CHAR参照タグなし ([CHAR-XX reference | 初出/再利用] / [New character] / [Generic group])
  ⚠️  ASSET-030: 人物プロンプトあり but CHAR参照タグなし ([CHAR-XX reference | 初出/再利用] / [New character] / [Generic group])
  ⚠️  ASSET-032: 人物プロンプトあり but CHAR参照タグなし ([CHAR-XX reference | 初出/再利用] / [New character] / [Generic group])
  ⚠️  ASSET-036: 人物プロンプトあり but CHAR参照タグなし ([CHAR-XX reference | 初出/再利用] / [New character] / [Generic group])
  ⚠️  ASSET-036: 人物プロンプトあり but CHAR参照タグなし ([CHAR-XX reference | 初出/再利用] / [New character] / [Generic group])
  ⚠️  ASSET-037: 人物プロンプトあり but CHAR参照タグなし ([CHAR-XX reference | 初出/再利用] / [New character] / [Generic group])
  ⚠️  ASSET-038: 人物プロンプトあり but CHAR参照タグなし ([CHAR-XX reference | 初出/再利用] / [New character] / [Generic group])
  ⚠️  ASSET-039: 人物プロンプトあり but CHAR参照タグなし ([CHAR-XX reference | 初出/再利用] / [New character] / [Generic group])
  ⚠️  ASSET-041: 人物プロンプトあり but CHAR参照タグなし ([CHAR-XX reference | 初出/再利用] / [New character] / [Generic group])
  ⚠️  ASSET-042: 人物プロンプトあり but CHAR参照タグなし ([CHAR-XX reference | 初出/再利用] / [New character] / [Generic group])
  ⚠️  ASSET-042: 人物プロンプトあり but CHAR参照タグなし ([CHAR-XX reference | 初出/再利用] / [New character] / [Generic group])
  ⚠️  ASSET-043: 人物プロンプトあり but CHAR参照タグなし ([CHAR-XX reference | 初出/再利用] / [New character] / [Generic group])
  ⚠️  ASSET-044: 人物プロンプトあり but CHAR参照タグなし ([CHAR-XX reference | 初出/再利用] / [New character] / [Generic group])
  ⚠️  ASSET-044: 人物プロンプトあり but CHAR参照タグなし ([CHAR-XX reference | 初出/再利用] / [New character] / [Generic group])
  ⚠️  ASSET-044: 人物プロンプトあり but CHAR参照タグなし ([CHAR-XX reference | 初出/再利用] / [New character] / [Generic group])
  ⚠️  ASSET-045: 人物プロンプトあり but CHAR参照タグなし ([CHAR-XX reference | 初出/再利用] / [New character] / [Generic group])
  ⚠️  ASSET-047: 人物プロンプトあり but CHAR参照タグなし ([CHAR-XX reference | 初出/再利用] / [New character] / [Generic group])
  ⚠️  動画/アニメ比率: 32/65 = 49.2% （基準: 50%以上）→ ⚠️ WARNING

--- [Asset Completeness]: Checking Gansu_Asset_Prompts.md ---
    Parsed: 65 ASSETs

--- 部門別結果 ---
  ✅ 1_完全性: PASS
  ❌ 2_ナレ必須: FAIL
  ⚠️ 3_CHAR参照: WARNING
  ✅ 4_禁止要素: PASS
  ⚠️ 6_総合比率: WARNING

[FAILED]: 1 errors, 34 warnings
  ❌ ナレーションなしASSET（禁止）: ASSET-001, ASSET-002, ASSET-003, ASSET-004, ASSET-005, ASSET-006, ASSET-006, ASSET-007, ASSET-008, ASSET-008 他54件
  ⚠️  ASSET-006: 人物プロンプトあり but CHAR参照タグなし ([CHAR-XX reference | 初出/再利用] / [New character] / [Generic group])
  ⚠️  ASSET-006: 人物プロンプトあり but CHAR参照タグなし ([CHAR-XX reference | 初出/再利用] / [New character] / [Generic group])
  ⚠️  ASSET-008: 人物プロンプトあり but CHAR参照タグなし ([CHAR-XX reference | 初出/再利用] / [New character] / [Generic group])
  ⚠️  ASSET-008: 人物プロンプトあり but CHAR参照タグなし ([CHAR-XX reference | 初出/再利用] / [New character] / [Generic group])
  ⚠️  ASSET-009: 人物プロンプトあり but CHAR参照タグなし ([CHAR-XX reference | 初出/再利用] / [New character] / [Generic group])
  ⚠️  ASSET-010: 人物プロンプトあり but CHAR参照タグなし ([CHAR-XX reference | 初出/再利用] / [New character] / [Generic group])
  ⚠️  ASSET-011: 人物プロンプトあり but CHAR参照タグなし ([CHAR-XX reference | 初出/再利用] / [New character] / [Generic group])
  ⚠️  ASSET-012: 人物プロンプトあり but CHAR参照タグなし ([CHAR-XX reference | 初出/再利用] / [New character] / [Generic group])
  ⚠️  ASSET-014: 人物プロンプトあり but CHAR参照タグなし ([CHAR-XX reference | 初出/再利用] / [New character] / [Generic group])
  ⚠️  ASSET-021: 人物プロンプトあり but CHAR参照タグなし ([CHAR-XX reference | 初出/再利用] / [New character] / [Generic group])
  ⚠️  ASSET-022: 人物プロンプトあり but CHAR参照タグなし ([CHAR-XX reference | 初出/再利用] / [New character] / [Generic group])
  ⚠️  ASSET-023: 人物プロンプトあり but CHAR参照タグなし ([CHAR-XX reference | 初出/再利用] / [New character] / [Generic group])
  ⚠️  ASSET-024: 人物プロンプトあり but CHAR参照タグなし ([CHAR-XX reference | 初出/再利用] / [New character] / [Generic group])
  ⚠️  ASSET-025: 人物プロンプトあり but CHAR参照タグなし ([CHAR-XX reference | 初出/再利用] / [New character] / [Generic group])
  ⚠️  ASSET-026: 人物プロンプトあり but CHAR参照タグなし ([CHAR-XX reference | 初出/再利用] / [New character] / [Generic group])
  ⚠️  ASSET-026: 人物プロンプトあり but CHAR参照タグなし ([CHAR-XX reference | 初出/再利用] / [New character] / [Generic group])
  ⚠️  ASSET-027: 人物プロンプトあり but CHAR参照タグなし ([CHAR-XX reference | 初出/再利用] / [New character] / [Generic group])
  ⚠️  ASSET-030: 人物プロンプトあり but CHAR参照タグなし ([CHAR-XX reference | 初出/再利用] / [New character] / [Generic group])
  ⚠️  ASSET-032: 人物プロンプトあり but CHAR参照タグなし ([CHAR-XX reference | 初出/再利用] / [New character] / [Generic group])
  ⚠️  ASSET-036: 人物プロンプトあり but CHAR参照タグなし ([CHAR-XX reference | 初出/再利用] / [New character] / [Generic group])
  ⚠️  ASSET-036: 人物プロンプトあり but CHAR参照タグなし ([CHAR-XX reference | 初出/再利用] / [New character] / [Generic group])
  ⚠️  ASSET-037: 人物プロンプトあり but CHAR参照タグなし ([CHAR-XX reference | 初出/再利用] / [New character] / [Generic group])
  ⚠️  ASSET-038: 人物プロンプトあり but CHAR参照タグなし ([CHAR-XX reference | 初出/再利用] / [New character] / [Generic group])
  ⚠️  ASSET-039: 人物プロンプトあり but CHAR参照タグなし ([CHAR-XX reference | 初出/再利用] / [New character] / [Generic group])
  ⚠️  ASSET-041: 人物プロンプトあり but CHAR参照タグなし ([CHAR-XX reference | 初出/再利用] / [New character] / [Generic group])
  ⚠️  ASSET-042: 人物プロンプトあり but CHAR参照タグなし ([CHAR-XX reference | 初出/再利用] / [New character] / [Generic group])
  ⚠️  ASSET-042: 人物プロンプトあり but CHAR参照タグなし ([CHAR-XX reference | 初出/再利用] / [New character] / [Generic group])
  ⚠️  ASSET-043: 人物プロンプトあり but CHAR参照タグなし ([CHAR-XX reference | 初出/再利用] / [New character] / [Generic group])
  ⚠️  ASSET-044: 人物プロンプトあり but CHAR参照タグなし ([CHAR-XX reference | 初出/再利用] / [New character] / [Generic group])
  ⚠️  ASSET-044: 人物プロンプトあり but CHAR参照タグなし ([CHAR-XX reference | 初出/再利用] / [New character] / [Generic group])
  ⚠️  ASSET-044: 人物プロンプトあり but CHAR参照タグなし ([CHAR-XX reference | 初出/再利用] / [New character] / [Generic group])
  ⚠️  ASSET-045: 人物プロンプトあり but CHAR参照タグなし ([CHAR-XX reference | 初出/再利用] / [New character] / [Generic group])
  ⚠️  ASSET-047: 人物プロンプトあり but CHAR参照タグなし ([CHAR-XX reference | 初出/再利用] / [New character] / [Generic group])
  ⚠️  動画/アニメ比率: 32/65 = 49.2% （基準: 50%以上）→ ⚠️ WARNING

--- [Asset Completeness]: Checking Gansu_Asset_Prompts.md ---
    Parsed: 65 ASSETs

--- 部門別結果 ---
  ✅ 1_完全性: PASS
  ❌ 2_ナレ必須: FAIL
  ⚠️ 3_CHAR参照: WARNING
  ✅ 4_禁止要素: PASS
  ⚠️ 6_総合比率: WARNING

[FAILED]: 1 errors, 34 warnings
  ❌ ナレーションなしASSET（禁止）: ASSET-001, ASSET-002, ASSET-003, ASSET-004, ASSET-005, ASSET-006, ASSET-006, ASSET-007, ASSET-008, ASSET-008 他54件
  ⚠️  ASSET-006: 人物プロンプトあり but CHAR参照タグなし ([CHAR-XX reference | 初出/再利用] / [New character] / [Generic group])
  ⚠️  ASSET-006: 人物プロンプトあり but CHAR参照タグなし ([CHAR-XX reference | 初出/再利用] / [New character] / [Generic group])
  ⚠️  ASSET-008: 人物プロンプトあり but CHAR参照タグなし ([CHAR-XX reference | 初出/再利用] / [New character] / [Generic group])
  ⚠️  ASSET-008: 人物プロンプトあり but CHAR参照タグなし ([CHAR-XX reference | 初出/再利用] / [New character] / [Generic group])
  ⚠️  ASSET-009: 人物プロンプトあり but CHAR参照タグなし ([CHAR-XX reference | 初出/再利用] / [New character] / [Generic group])
  ⚠️  ASSET-010: 人物プロンプトあり but CHAR参照タグなし ([CHAR-XX reference | 初出/再利用] / [New character] / [Generic group])
  ⚠️  ASSET-011: 人物プロンプトあり but CHAR参照タグなし ([CHAR-XX reference | 初出/再利用] / [New character] / [Generic group])
  ⚠️  ASSET-012: 人物プロンプトあり but CHAR参照タグなし ([CHAR-XX reference | 初出/再利用] / [New character] / [Generic group])
  ⚠️  ASSET-014: 人物プロンプトあり but CHAR参照タグなし ([CHAR-XX reference | 初出/再利用] / [New character] / [Generic group])
  ⚠️  ASSET-021: 人物プロンプトあり but CHAR参照タグなし ([CHAR-XX reference | 初出/再利用] / [New character] / [Generic group])
  ⚠️  ASSET-022: 人物プロンプトあり but CHAR参照タグなし ([CHAR-XX reference | 初出/再利用] / [New character] / [Generic group])
  ⚠️  ASSET-023: 人物プロンプトあり but CHAR参照タグなし ([CHAR-XX reference | 初出/再利用] / [New character] / [Generic group])
  ⚠️  ASSET-024: 人物プロンプトあり but CHAR参照タグなし ([CHAR-XX reference | 初出/再利用] / [New character] / [Generic group])
  ⚠️  ASSET-025: 人物プロンプトあり but CHAR参照タグなし ([CHAR-XX reference | 初出/再利用] / [New character] / [Generic group])
  ⚠️  ASSET-026: 人物プロンプトあり but CHAR参照タグなし ([CHAR-XX reference | 初出/再利用] / [New character] / [Generic group])
  ⚠️  ASSET-026: 人物プロンプトあり but CHAR参照タグなし ([CHAR-XX reference | 初出/再利用] / [New character] / [Generic group])
  ⚠️  ASSET-027: 人物プロンプトあり but CHAR参照タグなし ([CHAR-XX reference | 初出/再利用] / [New character] / [Generic group])
  ⚠️  ASSET-030: 人物プロンプトあり but CHAR参照タグなし ([CHAR-XX reference | 初出/再利用] / [New character] / [Generic group])
  ⚠️  ASSET-032: 人物プロンプトあり but CHAR参照タグなし ([CHAR-XX reference | 初出/再利用] / [New character] / [Generic group])
  ⚠️  ASSET-036: 人物プロンプトあり but CHAR参照タグなし ([CHAR-XX reference | 初出/再利用] / [New character] / [Generic group])
  ⚠️  ASSET-036: 人物プロンプトあり but CHAR参照タグなし ([CHAR-XX reference | 初出/再利用] / [New character] / [Generic group])
  ⚠️  ASSET-037: 人物プロンプトあり but CHAR参照タグなし ([CHAR-XX reference | 初出/再利用] / [New character] / [Generic group])
  ⚠️  ASSET-038: 人物プロンプトあり but CHAR参照タグなし ([CHAR-XX reference | 初出/再利用] / [New character] / [Generic group])
  ⚠️  ASSET-039: 人物プロンプトあり but CHAR参照タグなし ([CHAR-XX reference | 初出/再利用] / [New character] / [Generic group])
  ⚠️  ASSET-041: 人物プロンプトあり but CHAR参照タグなし ([CHAR-XX reference | 初出/再利用] / [New character] / [Generic group])
  ⚠️  ASSET-042: 人物プロンプトあり but CHAR参照タグなし ([CHAR-XX reference | 初出/再利用] / [New character] / [Generic group])
  ⚠️  ASSET-042: 人物プロンプトあり but CHAR参照タグなし ([CHAR-XX reference | 初出/再利用] / [New character] / [Generic group])
  ⚠️  ASSET-043: 人物プロンプトあり but CHAR参照タグなし ([CHAR-XX reference | 初出/再利用] / [New character] / [Generic group])
  ⚠️  ASSET-044: 人物プロンプトあり but CHAR参照タグなし ([CHAR-XX reference | 初出/再利用] / [New character] / [Generic group])
  ⚠️  ASSET-044: 人物プロンプトあり but CHAR参照タグなし ([CHAR-XX reference | 初出/再利用] / [New character] / [Generic group])
  ⚠️  ASSET-044: 人物プロンプトあり but CHAR参照タグなし ([CHAR-XX reference | 初出/再利用] / [New character] / [Generic group])
  ⚠️  ASSET-045: 人物プロンプトあり but CHAR参照タグなし ([CHAR-XX reference | 初出/再利用] / [New character] / [Generic group])
  ⚠️  ASSET-047: 人物プロンプトあり but CHAR参照タグなし ([CHAR-XX reference | 初出/再利用] / [New character] / [Generic group])
  ⚠️  動画/アニメ比率: 32/65 = 49.2% （基準: 50%以上）→ ⚠️ WARNING

--- [Asset Completeness]: Checking Gansu_Asset_Prompts.md ---
    Parsed: 65 ASSETs

--- 部門別結果 ---
  ✅ 1_完全性: PASS
  ❌ 2_ナレ必須: FAIL
  ⚠️ 3_CHAR参照: WARNING
  ✅ 4_禁止要素: PASS
  ⚠️ 6_総合比率: WARNING

[FAILED]: 1 errors, 33 warnings
  ❌ ナレーションなしASSET（禁止）: ASSET-001, ASSET-002, ASSET-003, ASSET-004, ASSET-005, ASSET-006, ASSET-006, ASSET-007, ASSET-008, ASSET-008 他54件
  ⚠️  ASSET-006: 人物プロンプトあり but CHAR参照タグなし ([CHAR-XX reference | 初出/再利用] / [New character] / [Generic group])
  ⚠️  ASSET-008: 人物プロンプトあり but CHAR参照タグなし ([CHAR-XX reference | 初出/再利用] / [New character] / [Generic group])
  ⚠️  ASSET-008: 人物プロンプトあり but CHAR参照タグなし ([CHAR-XX reference | 初出/再利用] / [New character] / [Generic group])
  ⚠️  ASSET-009: 人物プロンプトあり but CHAR参照タグなし ([CHAR-XX reference | 初出/再利用] / [New character] / [Generic group])
  ⚠️  ASSET-010: 人物プロンプトあり but CHAR参照タグなし ([CHAR-XX reference | 初出/再利用] / [New character] / [Generic group])
  ⚠️  ASSET-011: 人物プロンプトあり but CHAR参照タグなし ([CHAR-XX reference | 初出/再利用] / [New character] / [Generic group])
  ⚠️  ASSET-012: 人物プロンプトあり but CHAR参照タグなし ([CHAR-XX reference | 初出/再利用] / [New character] / [Generic group])
  ⚠️  ASSET-014: 人物プロンプトあり but CHAR参照タグなし ([CHAR-XX reference | 初出/再利用] / [New character] / [Generic group])
  ⚠️  ASSET-021: 人物プロンプトあり but CHAR参照タグなし ([CHAR-XX reference | 初出/再利用] / [New character] / [Generic group])
  ⚠️  ASSET-022: 人物プロンプトあり but CHAR参照タグなし ([CHAR-XX reference | 初出/再利用] / [New character] / [Generic group])
  ⚠️  ASSET-023: 人物プロンプトあり but CHAR参照タグなし ([CHAR-XX reference | 初出/再利用] / [New character] / [Generic group])
  ⚠️  ASSET-024: 人物プロンプトあり but CHAR参照タグなし ([CHAR-XX reference | 初出/再利用] / [New character] / [Generic group])
  ⚠️  ASSET-025: 人物プロンプトあり but CHAR参照タグなし ([CHAR-XX reference | 初出/再利用] / [New character] / [Generic group])
  ⚠️  ASSET-026: 人物プロンプトあり but CHAR参照タグなし ([CHAR-XX reference | 初出/再利用] / [New character] / [Generic group])
  ⚠️  ASSET-026: 人物プロンプトあり but CHAR参照タグなし ([CHAR-XX reference | 初出/再利用] / [New character] / [Generic group])
  ⚠️  ASSET-027: 人物プロンプトあり but CHAR参照タグなし ([CHAR-XX reference | 初出/再利用] / [New character] / [Generic group])
  ⚠️  ASSET-030: 人物プロンプトあり but CHAR参照タグなし ([CHAR-XX reference | 初出/再利用] / [New character] / [Generic group])
  ⚠️  ASSET-032: 人物プロンプトあり but CHAR参照タグなし ([CHAR-XX reference | 初出/再利用] / [New character] / [Generic group])
  ⚠️  ASSET-036: 人物プロンプトあり but CHAR参照タグなし ([CHAR-XX reference | 初出/再利用] / [New character] / [Generic group])
  ⚠️  ASSET-036: 人物プロンプトあり but CHAR参照タグなし ([CHAR-XX reference | 初出/再利用] / [New character] / [Generic group])
  ⚠️  ASSET-037: 人物プロンプトあり but CHAR参照タグなし ([CHAR-XX reference | 初出/再利用] / [New character] / [Generic group])
  ⚠️  ASSET-038: 人物プロンプトあり but CHAR参照タグなし ([CHAR-XX reference | 初出/再利用] / [New character] / [Generic group])
  ⚠️  ASSET-039: 人物プロンプトあり but CHAR参照タグなし ([CHAR-XX reference | 初出/再利用] / [New character] / [Generic group])
  ⚠️  ASSET-041: 人物プロンプトあり but CHAR参照タグなし ([CHAR-XX reference | 初出/再利用] / [New character] / [Generic group])
  ⚠️  ASSET-042: 人物プロンプトあり but CHAR参照タグなし ([CHAR-XX reference | 初出/再利用] / [New character] / [Generic group])
  ⚠️  ASSET-042: 人物プロンプトあり but CHAR参照タグなし ([CHAR-XX reference | 初出/再利用] / [New character] / [Generic group])
  ⚠️  ASSET-043: 人物プロンプトあり but CHAR参照タグなし ([CHAR-XX reference | 初出/再利用] / [New character] / [Generic group])
  ⚠️  ASSET-044: 人物プロンプトあり but CHAR参照タグなし ([CHAR-XX reference | 初出/再利用] / [New character] / [Generic group])
  ⚠️  ASSET-044: 人物プロンプトあり but CHAR参照タグなし ([CHAR-XX reference | 初出/再利用] / [New character] / [Generic group])
  ⚠️  ASSET-044: 人物プロンプトあり but CHAR参照タグなし ([CHAR-XX reference | 初出/再利用] / [New character] / [Generic group])
  ⚠️  ASSET-045: 人物プロンプトあり but CHAR参照タグなし ([CHAR-XX reference | 初出/再利用] / [New character] / [Generic group])
  ⚠️  ASSET-047: 人物プロンプトあり but CHAR参照タグなし ([CHAR-XX reference | 初出/再利用] / [New character] / [Generic group])
  ⚠️  動画/アニメ比率: 32/65 = 49.2% （基準: 50%以上）→ ⚠️ WARNING

--- [Asset Completeness]: Checking Gansu_Narration_Asset_Combined.md ---
    Parsed: 177 ASSETs

--- 部門別結果 ---
  ❌ 1_完全性: FAIL
  ❌ 2_ナレ必須: FAIL
  ⚠️ 3_CHAR参照: WARNING
  ❌ 4_禁止要素: FAIL
  ✅ 6_総合比率: PASS

[FAILED]: 5 errors, 58 warnings
  ❌ 連番の欠番: ASSET-009
  ❌ カテゴリタグなし: ASSET-002, ASSET-004, ASSET-005, ASSET-006, ASSET-008, ASSET-013, ASSET-031, ASSET-055, ASSET-056, ASSET-057 他16件
  ❌ ナレーションなしASSET（禁止）: ASSET-002, ASSET-010, ASSET-011, ASSET-012, ASSET-111, ASSET-112, ASSET-113, ASSET-114, ASSET-115, ASSET-116 他61件
  ❌ ASSET-113: カメラ専門用語禁止: Ken Burns
  ❌ ASSET-119: カメラ専門用語禁止: Ken Burns
  ⚠️  ASSET-001: 人物プロンプトあり but CHAR参照タグなし ([CHAR-XX reference | 初出/再利用] / [New character] / [Generic group])
  ⚠️  ASSET-006: 人物プロンプトあり but CHAR参照タグなし ([CHAR-XX reference | 初出/再利用] / [New character] / [Generic group])
  ⚠️  ASSET-008: 人物プロンプトあり but CHAR参照タグなし ([CHAR-XX reference | 初出/再利用] / [New character] / [Generic group])
  ⚠️  ASSET-017: 人物プロンプトあり but CHAR参照タグなし ([CHAR-XX reference | 初出/再利用] / [New character] / [Generic group])
  ⚠️  ASSET-018: 人物プロンプトあり but CHAR参照タグなし ([CHAR-XX reference | 初出/再利用] / [New character] / [Generic group])
  ⚠️  ASSET-021: 人物プロンプトあり but CHAR参照タグなし ([CHAR-XX reference | 初出/再利用] / [New character] / [Generic group])
  ⚠️  ASSET-024: 人物プロンプトあり but CHAR参照タグなし ([CHAR-XX reference | 初出/再利用] / [New character] / [Generic group])
  ⚠️  ASSET-026: 人物プロンプトあり but CHAR参照タグなし ([CHAR-XX reference | 初出/再利用] / [New character] / [Generic group])
  ⚠️  ASSET-031: 人物プロンプトあり but CHAR参照タグなし ([CHAR-XX reference | 初出/再利用] / [New character] / [Generic group])
  ⚠️  ASSET-039: 人物プロンプトあり but CHAR参照タグなし ([CHAR-XX reference | 初出/再利用] / [New character] / [Generic group])
  ⚠️  ASSET-042: 人物プロンプトあり but CHAR参照タグなし ([CHAR-XX reference | 初出/再利用] / [New character] / [Generic group])
  ⚠️  ASSET-045: 人物プロンプトあり but CHAR参照タグなし ([CHAR-XX reference | 初出/再利用] / [New character] / [Generic group])
  ⚠️  ASSET-048: 人物プロンプトあり but CHAR参照タグなし ([CHAR-XX reference | 初出/再利用] / [New character] / [Generic group])
  ⚠️  ASSET-049: 人物プロンプトあり but CHAR参照タグなし ([CHAR-XX reference | 初出/再利用] / [New character] / [Generic group])
  ⚠️  ASSET-051: 人物プロンプトあり but CHAR参照タグなし ([CHAR-XX reference | 初出/再利用] / [New character] / [Generic group])
  ⚠️  ASSET-053: 人物プロンプトあり but CHAR参照タグなし ([CHAR-XX reference | 初出/再利用] / [New character] / [Generic group])
  ⚠️  ASSET-056: 人物プロンプトあり but CHAR参照タグなし ([CHAR-XX reference | 初出/再利用] / [New character] / [Generic group])
  ⚠️  ASSET-059: 人物プロンプトあり but CHAR参照タグなし ([CHAR-XX reference | 初出/再利用] / [New character] / [Generic group])
  ⚠️  ASSET-063: 人物プロンプトあり but CHAR参照タグなし ([CHAR-XX reference | 初出/再利用] / [New character] / [Generic group])
  ⚠️  ASSET-064: 人物プロンプトあり but CHAR参照タグなし ([CHAR-XX reference | 初出/再利用] / [New character] / [Generic group])
  ⚠️  ASSET-066: 人物プロンプトあり but CHAR参照タグなし ([CHAR-XX reference | 初出/再利用] / [New character] / [Generic group])
  ⚠️  ASSET-069: 人物プロンプトあり but CHAR参照タグなし ([CHAR-XX reference | 初出/再利用] / [New character] / [Generic group])
  ⚠️  ASSET-071: 人物プロンプトあり but CHAR参照タグなし ([CHAR-XX reference | 初出/再利用] / [New character] / [Generic group])
  ⚠️  ASSET-076: 人物プロンプトあり but CHAR参照タグなし ([CHAR-XX reference | 初出/再利用] / [New character] / [Generic group])
  ⚠️  ASSET-083: 人物プロンプトあり but CHAR参照タグなし ([CHAR-XX reference | 初出/再利用] / [New character] / [Generic group])
  ⚠️  ASSET-084: 人物プロンプトあり but CHAR参照タグなし ([CHAR-XX reference | 初出/再利用] / [New character] / [Generic group])
  ⚠️  ASSET-086: 人物プロンプトあり but CHAR参照タグなし ([CHAR-XX reference | 初出/再利用] / [New character] / [Generic group])
  ⚠️  ASSET-087: 人物プロンプトあり but CHAR参照タグなし ([CHAR-XX reference | 初出/再利用] / [New character] / [Generic group])
  ⚠️  ASSET-089: 人物プロンプトあり but CHAR参照タグなし ([CHAR-XX reference | 初出/再利用] / [New character] / [Generic group])
  ⚠️  ASSET-092: 人物プロンプトあり but CHAR参照タグなし ([CHAR-XX reference | 初出/再利用] / [New character] / [Generic group])
  ⚠️  ASSET-093: 人物プロンプトあり but CHAR参照タグなし ([CHAR-XX reference | 初出/再利用] / [New character] / [Generic group])
  ⚠️  ASSET-095: 人物プロンプトあり but CHAR参照タグなし ([CHAR-XX reference | 初出/再利用] / [New character] / [Generic group])
  ⚠️  ASSET-098: 人物プロンプトあり but CHAR参照タグなし ([CHAR-XX reference | 初出/再利用] / [New character] / [Generic group])
  ⚠️  ASSET-100: 人物プロンプトあり but CHAR参照タグなし ([CHAR-XX reference | 初出/再利用] / [New character] / [Generic group])
  ⚠️  ASSET-103: 人物プロンプトあり but CHAR参照タグなし ([CHAR-XX reference | 初出/再利用] / [New character] / [Generic group])
  ⚠️  ASSET-106: 人物プロンプトあり but CHAR参照タグなし ([CHAR-XX reference | 初出/再利用] / [New character] / [Generic group])
  ⚠️  ASSET-114: 人物プロンプトあり but CHAR参照タグなし ([CHAR-XX reference | 初出/再利用] / [New character] / [Generic group])
  ⚠️  ASSET-119: 人物プロンプトあり but CHAR参照タグなし ([CHAR-XX reference | 初出/再利用] / [New character] / [Generic group])
  ⚠️  ASSET-120: 人物プロンプトあり but CHAR参照タグなし ([CHAR-XX reference | 初出/再利用] / [New character] / [Generic group])
  ⚠️  ASSET-125: 人物プロンプトあり but CHAR参照タグなし ([CHAR-XX reference | 初出/再利用] / [New character] / [Generic group])
  ⚠️  ASSET-127: 人物プロンプトあり but CHAR参照タグなし ([CHAR-XX reference | 初出/再利用] / [New character] / [Generic group])
  ⚠️  ASSET-129: 人物プロンプトあり but CHAR参照タグなし ([CHAR-XX reference | 初出/再利用] / [New character] / [Generic group])
  ⚠️  ASSET-132: 人物プロンプトあり but CHAR参照タグなし ([CHAR-XX reference | 初出/再利用] / [New character] / [Generic group])
  ⚠️  ASSET-134: 人物プロンプトあり but CHAR参照タグなし ([CHAR-XX reference | 初出/再利用] / [New character] / [Generic group])
  ⚠️  ASSET-140: 人物プロンプトあり but CHAR参照タグなし ([CHAR-XX reference | 初出/再利用] / [New character] / [Generic group])
  ⚠️  ASSET-141: 人物プロンプトあり but CHAR参照タグなし ([CHAR-XX reference | 初出/再利用] / [New character] / [Generic group])
  ⚠️  ASSET-142: 人物プロンプトあり but CHAR参照タグなし ([CHAR-XX reference | 初出/再利用] / [New character] / [Generic group])
  ⚠️  ASSET-144: 人物プロンプトあり but CHAR参照タグなし ([CHAR-XX reference | 初出/再利用] / [New character] / [Generic group])
  ⚠️  ASSET-145: 人物プロンプトあり but CHAR参照タグなし ([CHAR-XX reference | 初出/再利用] / [New character] / [Generic group])
  ⚠️  ASSET-146: 人物プロンプトあり but CHAR参照タグなし ([CHAR-XX reference | 初出/再利用] / [New character] / [Generic group])
  ⚠️  ASSET-148: 人物プロンプトあり but CHAR参照タグなし ([CHAR-XX reference | 初出/再利用] / [New character] / [Generic group])
  ⚠️  ASSET-149: 人物プロンプトあり but CHAR参照タグなし ([CHAR-XX reference | 初出/再利用] / [New character] / [Generic group])
  ⚠️  ASSET-155: 人物プロンプトあり but CHAR参照タグなし ([CHAR-XX reference | 初出/再利用] / [New character] / [Generic group])
  ⚠️  ASSET-157: 人物プロンプトあり but CHAR参照タグなし ([CHAR-XX reference | 初出/再利用] / [New character] / [Generic group])
  ⚠️  ASSET-160: 人物プロンプトあり but CHAR参照タグなし ([CHAR-XX reference | 初出/再利用] / [New character] / [Generic group])
  ⚠️  ASSET-169: 人物プロンプトあり but CHAR参照タグなし ([CHAR-XX reference | 初出/再利用] / [New character] / [Generic group])
  ⚠️  ASSET-171: 人物プロンプトあり but CHAR参照タグなし ([CHAR-XX reference | 初出/再利用] / [New character] / [Generic group])
  ⚠️  ASSET-174: 人物プロンプトあり but CHAR参照タグなし ([CHAR-XX reference | 初出/再利用] / [New character] / [Generic group])

--- [Asset Completeness]: Checking Gansu_Asset_Prompts.md ---
    Parsed: 65 ASSETs

--- 部門別結果 ---
  ✅ 1_完全性: PASS
  ❌ 2_ナレ必須: FAIL
  ⚠️ 3_CHAR参照: WARNING
  ✅ 4_禁止要素: PASS
  ⚠️ 6_総合比率: WARNING

[FAILED]: 1 errors, 32 warnings
  ❌ ナレーションなしASSET（禁止）: ASSET-001, ASSET-002, ASSET-003, ASSET-004, ASSET-005, ASSET-006, ASSET-006, ASSET-007, ASSET-008, ASSET-008 他54件
  ⚠️  ASSET-008: 人物プロンプトあり but CHAR参照タグなし ([CHAR-XX reference | 初出/再利用] / [New character] / [Generic group])
  ⚠️  ASSET-008: 人物プロンプトあり but CHAR参照タグなし ([CHAR-XX reference | 初出/再利用] / [New character] / [Generic group])
  ⚠️  ASSET-009: 人物プロンプトあり but CHAR参照タグなし ([CHAR-XX reference | 初出/再利用] / [New character] / [Generic group])
  ⚠️  ASSET-010: 人物プロンプトあり but CHAR参照タグなし ([CHAR-XX reference | 初出/再利用] / [New character] / [Generic group])
  ⚠️  ASSET-011: 人物プロンプトあり but CHAR参照タグなし ([CHAR-XX reference | 初出/再利用] / [New character] / [Generic group])
  ⚠️  ASSET-012: 人物プロンプトあり but CHAR参照タグなし ([CHAR-XX reference | 初出/再利用] / [New character] / [Generic group])
  ⚠️  ASSET-014: 人物プロンプトあり but CHAR参照タグなし ([CHAR-XX reference | 初出/再利用] / [New character] / [Generic group])
  ⚠️  ASSET-021: 人物プロンプトあり but CHAR参照タグなし ([CHAR-XX reference | 初出/再利用] / [New character] / [Generic group])
  ⚠️  ASSET-022: 人物プロンプトあり but CHAR参照タグなし ([CHAR-XX reference | 初出/再利用] / [New character] / [Generic group])
  ⚠️  ASSET-023: 人物プロンプトあり but CHAR参照タグなし ([CHAR-XX reference | 初出/再利用] / [New character] / [Generic group])
  ⚠️  ASSET-024: 人物プロンプトあり but CHAR参照タグなし ([CHAR-XX reference | 初出/再利用] / [New character] / [Generic group])
  ⚠️  ASSET-025: 人物プロンプトあり but CHAR参照タグなし ([CHAR-XX reference | 初出/再利用] / [New character] / [Generic group])
  ⚠️  ASSET-026: 人物プロンプトあり but CHAR参照タグなし ([CHAR-XX reference | 初出/再利用] / [New character] / [Generic group])
  ⚠️  ASSET-026: 人物プロンプトあり but CHAR参照タグなし ([CHAR-XX reference | 初出/再利用] / [New character] / [Generic group])
  ⚠️  ASSET-027: 人物プロンプトあり but CHAR参照タグなし ([CHAR-XX reference | 初出/再利用] / [New character] / [Generic group])
  ⚠️  ASSET-030: 人物プロンプトあり but CHAR参照タグなし ([CHAR-XX reference | 初出/再利用] / [New character] / [Generic group])
  ⚠️  ASSET-032: 人物プロンプトあり but CHAR参照タグなし ([CHAR-XX reference | 初出/再利用] / [New character] / [Generic group])
  ⚠️  ASSET-036: 人物プロンプトあり but CHAR参照タグなし ([CHAR-XX reference | 初出/再利用] / [New character] / [Generic group])
  ⚠️  ASSET-036: 人物プロンプトあり but CHAR参照タグなし ([CHAR-XX reference | 初出/再利用] / [New character] / [Generic group])
  ⚠️  ASSET-037: 人物プロンプトあり but CHAR参照タグなし ([CHAR-XX reference | 初出/再利用] / [New character] / [Generic group])
  ⚠️  ASSET-038: 人物プロンプトあり but CHAR参照タグなし ([CHAR-XX reference | 初出/再利用] / [New character] / [Generic group])
  ⚠️  ASSET-039: 人物プロンプトあり but CHAR参照タグなし ([CHAR-XX reference | 初出/再利用] / [New character] / [Generic group])
  ⚠️  ASSET-041: 人物プロンプトあり but CHAR参照タグなし ([CHAR-XX reference | 初出/再利用] / [New character] / [Generic group])
  ⚠️  ASSET-042: 人物プロンプトあり but CHAR参照タグなし ([CHAR-XX reference | 初出/再利用] / [New character] / [Generic group])
  ⚠️  ASSET-042: 人物プロンプトあり but CHAR参照タグなし ([CHAR-XX reference | 初出/再利用] / [New character] / [Generic group])
  ⚠️  ASSET-043: 人物プロンプトあり but CHAR参照タグなし ([CHAR-XX reference | 初出/再利用] / [New character] / [Generic group])
  ⚠️  ASSET-044: 人物プロンプトあり but CHAR参照タグなし ([CHAR-XX reference | 初出/再利用] / [New character] / [Generic group])
  ⚠️  ASSET-044: 人物プロンプトあり but CHAR参照タグなし ([CHAR-XX reference | 初出/再利用] / [New character] / [Generic group])
  ⚠️  ASSET-044: 人物プロンプトあり but CHAR参照タグなし ([CHAR-XX reference | 初出/再利用] / [New character] / [Generic group])
  ⚠️  ASSET-045: 人物プロンプトあり but CHAR参照タグなし ([CHAR-XX reference | 初出/再利用] / [New character] / [Generic group])
  ⚠️  ASSET-047: 人物プロンプトあり but CHAR参照タグなし ([CHAR-XX reference | 初出/再利用] / [New character] / [Generic group])
  ⚠️  動画/アニメ比率: 32/65 = 49.2% （基準: 50%以上）→ ⚠️ WARNING

--- [Asset Completeness]: Checking Gansu_Asset_Prompts.md ---
    Parsed: 65 ASSETs

--- 部門別結果 ---
  ✅ 1_完全性: PASS
  ❌ 2_ナレ必須: FAIL
  ⚠️ 3_CHAR参照: WARNING
  ✅ 4_禁止要素: PASS
  ⚠️ 6_総合比率: WARNING

[FAILED]: 1 errors, 32 warnings
  ❌ ナレーションなしASSET（禁止）: ASSET-001, ASSET-002, ASSET-003, ASSET-004, ASSET-005, ASSET-006, ASSET-006, ASSET-007, ASSET-008, ASSET-008 他54件
  ⚠️  ASSET-008: 人物プロンプトあり but CHAR参照タグなし ([CHAR-XX reference | 初出/再利用] / [New character] / [Generic group])
  ⚠️  ASSET-008: 人物プロンプトあり but CHAR参照タグなし ([CHAR-XX reference | 初出/再利用] / [New character] / [Generic group])
  ⚠️  ASSET-009: 人物プロンプトあり but CHAR参照タグなし ([CHAR-XX reference | 初出/再利用] / [New character] / [Generic group])
  ⚠️  ASSET-010: 人物プロンプトあり but CHAR参照タグなし ([CHAR-XX reference | 初出/再利用] / [New character] / [Generic group])
  ⚠️  ASSET-011: 人物プロンプトあり but CHAR参照タグなし ([CHAR-XX reference | 初出/再利用] / [New character] / [Generic group])
  ⚠️  ASSET-012: 人物プロンプトあり but CHAR参照タグなし ([CHAR-XX reference | 初出/再利用] / [New character] / [Generic group])
  ⚠️  ASSET-014: 人物プロンプトあり but CHAR参照タグなし ([CHAR-XX reference | 初出/再利用] / [New character] / [Generic group])
  ⚠️  ASSET-021: 人物プロンプトあり but CHAR参照タグなし ([CHAR-XX reference | 初出/再利用] / [New character] / [Generic group])
  ⚠️  ASSET-022: 人物プロンプトあり but CHAR参照タグなし ([CHAR-XX reference | 初出/再利用] / [New character] / [Generic group])
  ⚠️  ASSET-023: 人物プロンプトあり but CHAR参照タグなし ([CHAR-XX reference | 初出/再利用] / [New character] / [Generic group])
  ⚠️  ASSET-024: 人物プロンプトあり but CHAR参照タグなし ([CHAR-XX reference | 初出/再利用] / [New character] / [Generic group])
  ⚠️  ASSET-025: 人物プロンプトあり but CHAR参照タグなし ([CHAR-XX reference | 初出/再利用] / [New character] / [Generic group])
  ⚠️  ASSET-026: 人物プロンプトあり but CHAR参照タグなし ([CHAR-XX reference | 初出/再利用] / [New character] / [Generic group])
  ⚠️  ASSET-026: 人物プロンプトあり but CHAR参照タグなし ([CHAR-XX reference | 初出/再利用] / [New character] / [Generic group])
  ⚠️  ASSET-027: 人物プロンプトあり but CHAR参照タグなし ([CHAR-XX reference | 初出/再利用] / [New character] / [Generic group])
  ⚠️  ASSET-030: 人物プロンプトあり but CHAR参照タグなし ([CHAR-XX reference | 初出/再利用] / [New character] / [Generic group])
  ⚠️  ASSET-032: 人物プロンプトあり but CHAR参照タグなし ([CHAR-XX reference | 初出/再利用] / [New character] / [Generic group])
  ⚠️  ASSET-036: 人物プロンプトあり but CHAR参照タグなし ([CHAR-XX reference | 初出/再利用] / [New character] / [Generic group])
  ⚠️  ASSET-036: 人物プロンプトあり but CHAR参照タグなし ([CHAR-XX reference | 初出/再利用] / [New character] / [Generic group])
  ⚠️  ASSET-037: 人物プロンプトあり but CHAR参照タグなし ([CHAR-XX reference | 初出/再利用] / [New character] / [Generic group])
  ⚠️  ASSET-038: 人物プロンプトあり but CHAR参照タグなし ([CHAR-XX reference | 初出/再利用] / [New character] / [Generic group])
  ⚠️  ASSET-039: 人物プロンプトあり but CHAR参照タグなし ([CHAR-XX reference | 初出/再利用] / [New character] / [Generic group])
  ⚠️  ASSET-041: 人物プロンプトあり but CHAR参照タグなし ([CHAR-XX reference | 初出/再利用] / [New character] / [Generic group])
  ⚠️  ASSET-042: 人物プロンプトあり but CHAR参照タグなし ([CHAR-XX reference | 初出/再利用] / [New character] / [Generic group])
  ⚠️  ASSET-042: 人物プロンプトあり but CHAR参照タグなし ([CHAR-XX reference | 初出/再利用] / [New character] / [Generic group])
  ⚠️  ASSET-043: 人物プロンプトあり but CHAR参照タグなし ([CHAR-XX reference | 初出/再利用] / [New character] / [Generic group])
  ⚠️  ASSET-044: 人物プロンプトあり but CHAR参照タグなし ([CHAR-XX reference | 初出/再利用] / [New character] / [Generic group])
  ⚠️  ASSET-044: 人物プロンプトあり but CHAR参照タグなし ([CHAR-XX reference | 初出/再利用] / [New character] / [Generic group])
  ⚠️  ASSET-044: 人物プロンプトあり but CHAR参照タグなし ([CHAR-XX reference | 初出/再利用] / [New character] / [Generic group])
  ⚠️  ASSET-045: 人物プロンプトあり but CHAR参照タグなし ([CHAR-XX reference | 初出/再利用] / [New character] / [Generic group])
  ⚠️  ASSET-047: 人物プロンプトあり but CHAR参照タグなし ([CHAR-XX reference | 初出/再利用] / [New character] / [Generic group])
  ⚠️  動画/アニメ比率: 32/65 = 49.2% （基準: 50%以上）→ ⚠️ WARNING

--- [Asset Completeness]: Checking Gansu_Asset_Prompts.md ---
    Parsed: 65 ASSETs

--- 部門別結果 ---
  ✅ 1_完全性: PASS
  ❌ 2_ナレ必須: FAIL
  ⚠️ 3_CHAR参照: WARNING
  ✅ 4_禁止要素: PASS
  ⚠️ 6_総合比率: WARNING

[FAILED]: 1 errors, 31 warnings
  ❌ ナレーションなしASSET（禁止）: ASSET-001, ASSET-002, ASSET-003, ASSET-004, ASSET-005, ASSET-006, ASSET-006, ASSET-007, ASSET-008, ASSET-008 他54件
  ⚠️  ASSET-008: 人物プロンプトあり but CHAR参照タグなし ([CHAR-XX reference | 初出/再利用] / [New character] / [Generic group])
  ⚠️  ASSET-009: 人物プロンプトあり but CHAR参照タグなし ([CHAR-XX reference | 初出/再利用] / [New character] / [Generic group])
  ⚠️  ASSET-010: 人物プロンプトあり but CHAR参照タグなし ([CHAR-XX reference | 初出/再利用] / [New character] / [Generic group])
  ⚠️  ASSET-011: 人物プロンプトあり but CHAR参照タグなし ([CHAR-XX reference | 初出/再利用] / [New character] / [Generic group])
  ⚠️  ASSET-012: 人物プロンプトあり but CHAR参照タグなし ([CHAR-XX reference | 初出/再利用] / [New character] / [Generic group])
  ⚠️  ASSET-014: 人物プロンプトあり but CHAR参照タグなし ([CHAR-XX reference | 初出/再利用] / [New character] / [Generic group])
  ⚠️  ASSET-021: 人物プロンプトあり but CHAR参照タグなし ([CHAR-XX reference | 初出/再利用] / [New character] / [Generic group])
  ⚠️  ASSET-022: 人物プロンプトあり but CHAR参照タグなし ([CHAR-XX reference | 初出/再利用] / [New character] / [Generic group])
  ⚠️  ASSET-023: 人物プロンプトあり but CHAR参照タグなし ([CHAR-XX reference | 初出/再利用] / [New character] / [Generic group])
  ⚠️  ASSET-024: 人物プロンプトあり but CHAR参照タグなし ([CHAR-XX reference | 初出/再利用] / [New character] / [Generic group])
  ⚠️  ASSET-025: 人物プロンプトあり but CHAR参照タグなし ([CHAR-XX reference | 初出/再利用] / [New character] / [Generic group])
  ⚠️  ASSET-026: 人物プロンプトあり but CHAR参照タグなし ([CHAR-XX reference | 初出/再利用] / [New character] / [Generic group])
  ⚠️  ASSET-026: 人物プロンプトあり but CHAR参照タグなし ([CHAR-XX reference | 初出/再利用] / [New character] / [Generic group])
  ⚠️  ASSET-027: 人物プロンプトあり but CHAR参照タグなし ([CHAR-XX reference | 初出/再利用] / [New character] / [Generic group])
  ⚠️  ASSET-030: 人物プロンプトあり but CHAR参照タグなし ([CHAR-XX reference | 初出/再利用] / [New character] / [Generic group])
  ⚠️  ASSET-032: 人物プロンプトあり but CHAR参照タグなし ([CHAR-XX reference | 初出/再利用] / [New character] / [Generic group])
  ⚠️  ASSET-036: 人物プロンプトあり but CHAR参照タグなし ([CHAR-XX reference | 初出/再利用] / [New character] / [Generic group])
  ⚠️  ASSET-036: 人物プロンプトあり but CHAR参照タグなし ([CHAR-XX reference | 初出/再利用] / [New character] / [Generic group])
  ⚠️  ASSET-037: 人物プロンプトあり but CHAR参照タグなし ([CHAR-XX reference | 初出/再利用] / [New character] / [Generic group])
  ⚠️  ASSET-038: 人物プロンプトあり but CHAR参照タグなし ([CHAR-XX reference | 初出/再利用] / [New character] / [Generic group])
  ⚠️  ASSET-039: 人物プロンプトあり but CHAR参照タグなし ([CHAR-XX reference | 初出/再利用] / [New character] / [Generic group])
  ⚠️  ASSET-041: 人物プロンプトあり but CHAR参照タグなし ([CHAR-XX reference | 初出/再利用] / [New character] / [Generic group])
  ⚠️  ASSET-042: 人物プロンプトあり but CHAR参照タグなし ([CHAR-XX reference | 初出/再利用] / [New character] / [Generic group])
  ⚠️  ASSET-042: 人物プロンプトあり but CHAR参照タグなし ([CHAR-XX reference | 初出/再利用] / [New character] / [Generic group])
  ⚠️  ASSET-043: 人物プロンプトあり but CHAR参照タグなし ([CHAR-XX reference | 初出/再利用] / [New character] / [Generic group])
  ⚠️  ASSET-044: 人物プロンプトあり but CHAR参照タグなし ([CHAR-XX reference | 初出/再利用] / [New character] / [Generic group])
  ⚠️  ASSET-044: 人物プロンプトあり but CHAR参照タグなし ([CHAR-XX reference | 初出/再利用] / [New character] / [Generic group])
  ⚠️  ASSET-044: 人物プロンプトあり but CHAR参照タグなし ([CHAR-XX reference | 初出/再利用] / [New character] / [Generic group])
  ⚠️  ASSET-045: 人物プロンプトあり but CHAR参照タグなし ([CHAR-XX reference | 初出/再利用] / [New character] / [Generic group])
  ⚠️  ASSET-047: 人物プロンプトあり but CHAR参照タグなし ([CHAR-XX reference | 初出/再利用] / [New character] / [Generic group])
  ⚠️  動画/アニメ比率: 32/65 = 49.2% （基準: 50%以上）→ ⚠️ WARNING

--- [Asset Completeness]: Checking Gansu_Asset_Prompts.md ---
    Parsed: 65 ASSETs

--- 部門別結果 ---
  ✅ 1_完全性: PASS
  ❌ 2_ナレ必須: FAIL
  ⚠️ 3_CHAR参照: WARNING
  ✅ 4_禁止要素: PASS
  ⚠️ 6_総合比率: WARNING

[FAILED]: 1 errors, 30 warnings
  ❌ ナレーションなしASSET（禁止）: ASSET-001, ASSET-002, ASSET-003, ASSET-004, ASSET-005, ASSET-006, ASSET-006, ASSET-007, ASSET-008, ASSET-008 他54件
  ⚠️  ASSET-009: 人物プロンプトあり but CHAR参照タグなし ([CHAR-XX reference | 初出/再利用] / [New character] / [Generic group])
  ⚠️  ASSET-010: 人物プロンプトあり but CHAR参照タグなし ([CHAR-XX reference | 初出/再利用] / [New character] / [Generic group])
  ⚠️  ASSET-011: 人物プロンプトあり but CHAR参照タグなし ([CHAR-XX reference | 初出/再利用] / [New character] / [Generic group])
  ⚠️  ASSET-012: 人物プロンプトあり but CHAR参照タグなし ([CHAR-XX reference | 初出/再利用] / [New character] / [Generic group])
  ⚠️  ASSET-014: 人物プロンプトあり but CHAR参照タグなし ([CHAR-XX reference | 初出/再利用] / [New character] / [Generic group])
  ⚠️  ASSET-021: 人物プロンプトあり but CHAR参照タグなし ([CHAR-XX reference | 初出/再利用] / [New character] / [Generic group])
  ⚠️  ASSET-022: 人物プロンプトあり but CHAR参照タグなし ([CHAR-XX reference | 初出/再利用] / [New character] / [Generic group])
  ⚠️  ASSET-023: 人物プロンプトあり but CHAR参照タグなし ([CHAR-XX reference | 初出/再利用] / [New character] / [Generic group])
  ⚠️  ASSET-024: 人物プロンプトあり but CHAR参照タグなし ([CHAR-XX reference | 初出/再利用] / [New character] / [Generic group])
  ⚠️  ASSET-025: 人物プロンプトあり but CHAR参照タグなし ([CHAR-XX reference | 初出/再利用] / [New character] / [Generic group])
  ⚠️  ASSET-026: 人物プロンプトあり but CHAR参照タグなし ([CHAR-XX reference | 初出/再利用] / [New character] / [Generic group])
  ⚠️  ASSET-026: 人物プロンプトあり but CHAR参照タグなし ([CHAR-XX reference | 初出/再利用] / [New character] / [Generic group])
  ⚠️  ASSET-027: 人物プロンプトあり but CHAR参照タグなし ([CHAR-XX reference | 初出/再利用] / [New character] / [Generic group])
  ⚠️  ASSET-030: 人物プロンプトあり but CHAR参照タグなし ([CHAR-XX reference | 初出/再利用] / [New character] / [Generic group])
  ⚠️  ASSET-032: 人物プロンプトあり but CHAR参照タグなし ([CHAR-XX reference | 初出/再利用] / [New character] / [Generic group])
  ⚠️  ASSET-036: 人物プロンプトあり but CHAR参照タグなし ([CHAR-XX reference | 初出/再利用] / [New character] / [Generic group])
  ⚠️  ASSET-036: 人物プロンプトあり but CHAR参照タグなし ([CHAR-XX reference | 初出/再利用] / [New character] / [Generic group])
  ⚠️  ASSET-037: 人物プロンプトあり but CHAR参照タグなし ([CHAR-XX reference | 初出/再利用] / [New character] / [Generic group])
  ⚠️  ASSET-038: 人物プロンプトあり but CHAR参照タグなし ([CHAR-XX reference | 初出/再利用] / [New character] / [Generic group])
  ⚠️  ASSET-039: 人物プロンプトあり but CHAR参照タグなし ([CHAR-XX reference | 初出/再利用] / [New character] / [Generic group])
  ⚠️  ASSET-041: 人物プロンプトあり but CHAR参照タグなし ([CHAR-XX reference | 初出/再利用] / [New character] / [Generic group])
  ⚠️  ASSET-042: 人物プロンプトあり but CHAR参照タグなし ([CHAR-XX reference | 初出/再利用] / [New character] / [Generic group])
  ⚠️  ASSET-042: 人物プロンプトあり but CHAR参照タグなし ([CHAR-XX reference | 初出/再利用] / [New character] / [Generic group])
  ⚠️  ASSET-043: 人物プロンプトあり but CHAR参照タグなし ([CHAR-XX reference | 初出/再利用] / [New character] / [Generic group])
  ⚠️  ASSET-044: 人物プロンプトあり but CHAR参照タグなし ([CHAR-XX reference | 初出/再利用] / [New character] / [Generic group])
  ⚠️  ASSET-044: 人物プロンプトあり but CHAR参照タグなし ([CHAR-XX reference | 初出/再利用] / [New character] / [Generic group])
  ⚠️  ASSET-044: 人物プロンプトあり but CHAR参照タグなし ([CHAR-XX reference | 初出/再利用] / [New character] / [Generic group])
  ⚠️  ASSET-045: 人物プロンプトあり but CHAR参照タグなし ([CHAR-XX reference | 初出/再利用] / [New character] / [Generic group])
  ⚠️  ASSET-047: 人物プロンプトあり but CHAR参照タグなし ([CHAR-XX reference | 初出/再利用] / [New character] / [Generic group])
  ⚠️  動画/アニメ比率: 32/65 = 49.2% （基準: 50%以上）→ ⚠️ WARNING

--- [Asset Completeness]: Checking Gansu_Asset_Prompts.md ---
    Parsed: 65 ASSETs

--- 部門別結果 ---
  ✅ 1_完全性: PASS
  ❌ 2_ナレ必須: FAIL
  ⚠️ 3_CHAR参照: WARNING
  ✅ 4_禁止要素: PASS
  ⚠️ 6_総合比率: WARNING

[FAILED]: 1 errors, 29 warnings
  ❌ ナレーションなしASSET（禁止）: ASSET-001, ASSET-002, ASSET-003, ASSET-004, ASSET-005, ASSET-006, ASSET-006, ASSET-007, ASSET-008, ASSET-008 他54件
  ⚠️  ASSET-010: 人物プロンプトあり but CHAR参照タグなし ([CHAR-XX reference | 初出/再利用] / [New character] / [Generic group])
  ⚠️  ASSET-011: 人物プロンプトあり but CHAR参照タグなし ([CHAR-XX reference | 初出/再利用] / [New character] / [Generic group])
  ⚠️  ASSET-012: 人物プロンプトあり but CHAR参照タグなし ([CHAR-XX reference | 初出/再利用] / [New character] / [Generic group])
  ⚠️  ASSET-014: 人物プロンプトあり but CHAR参照タグなし ([CHAR-XX reference | 初出/再利用] / [New character] / [Generic group])
  ⚠️  ASSET-021: 人物プロンプトあり but CHAR参照タグなし ([CHAR-XX reference | 初出/再利用] / [New character] / [Generic group])
  ⚠️  ASSET-022: 人物プロンプトあり but CHAR参照タグなし ([CHAR-XX reference | 初出/再利用] / [New character] / [Generic group])
  ⚠️  ASSET-023: 人物プロンプトあり but CHAR参照タグなし ([CHAR-XX reference | 初出/再利用] / [New character] / [Generic group])
  ⚠️  ASSET-024: 人物プロンプトあり but CHAR参照タグなし ([CHAR-XX reference | 初出/再利用] / [New character] / [Generic group])
  ⚠️  ASSET-025: 人物プロンプトあり but CHAR参照タグなし ([CHAR-XX reference | 初出/再利用] / [New character] / [Generic group])
  ⚠️  ASSET-026: 人物プロンプトあり but CHAR参照タグなし ([CHAR-XX reference | 初出/再利用] / [New character] / [Generic group])
  ⚠️  ASSET-026: 人物プロンプトあり but CHAR参照タグなし ([CHAR-XX reference | 初出/再利用] / [New character] / [Generic group])
  ⚠️  ASSET-027: 人物プロンプトあり but CHAR参照タグなし ([CHAR-XX reference | 初出/再利用] / [New character] / [Generic group])
  ⚠️  ASSET-030: 人物プロンプトあり but CHAR参照タグなし ([CHAR-XX reference | 初出/再利用] / [New character] / [Generic group])
  ⚠️  ASSET-032: 人物プロンプトあり but CHAR参照タグなし ([CHAR-XX reference | 初出/再利用] / [New character] / [Generic group])
  ⚠️  ASSET-036: 人物プロンプトあり but CHAR参照タグなし ([CHAR-XX reference | 初出/再利用] / [New character] / [Generic group])
  ⚠️  ASSET-036: 人物プロンプトあり but CHAR参照タグなし ([CHAR-XX reference | 初出/再利用] / [New character] / [Generic group])
  ⚠️  ASSET-037: 人物プロンプトあり but CHAR参照タグなし ([CHAR-XX reference | 初出/再利用] / [New character] / [Generic group])
  ⚠️  ASSET-038: 人物プロンプトあり but CHAR参照タグなし ([CHAR-XX reference | 初出/再利用] / [New character] / [Generic group])
  ⚠️  ASSET-039: 人物プロンプトあり but CHAR参照タグなし ([CHAR-XX reference | 初出/再利用] / [New character] / [Generic group])
  ⚠️  ASSET-041: 人物プロンプトあり but CHAR参照タグなし ([CHAR-XX reference | 初出/再利用] / [New character] / [Generic group])
  ⚠️  ASSET-042: 人物プロンプトあり but CHAR参照タグなし ([CHAR-XX reference | 初出/再利用] / [New character] / [Generic group])
  ⚠️  ASSET-042: 人物プロンプトあり but CHAR参照タグなし ([CHAR-XX reference | 初出/再利用] / [New character] / [Generic group])
  ⚠️  ASSET-043: 人物プロンプトあり but CHAR参照タグなし ([CHAR-XX reference | 初出/再利用] / [New character] / [Generic group])
  ⚠️  ASSET-044: 人物プロンプトあり but CHAR参照タグなし ([CHAR-XX reference | 初出/再利用] / [New character] / [Generic group])
  ⚠️  ASSET-044: 人物プロンプトあり but CHAR参照タグなし ([CHAR-XX reference | 初出/再利用] / [New character] / [Generic group])
  ⚠️  ASSET-044: 人物プロンプトあり but CHAR参照タグなし ([CHAR-XX reference | 初出/再利用] / [New character] / [Generic group])
  ⚠️  ASSET-045: 人物プロンプトあり but CHAR参照タグなし ([CHAR-XX reference | 初出/再利用] / [New character] / [Generic group])
  ⚠️  ASSET-047: 人物プロンプトあり but CHAR参照タグなし ([CHAR-XX reference | 初出/再利用] / [New character] / [Generic group])
  ⚠️  動画/アニメ比率: 32/65 = 49.2% （基準: 50%以上）→ ⚠️ WARNING

--- [Asset Completeness]: Checking Gansu_Asset_Prompts.md ---
    Parsed: 65 ASSETs

--- 部門別結果 ---
  ✅ 1_完全性: PASS
  ❌ 2_ナレ必須: FAIL
  ⚠️ 3_CHAR参照: WARNING
  ✅ 4_禁止要素: PASS
  ⚠️ 6_総合比率: WARNING

[FAILED]: 1 errors, 28 warnings
  ❌ ナレーションなしASSET（禁止）: ASSET-001, ASSET-002, ASSET-003, ASSET-004, ASSET-005, ASSET-006, ASSET-006, ASSET-007, ASSET-008, ASSET-008 他54件
  ⚠️  ASSET-011: 人物プロンプトあり but CHAR参照タグなし ([CHAR-XX reference | 初出/再利用] / [New character] / [Generic group])
  ⚠️  ASSET-012: 人物プロンプトあり but CHAR参照タグなし ([CHAR-XX reference | 初出/再利用] / [New character] / [Generic group])
  ⚠️  ASSET-014: 人物プロンプトあり but CHAR参照タグなし ([CHAR-XX reference | 初出/再利用] / [New character] / [Generic group])
  ⚠️  ASSET-021: 人物プロンプトあり but CHAR参照タグなし ([CHAR-XX reference | 初出/再利用] / [New character] / [Generic group])
  ⚠️  ASSET-022: 人物プロンプトあり but CHAR参照タグなし ([CHAR-XX reference | 初出/再利用] / [New character] / [Generic group])
  ⚠️  ASSET-023: 人物プロンプトあり but CHAR参照タグなし ([CHAR-XX reference | 初出/再利用] / [New character] / [Generic group])
  ⚠️  ASSET-024: 人物プロンプトあり but CHAR参照タグなし ([CHAR-XX reference | 初出/再利用] / [New character] / [Generic group])
  ⚠️  ASSET-025: 人物プロンプトあり but CHAR参照タグなし ([CHAR-XX reference | 初出/再利用] / [New character] / [Generic group])
  ⚠️  ASSET-026: 人物プロンプトあり but CHAR参照タグなし ([CHAR-XX reference | 初出/再利用] / [New character] / [Generic group])
  ⚠️  ASSET-026: 人物プロンプトあり but CHAR参照タグなし ([CHAR-XX reference | 初出/再利用] / [New character] / [Generic group])
  ⚠️  ASSET-027: 人物プロンプトあり but CHAR参照タグなし ([CHAR-XX reference | 初出/再利用] / [New character] / [Generic group])
  ⚠️  ASSET-030: 人物プロンプトあり but CHAR参照タグなし ([CHAR-XX reference | 初出/再利用] / [New character] / [Generic group])
  ⚠️  ASSET-032: 人物プロンプトあり but CHAR参照タグなし ([CHAR-XX reference | 初出/再利用] / [New character] / [Generic group])
  ⚠️  ASSET-036: 人物プロンプトあり but CHAR参照タグなし ([CHAR-XX reference | 初出/再利用] / [New character] / [Generic group])
  ⚠️  ASSET-036: 人物プロンプトあり but CHAR参照タグなし ([CHAR-XX reference | 初出/再利用] / [New character] / [Generic group])
  ⚠️  ASSET-037: 人物プロンプトあり but CHAR参照タグなし ([CHAR-XX reference | 初出/再利用] / [New character] / [Generic group])
  ⚠️  ASSET-038: 人物プロンプトあり but CHAR参照タグなし ([CHAR-XX reference | 初出/再利用] / [New character] / [Generic group])
  ⚠️  ASSET-039: 人物プロンプトあり but CHAR参照タグなし ([CHAR-XX reference | 初出/再利用] / [New character] / [Generic group])
  ⚠️  ASSET-041: 人物プロンプトあり but CHAR参照タグなし ([CHAR-XX reference | 初出/再利用] / [New character] / [Generic group])
  ⚠️  ASSET-042: 人物プロンプトあり but CHAR参照タグなし ([CHAR-XX reference | 初出/再利用] / [New character] / [Generic group])
  ⚠️  ASSET-042: 人物プロンプトあり but CHAR参照タグなし ([CHAR-XX reference | 初出/再利用] / [New character] / [Generic group])
  ⚠️  ASSET-043: 人物プロンプトあり but CHAR参照タグなし ([CHAR-XX reference | 初出/再利用] / [New character] / [Generic group])
  ⚠️  ASSET-044: 人物プロンプトあり but CHAR参照タグなし ([CHAR-XX reference | 初出/再利用] / [New character] / [Generic group])
  ⚠️  ASSET-044: 人物プロンプトあり but CHAR参照タグなし ([CHAR-XX reference | 初出/再利用] / [New character] / [Generic group])
  ⚠️  ASSET-044: 人物プロンプトあり but CHAR参照タグなし ([CHAR-XX reference | 初出/再利用] / [New character] / [Generic group])
  ⚠️  ASSET-045: 人物プロンプトあり but CHAR参照タグなし ([CHAR-XX reference | 初出/再利用] / [New character] / [Generic group])
  ⚠️  ASSET-047: 人物プロンプトあり but CHAR参照タグなし ([CHAR-XX reference | 初出/再利用] / [New character] / [Generic group])
  ⚠️  動画/アニメ比率: 32/65 = 49.2% （基準: 50%以上）→ ⚠️ WARNING

--- [Asset Completeness]: Checking Gansu_Narration_Asset_Combined.md ---
    Parsed: 177 ASSETs

--- 部門別結果 ---
  ❌ 1_完全性: FAIL
  ❌ 2_ナレ必須: FAIL
  ⚠️ 3_CHAR参照: WARNING
  ❌ 4_禁止要素: FAIL
  ✅ 6_総合比率: PASS

[FAILED]: 5 errors, 58 warnings
  ❌ 連番の欠番: ASSET-009
  ❌ カテゴリタグなし: ASSET-002, ASSET-004, ASSET-005, ASSET-006, ASSET-008, ASSET-013, ASSET-031, ASSET-055, ASSET-056, ASSET-057 他16件
  ❌ ナレーションなしASSET（禁止）: ASSET-002, ASSET-010, ASSET-011, ASSET-012, ASSET-111, ASSET-112, ASSET-113, ASSET-114, ASSET-115, ASSET-116 他61件
  ❌ ASSET-113: カメラ専門用語禁止: Ken Burns
  ❌ ASSET-119: カメラ専門用語禁止: Ken Burns
  ⚠️  ASSET-001: 人物プロンプトあり but CHAR参照タグなし ([CHAR-XX reference | 初出/再利用] / [New character] / [Generic group])
  ⚠️  ASSET-006: 人物プロンプトあり but CHAR参照タグなし ([CHAR-XX reference | 初出/再利用] / [New character] / [Generic group])
  ⚠️  ASSET-008: 人物プロンプトあり but CHAR参照タグなし ([CHAR-XX reference | 初出/再利用] / [New character] / [Generic group])
  ⚠️  ASSET-017: 人物プロンプトあり but CHAR参照タグなし ([CHAR-XX reference | 初出/再利用] / [New character] / [Generic group])
  ⚠️  ASSET-018: 人物プロンプトあり but CHAR参照タグなし ([CHAR-XX reference | 初出/再利用] / [New character] / [Generic group])
  ⚠️  ASSET-021: 人物プロンプトあり but CHAR参照タグなし ([CHAR-XX reference | 初出/再利用] / [New character] / [Generic group])
  ⚠️  ASSET-024: 人物プロンプトあり but CHAR参照タグなし ([CHAR-XX reference | 初出/再利用] / [New character] / [Generic group])
  ⚠️  ASSET-026: 人物プロンプトあり but CHAR参照タグなし ([CHAR-XX reference | 初出/再利用] / [New character] / [Generic group])
  ⚠️  ASSET-031: 人物プロンプトあり but CHAR参照タグなし ([CHAR-XX reference | 初出/再利用] / [New character] / [Generic group])
  ⚠️  ASSET-039: 人物プロンプトあり but CHAR参照タグなし ([CHAR-XX reference | 初出/再利用] / [New character] / [Generic group])
  ⚠️  ASSET-042: 人物プロンプトあり but CHAR参照タグなし ([CHAR-XX reference | 初出/再利用] / [New character] / [Generic group])
  ⚠️  ASSET-045: 人物プロンプトあり but CHAR参照タグなし ([CHAR-XX reference | 初出/再利用] / [New character] / [Generic group])
  ⚠️  ASSET-048: 人物プロンプトあり but CHAR参照タグなし ([CHAR-XX reference | 初出/再利用] / [New character] / [Generic group])
  ⚠️  ASSET-049: 人物プロンプトあり but CHAR参照タグなし ([CHAR-XX reference | 初出/再利用] / [New character] / [Generic group])
  ⚠️  ASSET-051: 人物プロンプトあり but CHAR参照タグなし ([CHAR-XX reference | 初出/再利用] / [New character] / [Generic group])
  ⚠️  ASSET-053: 人物プロンプトあり but CHAR参照タグなし ([CHAR-XX reference | 初出/再利用] / [New character] / [Generic group])
  ⚠️  ASSET-056: 人物プロンプトあり but CHAR参照タグなし ([CHAR-XX reference | 初出/再利用] / [New character] / [Generic group])
  ⚠️  ASSET-059: 人物プロンプトあり but CHAR参照タグなし ([CHAR-XX reference | 初出/再利用] / [New character] / [Generic group])
  ⚠️  ASSET-063: 人物プロンプトあり but CHAR参照タグなし ([CHAR-XX reference | 初出/再利用] / [New character] / [Generic group])
  ⚠️  ASSET-064: 人物プロンプトあり but CHAR参照タグなし ([CHAR-XX reference | 初出/再利用] / [New character] / [Generic group])
  ⚠️  ASSET-066: 人物プロンプトあり but CHAR参照タグなし ([CHAR-XX reference | 初出/再利用] / [New character] / [Generic group])
  ⚠️  ASSET-069: 人物プロンプトあり but CHAR参照タグなし ([CHAR-XX reference | 初出/再利用] / [New character] / [Generic group])
  ⚠️  ASSET-071: 人物プロンプトあり but CHAR参照タグなし ([CHAR-XX reference | 初出/再利用] / [New character] / [Generic group])
  ⚠️  ASSET-076: 人物プロンプトあり but CHAR参照タグなし ([CHAR-XX reference | 初出/再利用] / [New character] / [Generic group])
  ⚠️  ASSET-083: 人物プロンプトあり but CHAR参照タグなし ([CHAR-XX reference | 初出/再利用] / [New character] / [Generic group])
  ⚠️  ASSET-084: 人物プロンプトあり but CHAR参照タグなし ([CHAR-XX reference | 初出/再利用] / [New character] / [Generic group])
  ⚠️  ASSET-086: 人物プロンプトあり but CHAR参照タグなし ([CHAR-XX reference | 初出/再利用] / [New character] / [Generic group])
  ⚠️  ASSET-087: 人物プロンプトあり but CHAR参照タグなし ([CHAR-XX reference | 初出/再利用] / [New character] / [Generic group])
  ⚠️  ASSET-089: 人物プロンプトあり but CHAR参照タグなし ([CHAR-XX reference | 初出/再利用] / [New character] / [Generic group])
  ⚠️  ASSET-092: 人物プロンプトあり but CHAR参照タグなし ([CHAR-XX reference | 初出/再利用] / [New character] / [Generic group])
  ⚠️  ASSET-093: 人物プロンプトあり but CHAR参照タグなし ([CHAR-XX reference | 初出/再利用] / [New character] / [Generic group])
  ⚠️  ASSET-095: 人物プロンプトあり but CHAR参照タグなし ([CHAR-XX reference | 初出/再利用] / [New character] / [Generic group])
  ⚠️  ASSET-098: 人物プロンプトあり but CHAR参照タグなし ([CHAR-XX reference | 初出/再利用] / [New character] / [Generic group])
  ⚠️  ASSET-100: 人物プロンプトあり but CHAR参照タグなし ([CHAR-XX reference | 初出/再利用] / [New character] / [Generic group])
  ⚠️  ASSET-103: 人物プロンプトあり but CHAR参照タグなし ([CHAR-XX reference | 初出/再利用] / [New character] / [Generic group])
  ⚠️  ASSET-106: 人物プロンプトあり but CHAR参照タグなし ([CHAR-XX reference | 初出/再利用] / [New character] / [Generic group])
  ⚠️  ASSET-114: 人物プロンプトあり but CHAR参照タグなし ([CHAR-XX reference | 初出/再利用] / [New character] / [Generic group])
  ⚠️  ASSET-119: 人物プロンプトあり but CHAR参照タグなし ([CHAR-XX reference | 初出/再利用] / [New character] / [Generic group])
  ⚠️  ASSET-120: 人物プロンプトあり but CHAR参照タグなし ([CHAR-XX reference | 初出/再利用] / [New character] / [Generic group])
  ⚠️  ASSET-125: 人物プロンプトあり but CHAR参照タグなし ([CHAR-XX reference | 初出/再利用] / [New character] / [Generic group])
  ⚠️  ASSET-127: 人物プロンプトあり but CHAR参照タグなし ([CHAR-XX reference | 初出/再利用] / [New character] / [Generic group])
  ⚠️  ASSET-129: 人物プロンプトあり but CHAR参照タグなし ([CHAR-XX reference | 初出/再利用] / [New character] / [Generic group])
  ⚠️  ASSET-132: 人物プロンプトあり but CHAR参照タグなし ([CHAR-XX reference | 初出/再利用] / [New character] / [Generic group])
  ⚠️  ASSET-134: 人物プロンプトあり but CHAR参照タグなし ([CHAR-XX reference | 初出/再利用] / [New character] / [Generic group])
  ⚠️  ASSET-140: 人物プロンプトあり but CHAR参照タグなし ([CHAR-XX reference | 初出/再利用] / [New character] / [Generic group])
  ⚠️  ASSET-141: 人物プロンプトあり but CHAR参照タグなし ([CHAR-XX reference | 初出/再利用] / [New character] / [Generic group])
  ⚠️  ASSET-142: 人物プロンプトあり but CHAR参照タグなし ([CHAR-XX reference | 初出/再利用] / [New character] / [Generic group])
  ⚠️  ASSET-144: 人物プロンプトあり but CHAR参照タグなし ([CHAR-XX reference | 初出/再利用] / [New character] / [Generic group])
  ⚠️  ASSET-145: 人物プロンプトあり but CHAR参照タグなし ([CHAR-XX reference | 初出/再利用] / [New character] / [Generic group])
  ⚠️  ASSET-146: 人物プロンプトあり but CHAR参照タグなし ([CHAR-XX reference | 初出/再利用] / [New character] / [Generic group])
  ⚠️  ASSET-148: 人物プロンプトあり but CHAR参照タグなし ([CHAR-XX reference | 初出/再利用] / [New character] / [Generic group])
  ⚠️  ASSET-149: 人物プロンプトあり but CHAR参照タグなし ([CHAR-XX reference | 初出/再利用] / [New character] / [Generic group])
  ⚠️  ASSET-155: 人物プロンプトあり but CHAR参照タグなし ([CHAR-XX reference | 初出/再利用] / [New character] / [Generic group])
  ⚠️  ASSET-157: 人物プロンプトあり but CHAR参照タグなし ([CHAR-XX reference | 初出/再利用] / [New character] / [Generic group])
  ⚠️  ASSET-160: 人物プロンプトあり but CHAR参照タグなし ([CHAR-XX reference | 初出/再利用] / [New character] / [Generic group])
  ⚠️  ASSET-169: 人物プロンプトあり but CHAR参照タグなし ([CHAR-XX reference | 初出/再利用] / [New character] / [Generic group])
  ⚠️  ASSET-171: 人物プロンプトあり but CHAR参照タグなし ([CHAR-XX reference | 初出/再利用] / [New character] / [Generic group])
  ⚠️  ASSET-174: 人物プロンプトあり but CHAR参照タグなし ([CHAR-XX reference | 初出/再利用] / [New character] / [Generic group])

--- [Asset Completeness]: Checking Gansu_Asset_Prompts.md ---
    Parsed: 65 ASSETs

--- 部門別結果 ---
  ✅ 1_完全性: PASS
  ❌ 2_ナレ必須: FAIL
  ⚠️ 3_CHAR参照: WARNING
  ✅ 4_禁止要素: PASS
  ⚠️ 6_総合比率: WARNING

[FAILED]: 1 errors, 28 warnings
  ❌ ナレーションなしASSET（禁止）: ASSET-001, ASSET-002, ASSET-003, ASSET-004, ASSET-005, ASSET-006, ASSET-006, ASSET-007, ASSET-008, ASSET-008 他54件
  ⚠️  ASSET-011: 人物プロンプトあり but CHAR参照タグなし ([CHAR-XX reference | 初出/再利用] / [New character] / [Generic group])
  ⚠️  ASSET-012: 人物プロンプトあり but CHAR参照タグなし ([CHAR-XX reference | 初出/再利用] / [New character] / [Generic group])
  ⚠️  ASSET-014: 人物プロンプトあり but CHAR参照タグなし ([CHAR-XX reference | 初出/再利用] / [New character] / [Generic group])
  ⚠️  ASSET-021: 人物プロンプトあり but CHAR参照タグなし ([CHAR-XX reference | 初出/再利用] / [New character] / [Generic group])
  ⚠️  ASSET-022: 人物プロンプトあり but CHAR参照タグなし ([CHAR-XX reference | 初出/再利用] / [New character] / [Generic group])
  ⚠️  ASSET-023: 人物プロンプトあり but CHAR参照タグなし ([CHAR-XX reference | 初出/再利用] / [New character] / [Generic group])
  ⚠️  ASSET-024: 人物プロンプトあり but CHAR参照タグなし ([CHAR-XX reference | 初出/再利用] / [New character] / [Generic group])
  ⚠️  ASSET-025: 人物プロンプトあり but CHAR参照タグなし ([CHAR-XX reference | 初出/再利用] / [New character] / [Generic group])
  ⚠️  ASSET-026: 人物プロンプトあり but CHAR参照タグなし ([CHAR-XX reference | 初出/再利用] / [New character] / [Generic group])
  ⚠️  ASSET-026: 人物プロンプトあり but CHAR参照タグなし ([CHAR-XX reference | 初出/再利用] / [New character] / [Generic group])
  ⚠️  ASSET-027: 人物プロンプトあり but CHAR参照タグなし ([CHAR-XX reference | 初出/再利用] / [New character] / [Generic group])
  ⚠️  ASSET-030: 人物プロンプトあり but CHAR参照タグなし ([CHAR-XX reference | 初出/再利用] / [New character] / [Generic group])
  ⚠️  ASSET-032: 人物プロンプトあり but CHAR参照タグなし ([CHAR-XX reference | 初出/再利用] / [New character] / [Generic group])
  ⚠️  ASSET-036: 人物プロンプトあり but CHAR参照タグなし ([CHAR-XX reference | 初出/再利用] / [New character] / [Generic group])
  ⚠️  ASSET-036: 人物プロンプトあり but CHAR参照タグなし ([CHAR-XX reference | 初出/再利用] / [New character] / [Generic group])
  ⚠️  ASSET-037: 人物プロンプトあり but CHAR参照タグなし ([CHAR-XX reference | 初出/再利用] / [New character] / [Generic group])
  ⚠️  ASSET-038: 人物プロンプトあり but CHAR参照タグなし ([CHAR-XX reference | 初出/再利用] / [New character] / [Generic group])
  ⚠️  ASSET-039: 人物プロンプトあり but CHAR参照タグなし ([CHAR-XX reference | 初出/再利用] / [New character] / [Generic group])
  ⚠️  ASSET-041: 人物プロンプトあり but CHAR参照タグなし ([CHAR-XX reference | 初出/再利用] / [New character] / [Generic group])
  ⚠️  ASSET-042: 人物プロンプトあり but CHAR参照タグなし ([CHAR-XX reference | 初出/再利用] / [New character] / [Generic group])
  ⚠️  ASSET-042: 人物プロンプトあり but CHAR参照タグなし ([CHAR-XX reference | 初出/再利用] / [New character] / [Generic group])
  ⚠️  ASSET-043: 人物プロンプトあり but CHAR参照タグなし ([CHAR-XX reference | 初出/再利用] / [New character] / [Generic group])
  ⚠️  ASSET-044: 人物プロンプトあり but CHAR参照タグなし ([CHAR-XX reference | 初出/再利用] / [New character] / [Generic group])
  ⚠️  ASSET-044: 人物プロンプトあり but CHAR参照タグなし ([CHAR-XX reference | 初出/再利用] / [New character] / [Generic group])
  ⚠️  ASSET-044: 人物プロンプトあり but CHAR参照タグなし ([CHAR-XX reference | 初出/再利用] / [New character] / [Generic group])
  ⚠️  ASSET-045: 人物プロンプトあり but CHAR参照タグなし ([CHAR-XX reference | 初出/再利用] / [New character] / [Generic group])
  ⚠️  ASSET-047: 人物プロンプトあり but CHAR参照タグなし ([CHAR-XX reference | 初出/再利用] / [New character] / [Generic group])
  ⚠️  動画/アニメ比率: 32/65 = 49.2% （基準: 50%以上）→ ⚠️ WARNING

--- [Asset Completeness]: Checking Gansu_Asset_Prompts.md ---
    Parsed: 65 ASSETs

--- 部門別結果 ---
  ✅ 1_完全性: PASS
  ❌ 2_ナレ必須: FAIL
  ⚠️ 3_CHAR参照: WARNING
  ✅ 4_禁止要素: PASS
  ⚠️ 6_総合比率: WARNING

[FAILED]: 1 errors, 28 warnings
  ❌ ナレーションなしASSET（禁止）: ASSET-001, ASSET-002, ASSET-003, ASSET-004, ASSET-005, ASSET-006, ASSET-006, ASSET-007, ASSET-008, ASSET-008 他54件
  ⚠️  ASSET-011: 人物プロンプトあり but CHAR参照タグなし ([CHAR-XX reference | 初出/再利用] / [New character] / [Generic group])
  ⚠️  ASSET-012: 人物プロンプトあり but CHAR参照タグなし ([CHAR-XX reference | 初出/再利用] / [New character] / [Generic group])
  ⚠️  ASSET-014: 人物プロンプトあり but CHAR参照タグなし ([CHAR-XX reference | 初出/再利用] / [New character] / [Generic group])
  ⚠️  ASSET-021: 人物プロンプトあり but CHAR参照タグなし ([CHAR-XX reference | 初出/再利用] / [New character] / [Generic group])
  ⚠️  ASSET-022: 人物プロンプトあり but CHAR参照タグなし ([CHAR-XX reference | 初出/再利用] / [New character] / [Generic group])
  ⚠️  ASSET-023: 人物プロンプトあり but CHAR参照タグなし ([CHAR-XX reference | 初出/再利用] / [New character] / [Generic group])
  ⚠️  ASSET-024: 人物プロンプトあり but CHAR参照タグなし ([CHAR-XX reference | 初出/再利用] / [New character] / [Generic group])
  ⚠️  ASSET-025: 人物プロンプトあり but CHAR参照タグなし ([CHAR-XX reference | 初出/再利用] / [New character] / [Generic group])
  ⚠️  ASSET-026: 人物プロンプトあり but CHAR参照タグなし ([CHAR-XX reference | 初出/再利用] / [New character] / [Generic group])
  ⚠️  ASSET-026: 人物プロンプトあり but CHAR参照タグなし ([CHAR-XX reference | 初出/再利用] / [New character] / [Generic group])
  ⚠️  ASSET-027: 人物プロンプトあり but CHAR参照タグなし ([CHAR-XX reference | 初出/再利用] / [New character] / [Generic group])
  ⚠️  ASSET-030: 人物プロンプトあり but CHAR参照タグなし ([CHAR-XX reference | 初出/再利用] / [New character] / [Generic group])
  ⚠️  ASSET-032: 人物プロンプトあり but CHAR参照タグなし ([CHAR-XX reference | 初出/再利用] / [New character] / [Generic group])
  ⚠️  ASSET-036: 人物プロンプトあり but CHAR参照タグなし ([CHAR-XX reference | 初出/再利用] / [New character] / [Generic group])
  ⚠️  ASSET-036: 人物プロンプトあり but CHAR参照タグなし ([CHAR-XX reference | 初出/再利用] / [New character] / [Generic group])
  ⚠️  ASSET-037: 人物プロンプトあり but CHAR参照タグなし ([CHAR-XX reference | 初出/再利用] / [New character] / [Generic group])
  ⚠️  ASSET-038: 人物プロンプトあり but CHAR参照タグなし ([CHAR-XX reference | 初出/再利用] / [New character] / [Generic group])
  ⚠️  ASSET-039: 人物プロンプトあり but CHAR参照タグなし ([CHAR-XX reference | 初出/再利用] / [New character] / [Generic group])
  ⚠️  ASSET-041: 人物プロンプトあり but CHAR参照タグなし ([CHAR-XX reference | 初出/再利用] / [New character] / [Generic group])
  ⚠️  ASSET-042: 人物プロンプトあり but CHAR参照タグなし ([CHAR-XX reference | 初出/再利用] / [New character] / [Generic group])
  ⚠️  ASSET-042: 人物プロンプトあり but CHAR参照タグなし ([CHAR-XX reference | 初出/再利用] / [New character] / [Generic group])
  ⚠️  ASSET-043: 人物プロンプトあり but CHAR参照タグなし ([CHAR-XX reference | 初出/再利用] / [New character] / [Generic group])
  ⚠️  ASSET-044: 人物プロンプトあり but CHAR参照タグなし ([CHAR-XX reference | 初出/再利用] / [New character] / [Generic group])
  ⚠️  ASSET-044: 人物プロンプトあり but CHAR参照タグなし ([CHAR-XX reference | 初出/再利用] / [New character] / [Generic group])
  ⚠️  ASSET-044: 人物プロンプトあり but CHAR参照タグなし ([CHAR-XX reference | 初出/再利用] / [New character] / [Generic group])
  ⚠️  ASSET-045: 人物プロンプトあり but CHAR参照タグなし ([CHAR-XX reference | 初出/再利用] / [New character] / [Generic group])
  ⚠️  ASSET-047: 人物プロンプトあり but CHAR参照タグなし ([CHAR-XX reference | 初出/再利用] / [New character] / [Generic group])
  ⚠️  動画/アニメ比率: 32/65 = 49.2% （基準: 50%以上）→ ⚠️ WARNING

--- [Asset Completeness]: Checking Gansu_Asset_Prompts.md ---
    Parsed: 65 ASSETs

--- 部門別結果 ---
  ✅ 1_完全性: PASS
  ❌ 2_ナレ必須: FAIL
  ⚠️ 3_CHAR参照: WARNING
  ✅ 4_禁止要素: PASS
  ⚠️ 6_総合比率: WARNING

[FAILED]: 1 errors, 27 warnings
  ❌ ナレーションなしASSET（禁止）: ASSET-001, ASSET-002, ASSET-003, ASSET-004, ASSET-005, ASSET-006, ASSET-006, ASSET-007, ASSET-008, ASSET-008 他54件
  ⚠️  ASSET-011: 人物プロンプトあり but CHAR参照タグなし ([CHAR-XX reference | 初出/再利用] / [New character] / [Generic group])
  ⚠️  ASSET-012: 人物プロンプトあり but CHAR参照タグなし ([CHAR-XX reference | 初出/再利用] / [New character] / [Generic group])
  ⚠️  ASSET-021: 人物プロンプトあり but CHAR参照タグなし ([CHAR-XX reference | 初出/再利用] / [New character] / [Generic group])
  ⚠️  ASSET-022: 人物プロンプトあり but CHAR参照タグなし ([CHAR-XX reference | 初出/再利用] / [New character] / [Generic group])
  ⚠️  ASSET-023: 人物プロンプトあり but CHAR参照タグなし ([CHAR-XX reference | 初出/再利用] / [New character] / [Generic group])
  ⚠️  ASSET-024: 人物プロンプトあり but CHAR参照タグなし ([CHAR-XX reference | 初出/再利用] / [New character] / [Generic group])
  ⚠️  ASSET-025: 人物プロンプトあり but CHAR参照タグなし ([CHAR-XX reference | 初出/再利用] / [New character] / [Generic group])
  ⚠️  ASSET-026: 人物プロンプトあり but CHAR参照タグなし ([CHAR-XX reference | 初出/再利用] / [New character] / [Generic group])
  ⚠️  ASSET-026: 人物プロンプトあり but CHAR参照タグなし ([CHAR-XX reference | 初出/再利用] / [New character] / [Generic group])
  ⚠️  ASSET-027: 人物プロンプトあり but CHAR参照タグなし ([CHAR-XX reference | 初出/再利用] / [New character] / [Generic group])
  ⚠️  ASSET-030: 人物プロンプトあり but CHAR参照タグなし ([CHAR-XX reference | 初出/再利用] / [New character] / [Generic group])
  ⚠️  ASSET-032: 人物プロンプトあり but CHAR参照タグなし ([CHAR-XX reference | 初出/再利用] / [New character] / [Generic group])
  ⚠️  ASSET-036: 人物プロンプトあり but CHAR参照タグなし ([CHAR-XX reference | 初出/再利用] / [New character] / [Generic group])
  ⚠️  ASSET-036: 人物プロンプトあり but CHAR参照タグなし ([CHAR-XX reference | 初出/再利用] / [New character] / [Generic group])
  ⚠️  ASSET-037: 人物プロンプトあり but CHAR参照タグなし ([CHAR-XX reference | 初出/再利用] / [New character] / [Generic group])
  ⚠️  ASSET-038: 人物プロンプトあり but CHAR参照タグなし ([CHAR-XX reference | 初出/再利用] / [New character] / [Generic group])
  ⚠️  ASSET-039: 人物プロンプトあり but CHAR参照タグなし ([CHAR-XX reference | 初出/再利用] / [New character] / [Generic group])
  ⚠️  ASSET-041: 人物プロンプトあり but CHAR参照タグなし ([CHAR-XX reference | 初出/再利用] / [New character] / [Generic group])
  ⚠️  ASSET-042: 人物プロンプトあり but CHAR参照タグなし ([CHAR-XX reference | 初出/再利用] / [New character] / [Generic group])
  ⚠️  ASSET-042: 人物プロンプトあり but CHAR参照タグなし ([CHAR-XX reference | 初出/再利用] / [New character] / [Generic group])
  ⚠️  ASSET-043: 人物プロンプトあり but CHAR参照タグなし ([CHAR-XX reference | 初出/再利用] / [New character] / [Generic group])
  ⚠️  ASSET-044: 人物プロンプトあり but CHAR参照タグなし ([CHAR-XX reference | 初出/再利用] / [New character] / [Generic group])
  ⚠️  ASSET-044: 人物プロンプトあり but CHAR参照タグなし ([CHAR-XX reference | 初出/再利用] / [New character] / [Generic group])
  ⚠️  ASSET-044: 人物プロンプトあり but CHAR参照タグなし ([CHAR-XX reference | 初出/再利用] / [New character] / [Generic group])
  ⚠️  ASSET-045: 人物プロンプトあり but CHAR参照タグなし ([CHAR-XX reference | 初出/再利用] / [New character] / [Generic group])
  ⚠️  ASSET-047: 人物プロンプトあり but CHAR参照タグなし ([CHAR-XX reference | 初出/再利用] / [New character] / [Generic group])
  ⚠️  動画/アニメ比率: 32/65 = 49.2% （基準: 50%以上）→ ⚠️ WARNING

--- [Asset Completeness]: Checking Gansu_Asset_Prompts.md ---
    Parsed: 65 ASSETs

--- 部門別結果 ---
  ✅ 1_完全性: PASS
  ❌ 2_ナレ必須: FAIL
  ⚠️ 3_CHAR参照: WARNING
  ✅ 4_禁止要素: PASS
  ⚠️ 6_総合比率: WARNING

[FAILED]: 1 errors, 27 warnings
  ❌ ナレーションなしASSET（禁止）: ASSET-001, ASSET-002, ASSET-003, ASSET-004, ASSET-005, ASSET-006, ASSET-006, ASSET-007, ASSET-008, ASSET-008 他54件
  ⚠️  ASSET-011: 人物プロンプトあり but CHAR参照タグなし ([CHAR-XX reference | 初出/再利用] / [New character] / [Generic group])
  ⚠️  ASSET-012: 人物プロンプトあり but CHAR参照タグなし ([CHAR-XX reference | 初出/再利用] / [New character] / [Generic group])
  ⚠️  ASSET-021: 人物プロンプトあり but CHAR参照タグなし ([CHAR-XX reference | 初出/再利用] / [New character] / [Generic group])
  ⚠️  ASSET-022: 人物プロンプトあり but CHAR参照タグなし ([CHAR-XX reference | 初出/再利用] / [New character] / [Generic group])
  ⚠️  ASSET-023: 人物プロンプトあり but CHAR参照タグなし ([CHAR-XX reference | 初出/再利用] / [New character] / [Generic group])
  ⚠️  ASSET-024: 人物プロンプトあり but CHAR参照タグなし ([CHAR-XX reference | 初出/再利用] / [New character] / [Generic group])
  ⚠️  ASSET-025: 人物プロンプトあり but CHAR参照タグなし ([CHAR-XX reference | 初出/再利用] / [New character] / [Generic group])
  ⚠️  ASSET-026: 人物プロンプトあり but CHAR参照タグなし ([CHAR-XX reference | 初出/再利用] / [New character] / [Generic group])
  ⚠️  ASSET-026: 人物プロンプトあり but CHAR参照タグなし ([CHAR-XX reference | 初出/再利用] / [New character] / [Generic group])
  ⚠️  ASSET-027: 人物プロンプトあり but CHAR参照タグなし ([CHAR-XX reference | 初出/再利用] / [New character] / [Generic group])
  ⚠️  ASSET-030: 人物プロンプトあり but CHAR参照タグなし ([CHAR-XX reference | 初出/再利用] / [New character] / [Generic group])
  ⚠️  ASSET-032: 人物プロンプトあり but CHAR参照タグなし ([CHAR-XX reference | 初出/再利用] / [New character] / [Generic group])
  ⚠️  ASSET-036: 人物プロンプトあり but CHAR参照タグなし ([CHAR-XX reference | 初出/再利用] / [New character] / [Generic group])
  ⚠️  ASSET-036: 人物プロンプトあり but CHAR参照タグなし ([CHAR-XX reference | 初出/再利用] / [New character] / [Generic group])
  ⚠️  ASSET-037: 人物プロンプトあり but CHAR参照タグなし ([CHAR-XX reference | 初出/再利用] / [New character] / [Generic group])
  ⚠️  ASSET-038: 人物プロンプトあり but CHAR参照タグなし ([CHAR-XX reference | 初出/再利用] / [New character] / [Generic group])
  ⚠️  ASSET-039: 人物プロンプトあり but CHAR参照タグなし ([CHAR-XX reference | 初出/再利用] / [New character] / [Generic group])
  ⚠️  ASSET-041: 人物プロンプトあり but CHAR参照タグなし ([CHAR-XX reference | 初出/再利用] / [New character] / [Generic group])
  ⚠️  ASSET-042: 人物プロンプトあり but CHAR参照タグなし ([CHAR-XX reference | 初出/再利用] / [New character] / [Generic group])
  ⚠️  ASSET-042: 人物プロンプトあり but CHAR参照タグなし ([CHAR-XX reference | 初出/再利用] / [New character] / [Generic group])
  ⚠️  ASSET-043: 人物プロンプトあり but CHAR参照タグなし ([CHAR-XX reference | 初出/再利用] / [New character] / [Generic group])
  ⚠️  ASSET-044: 人物プロンプトあり but CHAR参照タグなし ([CHAR-XX reference | 初出/再利用] / [New character] / [Generic group])
  ⚠️  ASSET-044: 人物プロンプトあり but CHAR参照タグなし ([CHAR-XX reference | 初出/再利用] / [New character] / [Generic group])
  ⚠️  ASSET-044: 人物プロンプトあり but CHAR参照タグなし ([CHAR-XX reference | 初出/再利用] / [New character] / [Generic group])
  ⚠️  ASSET-045: 人物プロンプトあり but CHAR参照タグなし ([CHAR-XX reference | 初出/再利用] / [New character] / [Generic group])
  ⚠️  ASSET-047: 人物プロンプトあり but CHAR参照タグなし ([CHAR-XX reference | 初出/再利用] / [New character] / [Generic group])
  ⚠️  動画/アニメ比率: 32/65 = 49.2% （基準: 50%以上）→ ⚠️ WARNING

--- [Asset Completeness]: Checking Gansu_Narration_Asset_Combined.md ---
    Parsed: 177 ASSETs

--- 部門別結果 ---
  ❌ 1_完全性: FAIL
  ❌ 2_ナレ必須: FAIL
  ⚠️ 3_CHAR参照: WARNING
  ❌ 4_禁止要素: FAIL
  ✅ 6_総合比率: PASS

[FAILED]: 5 errors, 58 warnings
  ❌ 連番の欠番: ASSET-009
  ❌ カテゴリタグなし: ASSET-002, ASSET-004, ASSET-005, ASSET-006, ASSET-008, ASSET-013, ASSET-031, ASSET-055, ASSET-056, ASSET-057 他16件
  ❌ ナレーションなしASSET（禁止）: ASSET-002, ASSET-010, ASSET-011, ASSET-012, ASSET-111, ASSET-112, ASSET-113, ASSET-114, ASSET-115, ASSET-116 他61件
  ❌ ASSET-113: カメラ専門用語禁止: Ken Burns
  ❌ ASSET-119: カメラ専門用語禁止: Ken Burns
  ⚠️  ASSET-001: 人物プロンプトあり but CHAR参照タグなし ([CHAR-XX reference | 初出/再利用] / [New character] / [Generic group])
  ⚠️  ASSET-006: 人物プロンプトあり but CHAR参照タグなし ([CHAR-XX reference | 初出/再利用] / [New character] / [Generic group])
  ⚠️  ASSET-008: 人物プロンプトあり but CHAR参照タグなし ([CHAR-XX reference | 初出/再利用] / [New character] / [Generic group])
  ⚠️  ASSET-017: 人物プロンプトあり but CHAR参照タグなし ([CHAR-XX reference | 初出/再利用] / [New character] / [Generic group])
  ⚠️  ASSET-018: 人物プロンプトあり but CHAR参照タグなし ([CHAR-XX reference | 初出/再利用] / [New character] / [Generic group])
  ⚠️  ASSET-021: 人物プロンプトあり but CHAR参照タグなし ([CHAR-XX reference | 初出/再利用] / [New character] / [Generic group])
  ⚠️  ASSET-024: 人物プロンプトあり but CHAR参照タグなし ([CHAR-XX reference | 初出/再利用] / [New character] / [Generic group])
  ⚠️  ASSET-026: 人物プロンプトあり but CHAR参照タグなし ([CHAR-XX reference | 初出/再利用] / [New character] / [Generic group])
  ⚠️  ASSET-031: 人物プロンプトあり but CHAR参照タグなし ([CHAR-XX reference | 初出/再利用] / [New character] / [Generic group])
  ⚠️  ASSET-039: 人物プロンプトあり but CHAR参照タグなし ([CHAR-XX reference | 初出/再利用] / [New character] / [Generic group])
  ⚠️  ASSET-042: 人物プロンプトあり but CHAR参照タグなし ([CHAR-XX reference | 初出/再利用] / [New character] / [Generic group])
  ⚠️  ASSET-045: 人物プロンプトあり but CHAR参照タグなし ([CHAR-XX reference | 初出/再利用] / [New character] / [Generic group])
  ⚠️  ASSET-048: 人物プロンプトあり but CHAR参照タグなし ([CHAR-XX reference | 初出/再利用] / [New character] / [Generic group])
  ⚠️  ASSET-049: 人物プロンプトあり but CHAR参照タグなし ([CHAR-XX reference | 初出/再利用] / [New character] / [Generic group])
  ⚠️  ASSET-051: 人物プロンプトあり but CHAR参照タグなし ([CHAR-XX reference | 初出/再利用] / [New character] / [Generic group])
  ⚠️  ASSET-053: 人物プロンプトあり but CHAR参照タグなし ([CHAR-XX reference | 初出/再利用] / [New character] / [Generic group])
  ⚠️  ASSET-056: 人物プロンプトあり but CHAR参照タグなし ([CHAR-XX reference | 初出/再利用] / [New character] / [Generic group])
  ⚠️  ASSET-059: 人物プロンプトあり but CHAR参照タグなし ([CHAR-XX reference | 初出/再利用] / [New character] / [Generic group])
  ⚠️  ASSET-063: 人物プロンプトあり but CHAR参照タグなし ([CHAR-XX reference | 初出/再利用] / [New character] / [Generic group])
  ⚠️  ASSET-064: 人物プロンプトあり but CHAR参照タグなし ([CHAR-XX reference | 初出/再利用] / [New character] / [Generic group])
  ⚠️  ASSET-066: 人物プロンプトあり but CHAR参照タグなし ([CHAR-XX reference | 初出/再利用] / [New character] / [Generic group])
  ⚠️  ASSET-069: 人物プロンプトあり but CHAR参照タグなし ([CHAR-XX reference | 初出/再利用] / [New character] / [Generic group])
  ⚠️  ASSET-071: 人物プロンプトあり but CHAR参照タグなし ([CHAR-XX reference | 初出/再利用] / [New character] / [Generic group])
  ⚠️  ASSET-076: 人物プロンプトあり but CHAR参照タグなし ([CHAR-XX reference | 初出/再利用] / [New character] / [Generic group])
  ⚠️  ASSET-083: 人物プロンプトあり but CHAR参照タグなし ([CHAR-XX reference | 初出/再利用] / [New character] / [Generic group])
  ⚠️  ASSET-084: 人物プロンプトあり but CHAR参照タグなし ([CHAR-XX reference | 初出/再利用] / [New character] / [Generic group])
  ⚠️  ASSET-086: 人物プロンプトあり but CHAR参照タグなし ([CHAR-XX reference | 初出/再利用] / [New character] / [Generic group])
  ⚠️  ASSET-087: 人物プロンプトあり but CHAR参照タグなし ([CHAR-XX reference | 初出/再利用] / [New character] / [Generic group])
  ⚠️  ASSET-089: 人物プロンプトあり but CHAR参照タグなし ([CHAR-XX reference | 初出/再利用] / [New character] / [Generic group])
  ⚠️  ASSET-092: 人物プロンプトあり but CHAR参照タグなし ([CHAR-XX reference | 初出/再利用] / [New character] / [Generic group])
  ⚠️  ASSET-093: 人物プロンプトあり but CHAR参照タグなし ([CHAR-XX reference | 初出/再利用] / [New character] / [Generic group])
  ⚠️  ASSET-095: 人物プロンプトあり but CHAR参照タグなし ([CHAR-XX reference | 初出/再利用] / [New character] / [Generic group])
  ⚠️  ASSET-098: 人物プロンプトあり but CHAR参照タグなし ([CHAR-XX reference | 初出/再利用] / [New character] / [Generic group])
  ⚠️  ASSET-100: 人物プロンプトあり but CHAR参照タグなし ([CHAR-XX reference | 初出/再利用] / [New character] / [Generic group])
  ⚠️  ASSET-103: 人物プロンプトあり but CHAR参照タグなし ([CHAR-XX reference | 初出/再利用] / [New character] / [Generic group])
  ⚠️  ASSET-106: 人物プロンプトあり but CHAR参照タグなし ([CHAR-XX reference | 初出/再利用] / [New character] / [Generic group])
  ⚠️  ASSET-114: 人物プロンプトあり but CHAR参照タグなし ([CHAR-XX reference | 初出/再利用] / [New character] / [Generic group])
  ⚠️  ASSET-119: 人物プロンプトあり but CHAR参照タグなし ([CHAR-XX reference | 初出/再利用] / [New character] / [Generic group])
  ⚠️  ASSET-120: 人物プロンプトあり but CHAR参照タグなし ([CHAR-XX reference | 初出/再利用] / [New character] / [Generic group])
  ⚠️  ASSET-125: 人物プロンプトあり but CHAR参照タグなし ([CHAR-XX reference | 初出/再利用] / [New character] / [Generic group])
  ⚠️  ASSET-127: 人物プロンプトあり but CHAR参照タグなし ([CHAR-XX reference | 初出/再利用] / [New character] / [Generic group])
  ⚠️  ASSET-129: 人物プロンプトあり but CHAR参照タグなし ([CHAR-XX reference | 初出/再利用] / [New character] / [Generic group])
  ⚠️  ASSET-132: 人物プロンプトあり but CHAR参照タグなし ([CHAR-XX reference | 初出/再利用] / [New character] / [Generic group])
  ⚠️  ASSET-134: 人物プロンプトあり but CHAR参照タグなし ([CHAR-XX reference | 初出/再利用] / [New character] / [Generic group])
  ⚠️  ASSET-140: 人物プロンプトあり but CHAR参照タグなし ([CHAR-XX reference | 初出/再利用] / [New character] / [Generic group])
  ⚠️  ASSET-141: 人物プロンプトあり but CHAR参照タグなし ([CHAR-XX reference | 初出/再利用] / [New character] / [Generic group])
  ⚠️  ASSET-142: 人物プロンプトあり but CHAR参照タグなし ([CHAR-XX reference | 初出/再利用] / [New character] / [Generic group])
  ⚠️  ASSET-144: 人物プロンプトあり but CHAR参照タグなし ([CHAR-XX reference | 初出/再利用] / [New character] / [Generic group])
  ⚠️  ASSET-145: 人物プロンプトあり but CHAR参照タグなし ([CHAR-XX reference | 初出/再利用] / [New character] / [Generic group])
  ⚠️  ASSET-146: 人物プロンプトあり but CHAR参照タグなし ([CHAR-XX reference | 初出/再利用] / [New character] / [Generic group])
  ⚠️  ASSET-148: 人物プロンプトあり but CHAR参照タグなし ([CHAR-XX reference | 初出/再利用] / [New character] / [Generic group])
  ⚠️  ASSET-149: 人物プロンプトあり but CHAR参照タグなし ([CHAR-XX reference | 初出/再利用] / [New character] / [Generic group])
  ⚠️  ASSET-155: 人物プロンプトあり but CHAR参照タグなし ([CHAR-XX reference | 初出/再利用] / [New character] / [Generic group])
  ⚠️  ASSET-157: 人物プロンプトあり but CHAR参照タグなし ([CHAR-XX reference | 初出/再利用] / [New character] / [Generic group])
  ⚠️  ASSET-160: 人物プロンプトあり but CHAR参照タグなし ([CHAR-XX reference | 初出/再利用] / [New character] / [Generic group])
  ⚠️  ASSET-169: 人物プロンプトあり but CHAR参照タグなし ([CHAR-XX reference | 初出/再利用] / [New character] / [Generic group])
  ⚠️  ASSET-171: 人物プロンプトあり but CHAR参照タグなし ([CHAR-XX reference | 初出/再利用] / [New character] / [Generic group])
  ⚠️  ASSET-174: 人物プロンプトあり but CHAR参照タグなし ([CHAR-XX reference | 初出/再利用] / [New character] / [Generic group])

--- [Asset Completeness]: Checking Gansu_Asset_Prompts.md ---
    Parsed: 65 ASSETs

--- 部門別結果 ---
  ✅ 1_完全性: PASS
  ❌ 2_ナレ必須: FAIL
  ⚠️ 3_CHAR参照: WARNING
  ✅ 4_禁止要素: PASS
  ⚠️ 6_総合比率: WARNING

[FAILED]: 1 errors, 27 warnings
  ❌ ナレーションなしASSET（禁止）: ASSET-001, ASSET-002, ASSET-003, ASSET-004, ASSET-005, ASSET-006, ASSET-006, ASSET-007, ASSET-008, ASSET-008 他54件
  ⚠️  ASSET-011: 人物プロンプトあり but CHAR参照タグなし ([CHAR-XX reference | 初出/再利用] / [New character] / [Generic group])
  ⚠️  ASSET-012: 人物プロンプトあり but CHAR参照タグなし ([CHAR-XX reference | 初出/再利用] / [New character] / [Generic group])
  ⚠️  ASSET-021: 人物プロンプトあり but CHAR参照タグなし ([CHAR-XX reference | 初出/再利用] / [New character] / [Generic group])
  ⚠️  ASSET-022: 人物プロンプトあり but CHAR参照タグなし ([CHAR-XX reference | 初出/再利用] / [New character] / [Generic group])
  ⚠️  ASSET-023: 人物プロンプトあり but CHAR参照タグなし ([CHAR-XX reference | 初出/再利用] / [New character] / [Generic group])
  ⚠️  ASSET-024: 人物プロンプトあり but CHAR参照タグなし ([CHAR-XX reference | 初出/再利用] / [New character] / [Generic group])
  ⚠️  ASSET-025: 人物プロンプトあり but CHAR参照タグなし ([CHAR-XX reference | 初出/再利用] / [New character] / [Generic group])
  ⚠️  ASSET-026: 人物プロンプトあり but CHAR参照タグなし ([CHAR-XX reference | 初出/再利用] / [New character] / [Generic group])
  ⚠️  ASSET-026: 人物プロンプトあり but CHAR参照タグなし ([CHAR-XX reference | 初出/再利用] / [New character] / [Generic group])
  ⚠️  ASSET-027: 人物プロンプトあり but CHAR参照タグなし ([CHAR-XX reference | 初出/再利用] / [New character] / [Generic group])
  ⚠️  ASSET-030: 人物プロンプトあり but CHAR参照タグなし ([CHAR-XX reference | 初出/再利用] / [New character] / [Generic group])
  ⚠️  ASSET-032: 人物プロンプトあり but CHAR参照タグなし ([CHAR-XX reference | 初出/再利用] / [New character] / [Generic group])
  ⚠️  ASSET-036: 人物プロンプトあり but CHAR参照タグなし ([CHAR-XX reference | 初出/再利用] / [New character] / [Generic group])
  ⚠️  ASSET-036: 人物プロンプトあり but CHAR参照タグなし ([CHAR-XX reference | 初出/再利用] / [New character] / [Generic group])
  ⚠️  ASSET-037: 人物プロンプトあり but CHAR参照タグなし ([CHAR-XX reference | 初出/再利用] / [New character] / [Generic group])
  ⚠️  ASSET-038: 人物プロンプトあり but CHAR参照タグなし ([CHAR-XX reference | 初出/再利用] / [New character] / [Generic group])
  ⚠️  ASSET-039: 人物プロンプトあり but CHAR参照タグなし ([CHAR-XX reference | 初出/再利用] / [New character] / [Generic group])
  ⚠️  ASSET-041: 人物プロンプトあり but CHAR参照タグなし ([CHAR-XX reference | 初出/再利用] / [New character] / [Generic group])
  ⚠️  ASSET-042: 人物プロンプトあり but CHAR参照タグなし ([CHAR-XX reference | 初出/再利用] / [New character] / [Generic group])
  ⚠️  ASSET-042: 人物プロンプトあり but CHAR参照タグなし ([CHAR-XX reference | 初出/再利用] / [New character] / [Generic group])
  ⚠️  ASSET-043: 人物プロンプトあり but CHAR参照タグなし ([CHAR-XX reference | 初出/再利用] / [New character] / [Generic group])
  ⚠️  ASSET-044: 人物プロンプトあり but CHAR参照タグなし ([CHAR-XX reference | 初出/再利用] / [New character] / [Generic group])
  ⚠️  ASSET-044: 人物プロンプトあり but CHAR参照タグなし ([CHAR-XX reference | 初出/再利用] / [New character] / [Generic group])
  ⚠️  ASSET-044: 人物プロンプトあり but CHAR参照タグなし ([CHAR-XX reference | 初出/再利用] / [New character] / [Generic group])
  ⚠️  ASSET-045: 人物プロンプトあり but CHAR参照タグなし ([CHAR-XX reference | 初出/再利用] / [New character] / [Generic group])
  ⚠️  ASSET-047: 人物プロンプトあり but CHAR参照タグなし ([CHAR-XX reference | 初出/再利用] / [New character] / [Generic group])
  ⚠️  動画/アニメ比率: 32/65 = 49.2% （基準: 50%以上）→ ⚠️ WARNING

--- [Asset Completeness]: Checking Gansu_Asset_Prompts.md ---
    Parsed: 65 ASSETs

--- 部門別結果 ---
  ✅ 1_完全性: PASS
  ❌ 2_ナレ必須: FAIL
  ⚠️ 3_CHAR参照: WARNING
  ✅ 4_禁止要素: PASS
  ⚠️ 6_総合比率: WARNING

[FAILED]: 1 errors, 27 warnings
  ❌ ナレーションなしASSET（禁止）: ASSET-001, ASSET-002, ASSET-003, ASSET-004, ASSET-005, ASSET-006, ASSET-006, ASSET-007, ASSET-008, ASSET-008 他54件
  ⚠️  ASSET-011: 人物プロンプトあり but CHAR参照タグなし ([CHAR-XX reference | 初出/再利用] / [New character] / [Generic group])
  ⚠️  ASSET-012: 人物プロンプトあり but CHAR参照タグなし ([CHAR-XX reference | 初出/再利用] / [New character] / [Generic group])
  ⚠️  ASSET-021: 人物プロンプトあり but CHAR参照タグなし ([CHAR-XX reference | 初出/再利用] / [New character] / [Generic group])
  ⚠️  ASSET-022: 人物プロンプトあり but CHAR参照タグなし ([CHAR-XX reference | 初出/再利用] / [New character] / [Generic group])
  ⚠️  ASSET-023: 人物プロンプトあり but CHAR参照タグなし ([CHAR-XX reference | 初出/再利用] / [New character] / [Generic group])
  ⚠️  ASSET-024: 人物プロンプトあり but CHAR参照タグなし ([CHAR-XX reference | 初出/再利用] / [New character] / [Generic group])
  ⚠️  ASSET-025: 人物プロンプトあり but CHAR参照タグなし ([CHAR-XX reference | 初出/再利用] / [New character] / [Generic group])
  ⚠️  ASSET-026: 人物プロンプトあり but CHAR参照タグなし ([CHAR-XX reference | 初出/再利用] / [New character] / [Generic group])
  ⚠️  ASSET-026: 人物プロンプトあり but CHAR参照タグなし ([CHAR-XX reference | 初出/再利用] / [New character] / [Generic group])
  ⚠️  ASSET-027: 人物プロンプトあり but CHAR参照タグなし ([CHAR-XX reference | 初出/再利用] / [New character] / [Generic group])
  ⚠️  ASSET-030: 人物プロンプトあり but CHAR参照タグなし ([CHAR-XX reference | 初出/再利用] / [New character] / [Generic group])
  ⚠️  ASSET-032: 人物プロンプトあり but CHAR参照タグなし ([CHAR-XX reference | 初出/再利用] / [New character] / [Generic group])
  ⚠️  ASSET-036: 人物プロンプトあり but CHAR参照タグなし ([CHAR-XX reference | 初出/再利用] / [New character] / [Generic group])
  ⚠️  ASSET-036: 人物プロンプトあり but CHAR参照タグなし ([CHAR-XX reference | 初出/再利用] / [New character] / [Generic group])
  ⚠️  ASSET-037: 人物プロンプトあり but CHAR参照タグなし ([CHAR-XX reference | 初出/再利用] / [New character] / [Generic group])
  ⚠️  ASSET-038: 人物プロンプトあり but CHAR参照タグなし ([CHAR-XX reference | 初出/再利用] / [New character] / [Generic group])
  ⚠️  ASSET-039: 人物プロンプトあり but CHAR参照タグなし ([CHAR-XX reference | 初出/再利用] / [New character] / [Generic group])
  ⚠️  ASSET-041: 人物プロンプトあり but CHAR参照タグなし ([CHAR-XX reference | 初出/再利用] / [New character] / [Generic group])
  ⚠️  ASSET-042: 人物プロンプトあり but CHAR参照タグなし ([CHAR-XX reference | 初出/再利用] / [New character] / [Generic group])
  ⚠️  ASSET-042: 人物プロンプトあり but CHAR参照タグなし ([CHAR-XX reference | 初出/再利用] / [New character] / [Generic group])
  ⚠️  ASSET-043: 人物プロンプトあり but CHAR参照タグなし ([CHAR-XX reference | 初出/再利用] / [New character] / [Generic group])
  ⚠️  ASSET-044: 人物プロンプトあり but CHAR参照タグなし ([CHAR-XX reference | 初出/再利用] / [New character] / [Generic group])
  ⚠️  ASSET-044: 人物プロンプトあり but CHAR参照タグなし ([CHAR-XX reference | 初出/再利用] / [New character] / [Generic group])
  ⚠️  ASSET-044: 人物プロンプトあり but CHAR参照タグなし ([CHAR-XX reference | 初出/再利用] / [New character] / [Generic group])
  ⚠️  ASSET-045: 人物プロンプトあり but CHAR参照タグなし ([CHAR-XX reference | 初出/再利用] / [New character] / [Generic group])
  ⚠️  ASSET-047: 人物プロンプトあり but CHAR参照タグなし ([CHAR-XX reference | 初出/再利用] / [New character] / [Generic group])
  ⚠️  動画/アニメ比率: 32/65 = 49.2% （基準: 50%以上）→ ⚠️ WARNING

--- [Asset Completeness]: Checking Gansu_Asset_Prompts.md ---
    Parsed: 65 ASSETs

--- 部門別結果 ---
  ✅ 1_完全性: PASS
  ❌ 2_ナレ必須: FAIL
  ⚠️ 3_CHAR参照: WARNING
  ✅ 4_禁止要素: PASS
  ⚠️ 6_総合比率: WARNING

[FAILED]: 1 errors, 27 warnings
  ❌ ナレーションなしASSET（禁止）: ASSET-001, ASSET-002, ASSET-003, ASSET-004, ASSET-005, ASSET-006, ASSET-006, ASSET-007, ASSET-008, ASSET-008 他54件
  ⚠️  ASSET-011: 人物プロンプトあり but CHAR参照タグなし ([CHAR-XX reference | 初出/再利用] / [New character] / [Generic group])
  ⚠️  ASSET-012: 人物プロンプトあり but CHAR参照タグなし ([CHAR-XX reference | 初出/再利用] / [New character] / [Generic group])
  ⚠️  ASSET-021: 人物プロンプトあり but CHAR参照タグなし ([CHAR-XX reference | 初出/再利用] / [New character] / [Generic group])
  ⚠️  ASSET-022: 人物プロンプトあり but CHAR参照タグなし ([CHAR-XX reference | 初出/再利用] / [New character] / [Generic group])
  ⚠️  ASSET-023: 人物プロンプトあり but CHAR参照タグなし ([CHAR-XX reference | 初出/再利用] / [New character] / [Generic group])
  ⚠️  ASSET-024: 人物プロンプトあり but CHAR参照タグなし ([CHAR-XX reference | 初出/再利用] / [New character] / [Generic group])
  ⚠️  ASSET-025: 人物プロンプトあり but CHAR参照タグなし ([CHAR-XX reference | 初出/再利用] / [New character] / [Generic group])
  ⚠️  ASSET-026: 人物プロンプトあり but CHAR参照タグなし ([CHAR-XX reference | 初出/再利用] / [New character] / [Generic group])
  ⚠️  ASSET-026: 人物プロンプトあり but CHAR参照タグなし ([CHAR-XX reference | 初出/再利用] / [New character] / [Generic group])
  ⚠️  ASSET-027: 人物プロンプトあり but CHAR参照タグなし ([CHAR-XX reference | 初出/再利用] / [New character] / [Generic group])
  ⚠️  ASSET-030: 人物プロンプトあり but CHAR参照タグなし ([CHAR-XX reference | 初出/再利用] / [New character] / [Generic group])
  ⚠️  ASSET-032: 人物プロンプトあり but CHAR参照タグなし ([CHAR-XX reference | 初出/再利用] / [New character] / [Generic group])
  ⚠️  ASSET-036: 人物プロンプトあり but CHAR参照タグなし ([CHAR-XX reference | 初出/再利用] / [New character] / [Generic group])
  ⚠️  ASSET-036: 人物プロンプトあり but CHAR参照タグなし ([CHAR-XX reference | 初出/再利用] / [New character] / [Generic group])
  ⚠️  ASSET-037: 人物プロンプトあり but CHAR参照タグなし ([CHAR-XX reference | 初出/再利用] / [New character] / [Generic group])
  ⚠️  ASSET-038: 人物プロンプトあり but CHAR参照タグなし ([CHAR-XX reference | 初出/再利用] / [New character] / [Generic group])
  ⚠️  ASSET-039: 人物プロンプトあり but CHAR参照タグなし ([CHAR-XX reference | 初出/再利用] / [New character] / [Generic group])
  ⚠️  ASSET-041: 人物プロンプトあり but CHAR参照タグなし ([CHAR-XX reference | 初出/再利用] / [New character] / [Generic group])
  ⚠️  ASSET-042: 人物プロンプトあり but CHAR参照タグなし ([CHAR-XX reference | 初出/再利用] / [New character] / [Generic group])
  ⚠️  ASSET-042: 人物プロンプトあり but CHAR参照タグなし ([CHAR-XX reference | 初出/再利用] / [New character] / [Generic group])
  ⚠️  ASSET-043: 人物プロンプトあり but CHAR参照タグなし ([CHAR-XX reference | 初出/再利用] / [New character] / [Generic group])
  ⚠️  ASSET-044: 人物プロンプトあり but CHAR参照タグなし ([CHAR-XX reference | 初出/再利用] / [New character] / [Generic group])
  ⚠️  ASSET-044: 人物プロンプトあり but CHAR参照タグなし ([CHAR-XX reference | 初出/再利用] / [New character] / [Generic group])
  ⚠️  ASSET-044: 人物プロンプトあり but CHAR参照タグなし ([CHAR-XX reference | 初出/再利用] / [New character] / [Generic group])
  ⚠️  ASSET-045: 人物プロンプトあり but CHAR参照タグなし ([CHAR-XX reference | 初出/再利用] / [New character] / [Generic group])
  ⚠️  ASSET-047: 人物プロンプトあり but CHAR参照タグなし ([CHAR-XX reference | 初出/再利用] / [New character] / [Generic group])
  ⚠️  動画/アニメ比率: 32/65 = 49.2% （基準: 50%以上）→ ⚠️ WARNING

--- [Asset Completeness]: Checking Gansu_Asset_Prompts.md ---
    Parsed: 65 ASSETs

--- 部門別結果 ---
  ✅ 1_完全性: PASS
  ❌ 2_ナレ必須: FAIL
  ⚠️ 3_CHAR参照: WARNING
  ✅ 4_禁止要素: PASS
  ⚠️ 6_総合比率: WARNING

[FAILED]: 1 errors, 27 warnings
  ❌ ナレーションなしASSET（禁止）: ASSET-001, ASSET-002, ASSET-003, ASSET-004, ASSET-005, ASSET-006, ASSET-006, ASSET-007, ASSET-008, ASSET-008 他54件
  ⚠️  ASSET-011: 人物プロンプトあり but CHAR参照タグなし ([CHAR-XX reference | 初出/再利用] / [New character] / [Generic group])
  ⚠️  ASSET-012: 人物プロンプトあり but CHAR参照タグなし ([CHAR-XX reference | 初出/再利用] / [New character] / [Generic group])
  ⚠️  ASSET-021: 人物プロンプトあり but CHAR参照タグなし ([CHAR-XX reference | 初出/再利用] / [New character] / [Generic group])
  ⚠️  ASSET-022: 人物プロンプトあり but CHAR参照タグなし ([CHAR-XX reference | 初出/再利用] / [New character] / [Generic group])
  ⚠️  ASSET-023: 人物プロンプトあり but CHAR参照タグなし ([CHAR-XX reference | 初出/再利用] / [New character] / [Generic group])
  ⚠️  ASSET-024: 人物プロンプトあり but CHAR参照タグなし ([CHAR-XX reference | 初出/再利用] / [New character] / [Generic group])
  ⚠️  ASSET-025: 人物プロンプトあり but CHAR参照タグなし ([CHAR-XX reference | 初出/再利用] / [New character] / [Generic group])
  ⚠️  ASSET-026: 人物プロンプトあり but CHAR参照タグなし ([CHAR-XX reference | 初出/再利用] / [New character] / [Generic group])
  ⚠️  ASSET-026: 人物プロンプトあり but CHAR参照タグなし ([CHAR-XX reference | 初出/再利用] / [New character] / [Generic group])
  ⚠️  ASSET-027: 人物プロンプトあり but CHAR参照タグなし ([CHAR-XX reference | 初出/再利用] / [New character] / [Generic group])
  ⚠️  ASSET-030: 人物プロンプトあり but CHAR参照タグなし ([CHAR-XX reference | 初出/再利用] / [New character] / [Generic group])
  ⚠️  ASSET-032: 人物プロンプトあり but CHAR参照タグなし ([CHAR-XX reference | 初出/再利用] / [New character] / [Generic group])
  ⚠️  ASSET-036: 人物プロンプトあり but CHAR参照タグなし ([CHAR-XX reference | 初出/再利用] / [New character] / [Generic group])
  ⚠️  ASSET-036: 人物プロンプトあり but CHAR参照タグなし ([CHAR-XX reference | 初出/再利用] / [New character] / [Generic group])
  ⚠️  ASSET-037: 人物プロンプトあり but CHAR参照タグなし ([CHAR-XX reference | 初出/再利用] / [New character] / [Generic group])
  ⚠️  ASSET-038: 人物プロンプトあり but CHAR参照タグなし ([CHAR-XX reference | 初出/再利用] / [New character] / [Generic group])
  ⚠️  ASSET-039: 人物プロンプトあり but CHAR参照タグなし ([CHAR-XX reference | 初出/再利用] / [New character] / [Generic group])
  ⚠️  ASSET-041: 人物プロンプトあり but CHAR参照タグなし ([CHAR-XX reference | 初出/再利用] / [New character] / [Generic group])
  ⚠️  ASSET-042: 人物プロンプトあり but CHAR参照タグなし ([CHAR-XX reference | 初出/再利用] / [New character] / [Generic group])
  ⚠️  ASSET-042: 人物プロンプトあり but CHAR参照タグなし ([CHAR-XX reference | 初出/再利用] / [New character] / [Generic group])
  ⚠️  ASSET-043: 人物プロンプトあり but CHAR参照タグなし ([CHAR-XX reference | 初出/再利用] / [New character] / [Generic group])
  ⚠️  ASSET-044: 人物プロンプトあり but CHAR参照タグなし ([CHAR-XX reference | 初出/再利用] / [New character] / [Generic group])
  ⚠️  ASSET-044: 人物プロンプトあり but CHAR参照タグなし ([CHAR-XX reference | 初出/再利用] / [New character] / [Generic group])
  ⚠️  ASSET-044: 人物プロンプトあり but CHAR参照タグなし ([CHAR-XX reference | 初出/再利用] / [New character] / [Generic group])
  ⚠️  ASSET-045: 人物プロンプトあり but CHAR参照タグなし ([CHAR-XX reference | 初出/再利用] / [New character] / [Generic group])
  ⚠️  ASSET-047: 人物プロンプトあり but CHAR参照タグなし ([CHAR-XX reference | 初出/再利用] / [New character] / [Generic group])
  ⚠️  動画/アニメ比率: 32/65 = 49.2% （基準: 50%以上）→ ⚠️ WARNING

--- [Asset Completeness]: Checking Gansu_Asset_Prompts.md ---
    Parsed: 65 ASSETs

--- 部門別結果 ---
  ✅ 1_完全性: PASS
  ❌ 2_ナレ必須: FAIL
  ⚠️ 3_CHAR参照: WARNING
  ✅ 4_禁止要素: PASS
  ⚠️ 6_総合比率: WARNING

[FAILED]: 1 errors, 27 warnings
  ❌ ナレーションなしASSET（禁止）: ASSET-001, ASSET-002, ASSET-003, ASSET-004, ASSET-005, ASSET-006, ASSET-006, ASSET-007, ASSET-008, ASSET-008 他54件
  ⚠️  ASSET-011: 人物プロンプトあり but CHAR参照タグなし ([CHAR-XX reference | 初出/再利用] / [New character] / [Generic group])
  ⚠️  ASSET-012: 人物プロンプトあり but CHAR参照タグなし ([CHAR-XX reference | 初出/再利用] / [New character] / [Generic group])
  ⚠️  ASSET-021: 人物プロンプトあり but CHAR参照タグなし ([CHAR-XX reference | 初出/再利用] / [New character] / [Generic group])
  ⚠️  ASSET-022: 人物プロンプトあり but CHAR参照タグなし ([CHAR-XX reference | 初出/再利用] / [New character] / [Generic group])
  ⚠️  ASSET-023: 人物プロンプトあり but CHAR参照タグなし ([CHAR-XX reference | 初出/再利用] / [New character] / [Generic group])
  ⚠️  ASSET-024: 人物プロンプトあり but CHAR参照タグなし ([CHAR-XX reference | 初出/再利用] / [New character] / [Generic group])
  ⚠️  ASSET-025: 人物プロンプトあり but CHAR参照タグなし ([CHAR-XX reference | 初出/再利用] / [New character] / [Generic group])
  ⚠️  ASSET-026: 人物プロンプトあり but CHAR参照タグなし ([CHAR-XX reference | 初出/再利用] / [New character] / [Generic group])
  ⚠️  ASSET-026: 人物プロンプトあり but CHAR参照タグなし ([CHAR-XX reference | 初出/再利用] / [New character] / [Generic group])
  ⚠️  ASSET-027: 人物プロンプトあり but CHAR参照タグなし ([CHAR-XX reference | 初出/再利用] / [New character] / [Generic group])
  ⚠️  ASSET-030: 人物プロンプトあり but CHAR参照タグなし ([CHAR-XX reference | 初出/再利用] / [New character] / [Generic group])
  ⚠️  ASSET-032: 人物プロンプトあり but CHAR参照タグなし ([CHAR-XX reference | 初出/再利用] / [New character] / [Generic group])
  ⚠️  ASSET-036: 人物プロンプトあり but CHAR参照タグなし ([CHAR-XX reference | 初出/再利用] / [New character] / [Generic group])
  ⚠️  ASSET-036: 人物プロンプトあり but CHAR参照タグなし ([CHAR-XX reference | 初出/再利用] / [New character] / [Generic group])
  ⚠️  ASSET-037: 人物プロンプトあり but CHAR参照タグなし ([CHAR-XX reference | 初出/再利用] / [New character] / [Generic group])
  ⚠️  ASSET-038: 人物プロンプトあり but CHAR参照タグなし ([CHAR-XX reference | 初出/再利用] / [New character] / [Generic group])
  ⚠️  ASSET-039: 人物プロンプトあり but CHAR参照タグなし ([CHAR-XX reference | 初出/再利用] / [New character] / [Generic group])
  ⚠️  ASSET-041: 人物プロンプトあり but CHAR参照タグなし ([CHAR-XX reference | 初出/再利用] / [New character] / [Generic group])
  ⚠️  ASSET-042: 人物プロンプトあり but CHAR参照タグなし ([CHAR-XX reference | 初出/再利用] / [New character] / [Generic group])
  ⚠️  ASSET-042: 人物プロンプトあり but CHAR参照タグなし ([CHAR-XX reference | 初出/再利用] / [New character] / [Generic group])
  ⚠️  ASSET-043: 人物プロンプトあり but CHAR参照タグなし ([CHAR-XX reference | 初出/再利用] / [New character] / [Generic group])
  ⚠️  ASSET-044: 人物プロンプトあり but CHAR参照タグなし ([CHAR-XX reference | 初出/再利用] / [New character] / [Generic group])
  ⚠️  ASSET-044: 人物プロンプトあり but CHAR参照タグなし ([CHAR-XX reference | 初出/再利用] / [New character] / [Generic group])
  ⚠️  ASSET-044: 人物プロンプトあり but CHAR参照タグなし ([CHAR-XX reference | 初出/再利用] / [New character] / [Generic group])
  ⚠️  ASSET-045: 人物プロンプトあり but CHAR参照タグなし ([CHAR-XX reference | 初出/再利用] / [New character] / [Generic group])
  ⚠️  ASSET-047: 人物プロンプトあり but CHAR参照タグなし ([CHAR-XX reference | 初出/再利用] / [New character] / [Generic group])
  ⚠️  動画/アニメ比率: 32/65 = 49.2% （基準: 50%以上）→ ⚠️ WARNING

--- [Asset Completeness]: Checking Gansu_Narration_Asset_Combined.md ---
    Parsed: 177 ASSETs

--- 部門別結果 ---
  ❌ 1_完全性: FAIL
  ❌ 2_ナレ必須: FAIL
  ⚠️ 3_CHAR参照: WARNING
  ❌ 4_禁止要素: FAIL
  ✅ 6_総合比率: PASS

[FAILED]: 5 errors, 58 warnings
  ❌ 連番の欠番: ASSET-009
  ❌ カテゴリタグなし: ASSET-002, ASSET-004, ASSET-005, ASSET-006, ASSET-008, ASSET-013, ASSET-031, ASSET-055, ASSET-056, ASSET-057 他16件
  ❌ ナレーションなしASSET（禁止）: ASSET-002, ASSET-010, ASSET-011, ASSET-012, ASSET-111, ASSET-112, ASSET-113, ASSET-114, ASSET-115, ASSET-116 他61件
  ❌ ASSET-113: カメラ専門用語禁止: Ken Burns
  ❌ ASSET-119: カメラ専門用語禁止: Ken Burns
  ⚠️  ASSET-001: 人物プロンプトあり but CHAR参照タグなし ([CHAR-XX reference | 初出/再利用] / [New character] / [Generic group])
  ⚠️  ASSET-006: 人物プロンプトあり but CHAR参照タグなし ([CHAR-XX reference | 初出/再利用] / [New character] / [Generic group])
  ⚠️  ASSET-008: 人物プロンプトあり but CHAR参照タグなし ([CHAR-XX reference | 初出/再利用] / [New character] / [Generic group])
  ⚠️  ASSET-017: 人物プロンプトあり but CHAR参照タグなし ([CHAR-XX reference | 初出/再利用] / [New character] / [Generic group])
  ⚠️  ASSET-018: 人物プロンプトあり but CHAR参照タグなし ([CHAR-XX reference | 初出/再利用] / [New character] / [Generic group])
  ⚠️  ASSET-021: 人物プロンプトあり but CHAR参照タグなし ([CHAR-XX reference | 初出/再利用] / [New character] / [Generic group])
  ⚠️  ASSET-024: 人物プロンプトあり but CHAR参照タグなし ([CHAR-XX reference | 初出/再利用] / [New character] / [Generic group])
  ⚠️  ASSET-026: 人物プロンプトあり but CHAR参照タグなし ([CHAR-XX reference | 初出/再利用] / [New character] / [Generic group])
  ⚠️  ASSET-031: 人物プロンプトあり but CHAR参照タグなし ([CHAR-XX reference | 初出/再利用] / [New character] / [Generic group])
  ⚠️  ASSET-039: 人物プロンプトあり but CHAR参照タグなし ([CHAR-XX reference | 初出/再利用] / [New character] / [Generic group])
  ⚠️  ASSET-042: 人物プロンプトあり but CHAR参照タグなし ([CHAR-XX reference | 初出/再利用] / [New character] / [Generic group])
  ⚠️  ASSET-045: 人物プロンプトあり but CHAR参照タグなし ([CHAR-XX reference | 初出/再利用] / [New character] / [Generic group])
  ⚠️  ASSET-048: 人物プロンプトあり but CHAR参照タグなし ([CHAR-XX reference | 初出/再利用] / [New character] / [Generic group])
  ⚠️  ASSET-049: 人物プロンプトあり but CHAR参照タグなし ([CHAR-XX reference | 初出/再利用] / [New character] / [Generic group])
  ⚠️  ASSET-051: 人物プロンプトあり but CHAR参照タグなし ([CHAR-XX reference | 初出/再利用] / [New character] / [Generic group])
  ⚠️  ASSET-053: 人物プロンプトあり but CHAR参照タグなし ([CHAR-XX reference | 初出/再利用] / [New character] / [Generic group])
  ⚠️  ASSET-056: 人物プロンプトあり but CHAR参照タグなし ([CHAR-XX reference | 初出/再利用] / [New character] / [Generic group])
  ⚠️  ASSET-059: 人物プロンプトあり but CHAR参照タグなし ([CHAR-XX reference | 初出/再利用] / [New character] / [Generic group])
  ⚠️  ASSET-063: 人物プロンプトあり but CHAR参照タグなし ([CHAR-XX reference | 初出/再利用] / [New character] / [Generic group])
  ⚠️  ASSET-064: 人物プロンプトあり but CHAR参照タグなし ([CHAR-XX reference | 初出/再利用] / [New character] / [Generic group])
  ⚠️  ASSET-066: 人物プロンプトあり but CHAR参照タグなし ([CHAR-XX reference | 初出/再利用] / [New character] / [Generic group])
  ⚠️  ASSET-069: 人物プロンプトあり but CHAR参照タグなし ([CHAR-XX reference | 初出/再利用] / [New character] / [Generic group])
  ⚠️  ASSET-071: 人物プロンプトあり but CHAR参照タグなし ([CHAR-XX reference | 初出/再利用] / [New character] / [Generic group])
  ⚠️  ASSET-076: 人物プロンプトあり but CHAR参照タグなし ([CHAR-XX reference | 初出/再利用] / [New character] / [Generic group])
  ⚠️  ASSET-083: 人物プロンプトあり but CHAR参照タグなし ([CHAR-XX reference | 初出/再利用] / [New character] / [Generic group])
  ⚠️  ASSET-084: 人物プロンプトあり but CHAR参照タグなし ([CHAR-XX reference | 初出/再利用] / [New character] / [Generic group])
  ⚠️  ASSET-086: 人物プロンプトあり but CHAR参照タグなし ([CHAR-XX reference | 初出/再利用] / [New character] / [Generic group])
  ⚠️  ASSET-087: 人物プロンプトあり but CHAR参照タグなし ([CHAR-XX reference | 初出/再利用] / [New character] / [Generic group])
  ⚠️  ASSET-089: 人物プロンプトあり but CHAR参照タグなし ([CHAR-XX reference | 初出/再利用] / [New character] / [Generic group])
  ⚠️  ASSET-092: 人物プロンプトあり but CHAR参照タグなし ([CHAR-XX reference | 初出/再利用] / [New character] / [Generic group])
  ⚠️  ASSET-093: 人物プロンプトあり but CHAR参照タグなし ([CHAR-XX reference | 初出/再利用] / [New character] / [Generic group])
  ⚠️  ASSET-095: 人物プロンプトあり but CHAR参照タグなし ([CHAR-XX reference | 初出/再利用] / [New character] / [Generic group])
  ⚠️  ASSET-098: 人物プロンプトあり but CHAR参照タグなし ([CHAR-XX reference | 初出/再利用] / [New character] / [Generic group])
  ⚠️  ASSET-100: 人物プロンプトあり but CHAR参照タグなし ([CHAR-XX reference | 初出/再利用] / [New character] / [Generic group])
  ⚠️  ASSET-103: 人物プロンプトあり but CHAR参照タグなし ([CHAR-XX reference | 初出/再利用] / [New character] / [Generic group])
  ⚠️  ASSET-106: 人物プロンプトあり but CHAR参照タグなし ([CHAR-XX reference | 初出/再利用] / [New character] / [Generic group])
  ⚠️  ASSET-114: 人物プロンプトあり but CHAR参照タグなし ([CHAR-XX reference | 初出/再利用] / [New character] / [Generic group])
  ⚠️  ASSET-119: 人物プロンプトあり but CHAR参照タグなし ([CHAR-XX reference | 初出/再利用] / [New character] / [Generic group])
  ⚠️  ASSET-120: 人物プロンプトあり but CHAR参照タグなし ([CHAR-XX reference | 初出/再利用] / [New character] / [Generic group])
  ⚠️  ASSET-125: 人物プロンプトあり but CHAR参照タグなし ([CHAR-XX reference | 初出/再利用] / [New character] / [Generic group])
  ⚠️  ASSET-127: 人物プロンプトあり but CHAR参照タグなし ([CHAR-XX reference | 初出/再利用] / [New character] / [Generic group])
  ⚠️  ASSET-129: 人物プロンプトあり but CHAR参照タグなし ([CHAR-XX reference | 初出/再利用] / [New character] / [Generic group])
  ⚠️  ASSET-132: 人物プロンプトあり but CHAR参照タグなし ([CHAR-XX reference | 初出/再利用] / [New character] / [Generic group])
  ⚠️  ASSET-134: 人物プロンプトあり but CHAR参照タグなし ([CHAR-XX reference | 初出/再利用] / [New character] / [Generic group])
  ⚠️  ASSET-140: 人物プロンプトあり but CHAR参照タグなし ([CHAR-XX reference | 初出/再利用] / [New character] / [Generic group])
  ⚠️  ASSET-141: 人物プロンプトあり but CHAR参照タグなし ([CHAR-XX reference | 初出/再利用] / [New character] / [Generic group])
  ⚠️  ASSET-142: 人物プロンプトあり but CHAR参照タグなし ([CHAR-XX reference | 初出/再利用] / [New character] / [Generic group])
  ⚠️  ASSET-144: 人物プロンプトあり but CHAR参照タグなし ([CHAR-XX reference | 初出/再利用] / [New character] / [Generic group])
  ⚠️  ASSET-145: 人物プロンプトあり but CHAR参照タグなし ([CHAR-XX reference | 初出/再利用] / [New character] / [Generic group])
  ⚠️  ASSET-146: 人物プロンプトあり but CHAR参照タグなし ([CHAR-XX reference | 初出/再利用] / [New character] / [Generic group])
  ⚠️  ASSET-148: 人物プロンプトあり but CHAR参照タグなし ([CHAR-XX reference | 初出/再利用] / [New character] / [Generic group])
  ⚠️  ASSET-149: 人物プロンプトあり but CHAR参照タグなし ([CHAR-XX reference | 初出/再利用] / [New character] / [Generic group])
  ⚠️  ASSET-155: 人物プロンプトあり but CHAR参照タグなし ([CHAR-XX reference | 初出/再利用] / [New character] / [Generic group])
  ⚠️  ASSET-157: 人物プロンプトあり but CHAR参照タグなし ([CHAR-XX reference | 初出/再利用] / [New character] / [Generic group])
  ⚠️  ASSET-160: 人物プロンプトあり but CHAR参照タグなし ([CHAR-XX reference | 初出/再利用] / [New character] / [Generic group])
  ⚠️  ASSET-169: 人物プロンプトあり but CHAR参照タグなし ([CHAR-XX reference | 初出/再利用] / [New character] / [Generic group])
  ⚠️  ASSET-171: 人物プロンプトあり but CHAR参照タグなし ([CHAR-XX reference | 初出/再利用] / [New character] / [Generic group])
  ⚠️  ASSET-174: 人物プロンプトあり but CHAR参照タグなし ([CHAR-XX reference | 初出/再利用] / [New character] / [Generic group])

--- [Asset Completeness]: Checking Gansu_Asset_Prompts.md ---
    Parsed: 65 ASSETs

--- 部門別結果 ---
  ✅ 1_完全性: PASS
  ❌ 2_ナレ必須: FAIL
  ⚠️ 3_CHAR参照: WARNING
  ✅ 4_禁止要素: PASS
  ⚠️ 6_総合比率: WARNING

[FAILED]: 1 errors, 26 warnings
  ❌ ナレーションなしASSET（禁止）: ASSET-001, ASSET-002, ASSET-003, ASSET-004, ASSET-005, ASSET-006, ASSET-006, ASSET-007, ASSET-008, ASSET-008 他54件
  ⚠️  ASSET-011: 人物プロンプトあり but CHAR参照タグなし ([CHAR-XX reference | 初出/再利用] / [New character] / [Generic group])
  ⚠️  ASSET-012: 人物プロンプトあり but CHAR参照タグなし ([CHAR-XX reference | 初出/再利用] / [New character] / [Generic group])
  ⚠️  ASSET-021: 人物プロンプトあり but CHAR参照タグなし ([CHAR-XX reference | 初出/再利用] / [New character] / [Generic group])
  ⚠️  ASSET-022: 人物プロンプトあり but CHAR参照タグなし ([CHAR-XX reference | 初出/再利用] / [New character] / [Generic group])
  ⚠️  ASSET-024: 人物プロンプトあり but CHAR参照タグなし ([CHAR-XX reference | 初出/再利用] / [New character] / [Generic group])
  ⚠️  ASSET-025: 人物プロンプトあり but CHAR参照タグなし ([CHAR-XX reference | 初出/再利用] / [New character] / [Generic group])
  ⚠️  ASSET-026: 人物プロンプトあり but CHAR参照タグなし ([CHAR-XX reference | 初出/再利用] / [New character] / [Generic group])
  ⚠️  ASSET-026: 人物プロンプトあり but CHAR参照タグなし ([CHAR-XX reference | 初出/再利用] / [New character] / [Generic group])
  ⚠️  ASSET-027: 人物プロンプトあり but CHAR参照タグなし ([CHAR-XX reference | 初出/再利用] / [New character] / [Generic group])
  ⚠️  ASSET-030: 人物プロンプトあり but CHAR参照タグなし ([CHAR-XX reference | 初出/再利用] / [New character] / [Generic group])
  ⚠️  ASSET-032: 人物プロンプトあり but CHAR参照タグなし ([CHAR-XX reference | 初出/再利用] / [New character] / [Generic group])
  ⚠️  ASSET-036: 人物プロンプトあり but CHAR参照タグなし ([CHAR-XX reference | 初出/再利用] / [New character] / [Generic group])
  ⚠️  ASSET-036: 人物プロンプトあり but CHAR参照タグなし ([CHAR-XX reference | 初出/再利用] / [New character] / [Generic group])
  ⚠️  ASSET-037: 人物プロンプトあり but CHAR参照タグなし ([CHAR-XX reference | 初出/再利用] / [New character] / [Generic group])
  ⚠️  ASSET-038: 人物プロンプトあり but CHAR参照タグなし ([CHAR-XX reference | 初出/再利用] / [New character] / [Generic group])
  ⚠️  ASSET-039: 人物プロンプトあり but CHAR参照タグなし ([CHAR-XX reference | 初出/再利用] / [New character] / [Generic group])
  ⚠️  ASSET-041: 人物プロンプトあり but CHAR参照タグなし ([CHAR-XX reference | 初出/再利用] / [New character] / [Generic group])
  ⚠️  ASSET-042: 人物プロンプトあり but CHAR参照タグなし ([CHAR-XX reference | 初出/再利用] / [New character] / [Generic group])
  ⚠️  ASSET-042: 人物プロンプトあり but CHAR参照タグなし ([CHAR-XX reference | 初出/再利用] / [New character] / [Generic group])
  ⚠️  ASSET-043: 人物プロンプトあり but CHAR参照タグなし ([CHAR-XX reference | 初出/再利用] / [New character] / [Generic group])
  ⚠️  ASSET-044: 人物プロンプトあり but CHAR参照タグなし ([CHAR-XX reference | 初出/再利用] / [New character] / [Generic group])
  ⚠️  ASSET-044: 人物プロンプトあり but CHAR参照タグなし ([CHAR-XX reference | 初出/再利用] / [New character] / [Generic group])
  ⚠️  ASSET-044: 人物プロンプトあり but CHAR参照タグなし ([CHAR-XX reference | 初出/再利用] / [New character] / [Generic group])
  ⚠️  ASSET-045: 人物プロンプトあり but CHAR参照タグなし ([CHAR-XX reference | 初出/再利用] / [New character] / [Generic group])
  ⚠️  ASSET-047: 人物プロンプトあり but CHAR参照タグなし ([CHAR-XX reference | 初出/再利用] / [New character] / [Generic group])
  ⚠️  動画/アニメ比率: 32/65 = 49.2% （基準: 50%以上）→ ⚠️ WARNING

--- [Asset Completeness]: Checking Gansu_Asset_Prompts.md ---
    Parsed: 65 ASSETs

--- 部門別結果 ---
  ✅ 1_完全性: PASS
  ❌ 2_ナレ必須: FAIL
  ⚠️ 3_CHAR参照: WARNING
  ✅ 4_禁止要素: PASS
  ⚠️ 6_総合比率: WARNING

[FAILED]: 1 errors, 25 warnings
  ❌ ナレーションなしASSET（禁止）: ASSET-001, ASSET-002, ASSET-003, ASSET-004, ASSET-005, ASSET-006, ASSET-006, ASSET-007, ASSET-008, ASSET-008 他54件
  ⚠️  ASSET-011: 人物プロンプトあり but CHAR参照タグなし ([CHAR-XX reference | 初出/再利用] / [New character] / [Generic group])
  ⚠️  ASSET-012: 人物プロンプトあり but CHAR参照タグなし ([CHAR-XX reference | 初出/再利用] / [New character] / [Generic group])
  ⚠️  ASSET-021: 人物プロンプトあり but CHAR参照タグなし ([CHAR-XX reference | 初出/再利用] / [New character] / [Generic group])
  ⚠️  ASSET-022: 人物プロンプトあり but CHAR参照タグなし ([CHAR-XX reference | 初出/再利用] / [New character] / [Generic group])
  ⚠️  ASSET-025: 人物プロンプトあり but CHAR参照タグなし ([CHAR-XX reference | 初出/再利用] / [New character] / [Generic group])
  ⚠️  ASSET-026: 人物プロンプトあり but CHAR参照タグなし ([CHAR-XX reference | 初出/再利用] / [New character] / [Generic group])
  ⚠️  ASSET-026: 人物プロンプトあり but CHAR参照タグなし ([CHAR-XX reference | 初出/再利用] / [New character] / [Generic group])
  ⚠️  ASSET-027: 人物プロンプトあり but CHAR参照タグなし ([CHAR-XX reference | 初出/再利用] / [New character] / [Generic group])
  ⚠️  ASSET-030: 人物プロンプトあり but CHAR参照タグなし ([CHAR-XX reference | 初出/再利用] / [New character] / [Generic group])
  ⚠️  ASSET-032: 人物プロンプトあり but CHAR参照タグなし ([CHAR-XX reference | 初出/再利用] / [New character] / [Generic group])
  ⚠️  ASSET-036: 人物プロンプトあり but CHAR参照タグなし ([CHAR-XX reference | 初出/再利用] / [New character] / [Generic group])
  ⚠️  ASSET-036: 人物プロンプトあり but CHAR参照タグなし ([CHAR-XX reference | 初出/再利用] / [New character] / [Generic group])
  ⚠️  ASSET-037: 人物プロンプトあり but CHAR参照タグなし ([CHAR-XX reference | 初出/再利用] / [New character] / [Generic group])
  ⚠️  ASSET-038: 人物プロンプトあり but CHAR参照タグなし ([CHAR-XX reference | 初出/再利用] / [New character] / [Generic group])
  ⚠️  ASSET-039: 人物プロンプトあり but CHAR参照タグなし ([CHAR-XX reference | 初出/再利用] / [New character] / [Generic group])
  ⚠️  ASSET-041: 人物プロンプトあり but CHAR参照タグなし ([CHAR-XX reference | 初出/再利用] / [New character] / [Generic group])
  ⚠️  ASSET-042: 人物プロンプトあり but CHAR参照タグなし ([CHAR-XX reference | 初出/再利用] / [New character] / [Generic group])
  ⚠️  ASSET-042: 人物プロンプトあり but CHAR参照タグなし ([CHAR-XX reference | 初出/再利用] / [New character] / [Generic group])
  ⚠️  ASSET-043: 人物プロンプトあり but CHAR参照タグなし ([CHAR-XX reference | 初出/再利用] / [New character] / [Generic group])
  ⚠️  ASSET-044: 人物プロンプトあり but CHAR参照タグなし ([CHAR-XX reference | 初出/再利用] / [New character] / [Generic group])
  ⚠️  ASSET-044: 人物プロンプトあり but CHAR参照タグなし ([CHAR-XX reference | 初出/再利用] / [New character] / [Generic group])
  ⚠️  ASSET-044: 人物プロンプトあり but CHAR参照タグなし ([CHAR-XX reference | 初出/再利用] / [New character] / [Generic group])
  ⚠️  ASSET-045: 人物プロンプトあり but CHAR参照タグなし ([CHAR-XX reference | 初出/再利用] / [New character] / [Generic group])
  ⚠️  ASSET-047: 人物プロンプトあり but CHAR参照タグなし ([CHAR-XX reference | 初出/再利用] / [New character] / [Generic group])
  ⚠️  動画/アニメ比率: 32/65 = 49.2% （基準: 50%以上）→ ⚠️ WARNING

--- [Asset Completeness]: Checking Gansu_Asset_Prompts.md ---
    Parsed: 65 ASSETs

--- 部門別結果 ---
  ✅ 1_完全性: PASS
  ❌ 2_ナレ必須: FAIL
  ⚠️ 3_CHAR参照: WARNING
  ✅ 4_禁止要素: PASS
  ⚠️ 6_総合比率: WARNING

[FAILED]: 1 errors, 24 warnings
  ❌ ナレーションなしASSET（禁止）: ASSET-001, ASSET-002, ASSET-003, ASSET-004, ASSET-005, ASSET-006, ASSET-006, ASSET-007, ASSET-008, ASSET-008 他54件
  ⚠️  ASSET-011: 人物プロンプトあり but CHAR参照タグなし ([CHAR-XX reference | 初出/再利用] / [New character] / [Generic group])
  ⚠️  ASSET-012: 人物プロンプトあり but CHAR参照タグなし ([CHAR-XX reference | 初出/再利用] / [New character] / [Generic group])
  ⚠️  ASSET-021: 人物プロンプトあり but CHAR参照タグなし ([CHAR-XX reference | 初出/再利用] / [New character] / [Generic group])
  ⚠️  ASSET-022: 人物プロンプトあり but CHAR参照タグなし ([CHAR-XX reference | 初出/再利用] / [New character] / [Generic group])
  ⚠️  ASSET-026: 人物プロンプトあり but CHAR参照タグなし ([CHAR-XX reference | 初出/再利用] / [New character] / [Generic group])
  ⚠️  ASSET-026: 人物プロンプトあり but CHAR参照タグなし ([CHAR-XX reference | 初出/再利用] / [New character] / [Generic group])
  ⚠️  ASSET-027: 人物プロンプトあり but CHAR参照タグなし ([CHAR-XX reference | 初出/再利用] / [New character] / [Generic group])
  ⚠️  ASSET-030: 人物プロンプトあり but CHAR参照タグなし ([CHAR-XX reference | 初出/再利用] / [New character] / [Generic group])
  ⚠️  ASSET-032: 人物プロンプトあり but CHAR参照タグなし ([CHAR-XX reference | 初出/再利用] / [New character] / [Generic group])
  ⚠️  ASSET-036: 人物プロンプトあり but CHAR参照タグなし ([CHAR-XX reference | 初出/再利用] / [New character] / [Generic group])
  ⚠️  ASSET-036: 人物プロンプトあり but CHAR参照タグなし ([CHAR-XX reference | 初出/再利用] / [New character] / [Generic group])
  ⚠️  ASSET-037: 人物プロンプトあり but CHAR参照タグなし ([CHAR-XX reference | 初出/再利用] / [New character] / [Generic group])
  ⚠️  ASSET-038: 人物プロンプトあり but CHAR参照タグなし ([CHAR-XX reference | 初出/再利用] / [New character] / [Generic group])
  ⚠️  ASSET-039: 人物プロンプトあり but CHAR参照タグなし ([CHAR-XX reference | 初出/再利用] / [New character] / [Generic group])
  ⚠️  ASSET-041: 人物プロンプトあり but CHAR参照タグなし ([CHAR-XX reference | 初出/再利用] / [New character] / [Generic group])
  ⚠️  ASSET-042: 人物プロンプトあり but CHAR参照タグなし ([CHAR-XX reference | 初出/再利用] / [New character] / [Generic group])
  ⚠️  ASSET-042: 人物プロンプトあり but CHAR参照タグなし ([CHAR-XX reference | 初出/再利用] / [New character] / [Generic group])
  ⚠️  ASSET-043: 人物プロンプトあり but CHAR参照タグなし ([CHAR-XX reference | 初出/再利用] / [New character] / [Generic group])
  ⚠️  ASSET-044: 人物プロンプトあり but CHAR参照タグなし ([CHAR-XX reference | 初出/再利用] / [New character] / [Generic group])
  ⚠️  ASSET-044: 人物プロンプトあり but CHAR参照タグなし ([CHAR-XX reference | 初出/再利用] / [New character] / [Generic group])
  ⚠️  ASSET-044: 人物プロンプトあり but CHAR参照タグなし ([CHAR-XX reference | 初出/再利用] / [New character] / [Generic group])
  ⚠️  ASSET-045: 人物プロンプトあり but CHAR参照タグなし ([CHAR-XX reference | 初出/再利用] / [New character] / [Generic group])
  ⚠️  ASSET-047: 人物プロンプトあり but CHAR参照タグなし ([CHAR-XX reference | 初出/再利用] / [New character] / [Generic group])
  ⚠️  動画/アニメ比率: 32/65 = 49.2% （基準: 50%以上）→ ⚠️ WARNING

--- [Asset Completeness]: Checking Gansu_Narration_Asset_Combined.md ---
    Parsed: 177 ASSETs

--- 部門別結果 ---
  ❌ 1_完全性: FAIL
  ❌ 2_ナレ必須: FAIL
  ⚠️ 3_CHAR参照: WARNING
  ❌ 4_禁止要素: FAIL
  ✅ 6_総合比率: PASS

[FAILED]: 5 errors, 58 warnings
  ❌ 連番の欠番: ASSET-009
  ❌ カテゴリタグなし: ASSET-002, ASSET-004, ASSET-005, ASSET-006, ASSET-008, ASSET-013, ASSET-031, ASSET-055, ASSET-056, ASSET-057 他16件
  ❌ ナレーションなしASSET（禁止）: ASSET-002, ASSET-010, ASSET-011, ASSET-012, ASSET-111, ASSET-112, ASSET-113, ASSET-114, ASSET-115, ASSET-116 他61件
  ❌ ASSET-113: カメラ専門用語禁止: Ken Burns
  ❌ ASSET-119: カメラ専門用語禁止: Ken Burns
  ⚠️  ASSET-001: 人物プロンプトあり but CHAR参照タグなし ([CHAR-XX reference | 初出/再利用] / [New character] / [Generic group])
  ⚠️  ASSET-006: 人物プロンプトあり but CHAR参照タグなし ([CHAR-XX reference | 初出/再利用] / [New character] / [Generic group])
  ⚠️  ASSET-008: 人物プロンプトあり but CHAR参照タグなし ([CHAR-XX reference | 初出/再利用] / [New character] / [Generic group])
  ⚠️  ASSET-017: 人物プロンプトあり but CHAR参照タグなし ([CHAR-XX reference | 初出/再利用] / [New character] / [Generic group])
  ⚠️  ASSET-018: 人物プロンプトあり but CHAR参照タグなし ([CHAR-XX reference | 初出/再利用] / [New character] / [Generic group])
  ⚠️  ASSET-021: 人物プロンプトあり but CHAR参照タグなし ([CHAR-XX reference | 初出/再利用] / [New character] / [Generic group])
  ⚠️  ASSET-024: 人物プロンプトあり but CHAR参照タグなし ([CHAR-XX reference | 初出/再利用] / [New character] / [Generic group])
  ⚠️  ASSET-026: 人物プロンプトあり but CHAR参照タグなし ([CHAR-XX reference | 初出/再利用] / [New character] / [Generic group])
  ⚠️  ASSET-031: 人物プロンプトあり but CHAR参照タグなし ([CHAR-XX reference | 初出/再利用] / [New character] / [Generic group])
  ⚠️  ASSET-039: 人物プロンプトあり but CHAR参照タグなし ([CHAR-XX reference | 初出/再利用] / [New character] / [Generic group])
  ⚠️  ASSET-042: 人物プロンプトあり but CHAR参照タグなし ([CHAR-XX reference | 初出/再利用] / [New character] / [Generic group])
  ⚠️  ASSET-045: 人物プロンプトあり but CHAR参照タグなし ([CHAR-XX reference | 初出/再利用] / [New character] / [Generic group])
  ⚠️  ASSET-048: 人物プロンプトあり but CHAR参照タグなし ([CHAR-XX reference | 初出/再利用] / [New character] / [Generic group])
  ⚠️  ASSET-049: 人物プロンプトあり but CHAR参照タグなし ([CHAR-XX reference | 初出/再利用] / [New character] / [Generic group])
  ⚠️  ASSET-051: 人物プロンプトあり but CHAR参照タグなし ([CHAR-XX reference | 初出/再利用] / [New character] / [Generic group])
  ⚠️  ASSET-053: 人物プロンプトあり but CHAR参照タグなし ([CHAR-XX reference | 初出/再利用] / [New character] / [Generic group])
  ⚠️  ASSET-056: 人物プロンプトあり but CHAR参照タグなし ([CHAR-XX reference | 初出/再利用] / [New character] / [Generic group])
  ⚠️  ASSET-059: 人物プロンプトあり but CHAR参照タグなし ([CHAR-XX reference | 初出/再利用] / [New character] / [Generic group])
  ⚠️  ASSET-063: 人物プロンプトあり but CHAR参照タグなし ([CHAR-XX reference | 初出/再利用] / [New character] / [Generic group])
  ⚠️  ASSET-064: 人物プロンプトあり but CHAR参照タグなし ([CHAR-XX reference | 初出/再利用] / [New character] / [Generic group])
  ⚠️  ASSET-066: 人物プロンプトあり but CHAR参照タグなし ([CHAR-XX reference | 初出/再利用] / [New character] / [Generic group])
  ⚠️  ASSET-069: 人物プロンプトあり but CHAR参照タグなし ([CHAR-XX reference | 初出/再利用] / [New character] / [Generic group])
  ⚠️  ASSET-071: 人物プロンプトあり but CHAR参照タグなし ([CHAR-XX reference | 初出/再利用] / [New character] / [Generic group])
  ⚠️  ASSET-076: 人物プロンプトあり but CHAR参照タグなし ([CHAR-XX reference | 初出/再利用] / [New character] / [Generic group])
  ⚠️  ASSET-083: 人物プロンプトあり but CHAR参照タグなし ([CHAR-XX reference | 初出/再利用] / [New character] / [Generic group])
  ⚠️  ASSET-084: 人物プロンプトあり but CHAR参照タグなし ([CHAR-XX reference | 初出/再利用] / [New character] / [Generic group])
  ⚠️  ASSET-086: 人物プロンプトあり but CHAR参照タグなし ([CHAR-XX reference | 初出/再利用] / [New character] / [Generic group])
  ⚠️  ASSET-087: 人物プロンプトあり but CHAR参照タグなし ([CHAR-XX reference | 初出/再利用] / [New character] / [Generic group])
  ⚠️  ASSET-089: 人物プロンプトあり but CHAR参照タグなし ([CHAR-XX reference | 初出/再利用] / [New character] / [Generic group])
  ⚠️  ASSET-092: 人物プロンプトあり but CHAR参照タグなし ([CHAR-XX reference | 初出/再利用] / [New character] / [Generic group])
  ⚠️  ASSET-093: 人物プロンプトあり but CHAR参照タグなし ([CHAR-XX reference | 初出/再利用] / [New character] / [Generic group])
  ⚠️  ASSET-095: 人物プロンプトあり but CHAR参照タグなし ([CHAR-XX reference | 初出/再利用] / [New character] / [Generic group])
  ⚠️  ASSET-098: 人物プロンプトあり but CHAR参照タグなし ([CHAR-XX reference | 初出/再利用] / [New character] / [Generic group])
  ⚠️  ASSET-100: 人物プロンプトあり but CHAR参照タグなし ([CHAR-XX reference | 初出/再利用] / [New character] / [Generic group])
  ⚠️  ASSET-103: 人物プロンプトあり but CHAR参照タグなし ([CHAR-XX reference | 初出/再利用] / [New character] / [Generic group])
  ⚠️  ASSET-106: 人物プロンプトあり but CHAR参照タグなし ([CHAR-XX reference | 初出/再利用] / [New character] / [Generic group])
  ⚠️  ASSET-114: 人物プロンプトあり but CHAR参照タグなし ([CHAR-XX reference | 初出/再利用] / [New character] / [Generic group])
  ⚠️  ASSET-119: 人物プロンプトあり but CHAR参照タグなし ([CHAR-XX reference | 初出/再利用] / [New character] / [Generic group])
  ⚠️  ASSET-120: 人物プロンプトあり but CHAR参照タグなし ([CHAR-XX reference | 初出/再利用] / [New character] / [Generic group])
  ⚠️  ASSET-125: 人物プロンプトあり but CHAR参照タグなし ([CHAR-XX reference | 初出/再利用] / [New character] / [Generic group])
  ⚠️  ASSET-127: 人物プロンプトあり but CHAR参照タグなし ([CHAR-XX reference | 初出/再利用] / [New character] / [Generic group])
  ⚠️  ASSET-129: 人物プロンプトあり but CHAR参照タグなし ([CHAR-XX reference | 初出/再利用] / [New character] / [Generic group])
  ⚠️  ASSET-132: 人物プロンプトあり but CHAR参照タグなし ([CHAR-XX reference | 初出/再利用] / [New character] / [Generic group])
  ⚠️  ASSET-134: 人物プロンプトあり but CHAR参照タグなし ([CHAR-XX reference | 初出/再利用] / [New character] / [Generic group])
  ⚠️  ASSET-140: 人物プロンプトあり but CHAR参照タグなし ([CHAR-XX reference | 初出/再利用] / [New character] / [Generic group])
  ⚠️  ASSET-141: 人物プロンプトあり but CHAR参照タグなし ([CHAR-XX reference | 初出/再利用] / [New character] / [Generic group])
  ⚠️  ASSET-142: 人物プロンプトあり but CHAR参照タグなし ([CHAR-XX reference | 初出/再利用] / [New character] / [Generic group])
  ⚠️  ASSET-144: 人物プロンプトあり but CHAR参照タグなし ([CHAR-XX reference | 初出/再利用] / [New character] / [Generic group])
  ⚠️  ASSET-145: 人物プロンプトあり but CHAR参照タグなし ([CHAR-XX reference | 初出/再利用] / [New character] / [Generic group])
  ⚠️  ASSET-146: 人物プロンプトあり but CHAR参照タグなし ([CHAR-XX reference | 初出/再利用] / [New character] / [Generic group])
  ⚠️  ASSET-148: 人物プロンプトあり but CHAR参照タグなし ([CHAR-XX reference | 初出/再利用] / [New character] / [Generic group])
  ⚠️  ASSET-149: 人物プロンプトあり but CHAR参照タグなし ([CHAR-XX reference | 初出/再利用] / [New character] / [Generic group])
  ⚠️  ASSET-155: 人物プロンプトあり but CHAR参照タグなし ([CHAR-XX reference | 初出/再利用] / [New character] / [Generic group])
  ⚠️  ASSET-157: 人物プロンプトあり but CHAR参照タグなし ([CHAR-XX reference | 初出/再利用] / [New character] / [Generic group])
  ⚠️  ASSET-160: 人物プロンプトあり but CHAR参照タグなし ([CHAR-XX reference | 初出/再利用] / [New character] / [Generic group])
  ⚠️  ASSET-169: 人物プロンプトあり but CHAR参照タグなし ([CHAR-XX reference | 初出/再利用] / [New character] / [Generic group])
  ⚠️  ASSET-171: 人物プロンプトあり but CHAR参照タグなし ([CHAR-XX reference | 初出/再利用] / [New character] / [Generic group])
  ⚠️  ASSET-174: 人物プロンプトあり but CHAR参照タグなし ([CHAR-XX reference | 初出/再利用] / [New character] / [Generic group])

--- [Asset Completeness]: Checking Gansu_Asset_Prompts.md ---
    Parsed: 65 ASSETs

--- 部門別結果 ---
  ✅ 1_完全性: PASS
  ❌ 2_ナレ必須: FAIL
  ⚠️ 3_CHAR参照: WARNING
  ✅ 4_禁止要素: PASS
  ⚠️ 6_総合比率: WARNING

[FAILED]: 1 errors, 23 warnings
  ❌ ナレーションなしASSET（禁止）: ASSET-001, ASSET-002, ASSET-003, ASSET-004, ASSET-005, ASSET-006, ASSET-006, ASSET-007, ASSET-008, ASSET-008 他54件
  ⚠️  ASSET-011: 人物プロンプトあり but CHAR参照タグなし ([CHAR-XX reference | 初出/再利用] / [New character] / [Generic group])
  ⚠️  ASSET-012: 人物プロンプトあり but CHAR参照タグなし ([CHAR-XX reference | 初出/再利用] / [New character] / [Generic group])
  ⚠️  ASSET-021: 人物プロンプトあり but CHAR参照タグなし ([CHAR-XX reference | 初出/再利用] / [New character] / [Generic group])
  ⚠️  ASSET-022: 人物プロンプトあり but CHAR参照タグなし ([CHAR-XX reference | 初出/再利用] / [New character] / [Generic group])
  ⚠️  ASSET-026: 人物プロンプトあり but CHAR参照タグなし ([CHAR-XX reference | 初出/再利用] / [New character] / [Generic group])
  ⚠️  ASSET-027: 人物プロンプトあり but CHAR参照タグなし ([CHAR-XX reference | 初出/再利用] / [New character] / [Generic group])
  ⚠️  ASSET-030: 人物プロンプトあり but CHAR参照タグなし ([CHAR-XX reference | 初出/再利用] / [New character] / [Generic group])
  ⚠️  ASSET-032: 人物プロンプトあり but CHAR参照タグなし ([CHAR-XX reference | 初出/再利用] / [New character] / [Generic group])
  ⚠️  ASSET-036: 人物プロンプトあり but CHAR参照タグなし ([CHAR-XX reference | 初出/再利用] / [New character] / [Generic group])
  ⚠️  ASSET-036: 人物プロンプトあり but CHAR参照タグなし ([CHAR-XX reference | 初出/再利用] / [New character] / [Generic group])
  ⚠️  ASSET-037: 人物プロンプトあり but CHAR参照タグなし ([CHAR-XX reference | 初出/再利用] / [New character] / [Generic group])
  ⚠️  ASSET-038: 人物プロンプトあり but CHAR参照タグなし ([CHAR-XX reference | 初出/再利用] / [New character] / [Generic group])
  ⚠️  ASSET-039: 人物プロンプトあり but CHAR参照タグなし ([CHAR-XX reference | 初出/再利用] / [New character] / [Generic group])
  ⚠️  ASSET-041: 人物プロンプトあり but CHAR参照タグなし ([CHAR-XX reference | 初出/再利用] / [New character] / [Generic group])
  ⚠️  ASSET-042: 人物プロンプトあり but CHAR参照タグなし ([CHAR-XX reference | 初出/再利用] / [New character] / [Generic group])
  ⚠️  ASSET-042: 人物プロンプトあり but CHAR参照タグなし ([CHAR-XX reference | 初出/再利用] / [New character] / [Generic group])
  ⚠️  ASSET-043: 人物プロンプトあり but CHAR参照タグなし ([CHAR-XX reference | 初出/再利用] / [New character] / [Generic group])
  ⚠️  ASSET-044: 人物プロンプトあり but CHAR参照タグなし ([CHAR-XX reference | 初出/再利用] / [New character] / [Generic group])
  ⚠️  ASSET-044: 人物プロンプトあり but CHAR参照タグなし ([CHAR-XX reference | 初出/再利用] / [New character] / [Generic group])
  ⚠️  ASSET-044: 人物プロンプトあり but CHAR参照タグなし ([CHAR-XX reference | 初出/再利用] / [New character] / [Generic group])
  ⚠️  ASSET-045: 人物プロンプトあり but CHAR参照タグなし ([CHAR-XX reference | 初出/再利用] / [New character] / [Generic group])
  ⚠️  ASSET-047: 人物プロンプトあり but CHAR参照タグなし ([CHAR-XX reference | 初出/再利用] / [New character] / [Generic group])
  ⚠️  動画/アニメ比率: 32/65 = 49.2% （基準: 50%以上）→ ⚠️ WARNING

--- [Asset Completeness]: Checking Gansu_Asset_Prompts.md ---
    Parsed: 65 ASSETs

--- 部門別結果 ---
  ✅ 1_完全性: PASS
  ❌ 2_ナレ必須: FAIL
  ⚠️ 3_CHAR参照: WARNING
  ✅ 4_禁止要素: PASS
  ⚠️ 6_総合比率: WARNING

[FAILED]: 1 errors, 22 warnings
  ❌ ナレーションなしASSET（禁止）: ASSET-001, ASSET-002, ASSET-003, ASSET-004, ASSET-005, ASSET-006, ASSET-006, ASSET-007, ASSET-008, ASSET-008 他54件
  ⚠️  ASSET-011: 人物プロンプトあり but CHAR参照タグなし ([CHAR-XX reference | 初出/再利用] / [New character] / [Generic group])
  ⚠️  ASSET-012: 人物プロンプトあり but CHAR参照タグなし ([CHAR-XX reference | 初出/再利用] / [New character] / [Generic group])
  ⚠️  ASSET-021: 人物プロンプトあり but CHAR参照タグなし ([CHAR-XX reference | 初出/再利用] / [New character] / [Generic group])
  ⚠️  ASSET-022: 人物プロンプトあり but CHAR参照タグなし ([CHAR-XX reference | 初出/再利用] / [New character] / [Generic group])
  ⚠️  ASSET-027: 人物プロンプトあり but CHAR参照タグなし ([CHAR-XX reference | 初出/再利用] / [New character] / [Generic group])
  ⚠️  ASSET-030: 人物プロンプトあり but CHAR参照タグなし ([CHAR-XX reference | 初出/再利用] / [New character] / [Generic group])
  ⚠️  ASSET-032: 人物プロンプトあり but CHAR参照タグなし ([CHAR-XX reference | 初出/再利用] / [New character] / [Generic group])
  ⚠️  ASSET-036: 人物プロンプトあり but CHAR参照タグなし ([CHAR-XX reference | 初出/再利用] / [New character] / [Generic group])
  ⚠️  ASSET-036: 人物プロンプトあり but CHAR参照タグなし ([CHAR-XX reference | 初出/再利用] / [New character] / [Generic group])
  ⚠️  ASSET-037: 人物プロンプトあり but CHAR参照タグなし ([CHAR-XX reference | 初出/再利用] / [New character] / [Generic group])
  ⚠️  ASSET-038: 人物プロンプトあり but CHAR参照タグなし ([CHAR-XX reference | 初出/再利用] / [New character] / [Generic group])
  ⚠️  ASSET-039: 人物プロンプトあり but CHAR参照タグなし ([CHAR-XX reference | 初出/再利用] / [New character] / [Generic group])
  ⚠️  ASSET-041: 人物プロンプトあり but CHAR参照タグなし ([CHAR-XX reference | 初出/再利用] / [New character] / [Generic group])
  ⚠️  ASSET-042: 人物プロンプトあり but CHAR参照タグなし ([CHAR-XX reference | 初出/再利用] / [New character] / [Generic group])
  ⚠️  ASSET-042: 人物プロンプトあり but CHAR参照タグなし ([CHAR-XX reference | 初出/再利用] / [New character] / [Generic group])
  ⚠️  ASSET-043: 人物プロンプトあり but CHAR参照タグなし ([CHAR-XX reference | 初出/再利用] / [New character] / [Generic group])
  ⚠️  ASSET-044: 人物プロンプトあり but CHAR参照タグなし ([CHAR-XX reference | 初出/再利用] / [New character] / [Generic group])
  ⚠️  ASSET-044: 人物プロンプトあり but CHAR参照タグなし ([CHAR-XX reference | 初出/再利用] / [New character] / [Generic group])
  ⚠️  ASSET-044: 人物プロンプトあり but CHAR参照タグなし ([CHAR-XX reference | 初出/再利用] / [New character] / [Generic group])
  ⚠️  ASSET-045: 人物プロンプトあり but CHAR参照タグなし ([CHAR-XX reference | 初出/再利用] / [New character] / [Generic group])
  ⚠️  ASSET-047: 人物プロンプトあり but CHAR参照タグなし ([CHAR-XX reference | 初出/再利用] / [New character] / [Generic group])
  ⚠️  動画/アニメ比率: 32/65 = 49.2% （基準: 50%以上）→ ⚠️ WARNING

--- [Asset Completeness]: Checking Gansu_Asset_Prompts.md ---
    Parsed: 65 ASSETs

--- 部門別結果 ---
  ✅ 1_完全性: PASS
  ❌ 2_ナレ必須: FAIL
  ⚠️ 3_CHAR参照: WARNING
  ✅ 4_禁止要素: PASS
  ⚠️ 6_総合比率: WARNING

[FAILED]: 1 errors, 21 warnings
  ❌ ナレーションなしASSET（禁止）: ASSET-001, ASSET-002, ASSET-003, ASSET-004, ASSET-005, ASSET-006, ASSET-006, ASSET-007, ASSET-008, ASSET-008 他54件
  ⚠️  ASSET-011: 人物プロンプトあり but CHAR参照タグなし ([CHAR-XX reference | 初出/再利用] / [New character] / [Generic group])
  ⚠️  ASSET-012: 人物プロンプトあり but CHAR参照タグなし ([CHAR-XX reference | 初出/再利用] / [New character] / [Generic group])
  ⚠️  ASSET-021: 人物プロンプトあり but CHAR参照タグなし ([CHAR-XX reference | 初出/再利用] / [New character] / [Generic group])
  ⚠️  ASSET-022: 人物プロンプトあり but CHAR参照タグなし ([CHAR-XX reference | 初出/再利用] / [New character] / [Generic group])
  ⚠️  ASSET-030: 人物プロンプトあり but CHAR参照タグなし ([CHAR-XX reference | 初出/再利用] / [New character] / [Generic group])
  ⚠️  ASSET-032: 人物プロンプトあり but CHAR参照タグなし ([CHAR-XX reference | 初出/再利用] / [New character] / [Generic group])
  ⚠️  ASSET-036: 人物プロンプトあり but CHAR参照タグなし ([CHAR-XX reference | 初出/再利用] / [New character] / [Generic group])
  ⚠️  ASSET-036: 人物プロンプトあり but CHAR参照タグなし ([CHAR-XX reference | 初出/再利用] / [New character] / [Generic group])
  ⚠️  ASSET-037: 人物プロンプトあり but CHAR参照タグなし ([CHAR-XX reference | 初出/再利用] / [New character] / [Generic group])
  ⚠️  ASSET-038: 人物プロンプトあり but CHAR参照タグなし ([CHAR-XX reference | 初出/再利用] / [New character] / [Generic group])
  ⚠️  ASSET-039: 人物プロンプトあり but CHAR参照タグなし ([CHAR-XX reference | 初出/再利用] / [New character] / [Generic group])
  ⚠️  ASSET-041: 人物プロンプトあり but CHAR参照タグなし ([CHAR-XX reference | 初出/再利用] / [New character] / [Generic group])
  ⚠️  ASSET-042: 人物プロンプトあり but CHAR参照タグなし ([CHAR-XX reference | 初出/再利用] / [New character] / [Generic group])
  ⚠️  ASSET-042: 人物プロンプトあり but CHAR参照タグなし ([CHAR-XX reference | 初出/再利用] / [New character] / [Generic group])
  ⚠️  ASSET-043: 人物プロンプトあり but CHAR参照タグなし ([CHAR-XX reference | 初出/再利用] / [New character] / [Generic group])
  ⚠️  ASSET-044: 人物プロンプトあり but CHAR参照タグなし ([CHAR-XX reference | 初出/再利用] / [New character] / [Generic group])
  ⚠️  ASSET-044: 人物プロンプトあり but CHAR参照タグなし ([CHAR-XX reference | 初出/再利用] / [New character] / [Generic group])
  ⚠️  ASSET-044: 人物プロンプトあり but CHAR参照タグなし ([CHAR-XX reference | 初出/再利用] / [New character] / [Generic group])
  ⚠️  ASSET-045: 人物プロンプトあり but CHAR参照タグなし ([CHAR-XX reference | 初出/再利用] / [New character] / [Generic group])
  ⚠️  ASSET-047: 人物プロンプトあり but CHAR参照タグなし ([CHAR-XX reference | 初出/再利用] / [New character] / [Generic group])
  ⚠️  動画/アニメ比率: 32/65 = 49.2% （基準: 50%以上）→ ⚠️ WARNING

--- [Asset Completeness]: Checking Gansu_Asset_Prompts.md ---
    Parsed: 65 ASSETs

--- 部門別結果 ---
  ✅ 1_完全性: PASS
  ❌ 2_ナレ必須: FAIL
  ⚠️ 3_CHAR参照: WARNING
  ✅ 4_禁止要素: PASS
  ⚠️ 6_総合比率: WARNING

[FAILED]: 1 errors, 21 warnings
  ❌ ナレーションなしASSET（禁止）: ASSET-001, ASSET-002, ASSET-003, ASSET-004, ASSET-005, ASSET-006, ASSET-006, ASSET-007, ASSET-008, ASSET-008 他54件
  ⚠️  ASSET-011: 人物プロンプトあり but CHAR参照タグなし ([CHAR-XX reference | 初出/再利用] / [New character] / [Generic group])
  ⚠️  ASSET-012: 人物プロンプトあり but CHAR参照タグなし ([CHAR-XX reference | 初出/再利用] / [New character] / [Generic group])
  ⚠️  ASSET-021: 人物プロンプトあり but CHAR参照タグなし ([CHAR-XX reference | 初出/再利用] / [New character] / [Generic group])
  ⚠️  ASSET-022: 人物プロンプトあり but CHAR参照タグなし ([CHAR-XX reference | 初出/再利用] / [New character] / [Generic group])
  ⚠️  ASSET-030: 人物プロンプトあり but CHAR参照タグなし ([CHAR-XX reference | 初出/再利用] / [New character] / [Generic group])
  ⚠️  ASSET-032: 人物プロンプトあり but CHAR参照タグなし ([CHAR-XX reference | 初出/再利用] / [New character] / [Generic group])
  ⚠️  ASSET-036: 人物プロンプトあり but CHAR参照タグなし ([CHAR-XX reference | 初出/再利用] / [New character] / [Generic group])
  ⚠️  ASSET-036: 人物プロンプトあり but CHAR参照タグなし ([CHAR-XX reference | 初出/再利用] / [New character] / [Generic group])
  ⚠️  ASSET-037: 人物プロンプトあり but CHAR参照タグなし ([CHAR-XX reference | 初出/再利用] / [New character] / [Generic group])
  ⚠️  ASSET-038: 人物プロンプトあり but CHAR参照タグなし ([CHAR-XX reference | 初出/再利用] / [New character] / [Generic group])
  ⚠️  ASSET-039: 人物プロンプトあり but CHAR参照タグなし ([CHAR-XX reference | 初出/再利用] / [New character] / [Generic group])
  ⚠️  ASSET-041: 人物プロンプトあり but CHAR参照タグなし ([CHAR-XX reference | 初出/再利用] / [New character] / [Generic group])
  ⚠️  ASSET-042: 人物プロンプトあり but CHAR参照タグなし ([CHAR-XX reference | 初出/再利用] / [New character] / [Generic group])
  ⚠️  ASSET-042: 人物プロンプトあり but CHAR参照タグなし ([CHAR-XX reference | 初出/再利用] / [New character] / [Generic group])
  ⚠️  ASSET-043: 人物プロンプトあり but CHAR参照タグなし ([CHAR-XX reference | 初出/再利用] / [New character] / [Generic group])
  ⚠️  ASSET-044: 人物プロンプトあり but CHAR参照タグなし ([CHAR-XX reference | 初出/再利用] / [New character] / [Generic group])
  ⚠️  ASSET-044: 人物プロンプトあり but CHAR参照タグなし ([CHAR-XX reference | 初出/再利用] / [New character] / [Generic group])
  ⚠️  ASSET-044: 人物プロンプトあり but CHAR参照タグなし ([CHAR-XX reference | 初出/再利用] / [New character] / [Generic group])
  ⚠️  ASSET-045: 人物プロンプトあり but CHAR参照タグなし ([CHAR-XX reference | 初出/再利用] / [New character] / [Generic group])
  ⚠️  ASSET-047: 人物プロンプトあり but CHAR参照タグなし ([CHAR-XX reference | 初出/再利用] / [New character] / [Generic group])
  ⚠️  動画/アニメ比率: 32/65 = 49.2% （基準: 50%以上）→ ⚠️ WARNING

--- [Asset Completeness]: Checking Gansu_Narration_Asset_Combined.md ---
    Parsed: 177 ASSETs

--- 部門別結果 ---
  ❌ 1_完全性: FAIL
  ❌ 2_ナレ必須: FAIL
  ⚠️ 3_CHAR参照: WARNING
  ❌ 4_禁止要素: FAIL
  ✅ 6_総合比率: PASS

[FAILED]: 5 errors, 58 warnings
  ❌ 連番の欠番: ASSET-009
  ❌ カテゴリタグなし: ASSET-002, ASSET-004, ASSET-005, ASSET-006, ASSET-008, ASSET-013, ASSET-031, ASSET-055, ASSET-056, ASSET-057 他16件
  ❌ ナレーションなしASSET（禁止）: ASSET-002, ASSET-010, ASSET-011, ASSET-012, ASSET-111, ASSET-112, ASSET-113, ASSET-114, ASSET-115, ASSET-116 他61件
  ❌ ASSET-113: カメラ専門用語禁止: Ken Burns
  ❌ ASSET-119: カメラ専門用語禁止: Ken Burns
  ⚠️  ASSET-001: 人物プロンプトあり but CHAR参照タグなし ([CHAR-XX reference | 初出/再利用] / [New character] / [Generic group])
  ⚠️  ASSET-006: 人物プロンプトあり but CHAR参照タグなし ([CHAR-XX reference | 初出/再利用] / [New character] / [Generic group])
  ⚠️  ASSET-008: 人物プロンプトあり but CHAR参照タグなし ([CHAR-XX reference | 初出/再利用] / [New character] / [Generic group])
  ⚠️  ASSET-017: 人物プロンプトあり but CHAR参照タグなし ([CHAR-XX reference | 初出/再利用] / [New character] / [Generic group])
  ⚠️  ASSET-018: 人物プロンプトあり but CHAR参照タグなし ([CHAR-XX reference | 初出/再利用] / [New character] / [Generic group])
  ⚠️  ASSET-021: 人物プロンプトあり but CHAR参照タグなし ([CHAR-XX reference | 初出/再利用] / [New character] / [Generic group])
  ⚠️  ASSET-024: 人物プロンプトあり but CHAR参照タグなし ([CHAR-XX reference | 初出/再利用] / [New character] / [Generic group])
  ⚠️  ASSET-026: 人物プロンプトあり but CHAR参照タグなし ([CHAR-XX reference | 初出/再利用] / [New character] / [Generic group])
  ⚠️  ASSET-031: 人物プロンプトあり but CHAR参照タグなし ([CHAR-XX reference | 初出/再利用] / [New character] / [Generic group])
  ⚠️  ASSET-039: 人物プロンプトあり but CHAR参照タグなし ([CHAR-XX reference | 初出/再利用] / [New character] / [Generic group])
  ⚠️  ASSET-042: 人物プロンプトあり but CHAR参照タグなし ([CHAR-XX reference | 初出/再利用] / [New character] / [Generic group])
  ⚠️  ASSET-045: 人物プロンプトあり but CHAR参照タグなし ([CHAR-XX reference | 初出/再利用] / [New character] / [Generic group])
  ⚠️  ASSET-048: 人物プロンプトあり but CHAR参照タグなし ([CHAR-XX reference | 初出/再利用] / [New character] / [Generic group])
  ⚠️  ASSET-049: 人物プロンプトあり but CHAR参照タグなし ([CHAR-XX reference | 初出/再利用] / [New character] / [Generic group])
  ⚠️  ASSET-051: 人物プロンプトあり but CHAR参照タグなし ([CHAR-XX reference | 初出/再利用] / [New character] / [Generic group])
  ⚠️  ASSET-053: 人物プロンプトあり but CHAR参照タグなし ([CHAR-XX reference | 初出/再利用] / [New character] / [Generic group])
  ⚠️  ASSET-056: 人物プロンプトあり but CHAR参照タグなし ([CHAR-XX reference | 初出/再利用] / [New character] / [Generic group])
  ⚠️  ASSET-059: 人物プロンプトあり but CHAR参照タグなし ([CHAR-XX reference | 初出/再利用] / [New character] / [Generic group])
  ⚠️  ASSET-063: 人物プロンプトあり but CHAR参照タグなし ([CHAR-XX reference | 初出/再利用] / [New character] / [Generic group])
  ⚠️  ASSET-064: 人物プロンプトあり but CHAR参照タグなし ([CHAR-XX reference | 初出/再利用] / [New character] / [Generic group])
  ⚠️  ASSET-066: 人物プロンプトあり but CHAR参照タグなし ([CHAR-XX reference | 初出/再利用] / [New character] / [Generic group])
  ⚠️  ASSET-069: 人物プロンプトあり but CHAR参照タグなし ([CHAR-XX reference | 初出/再利用] / [New character] / [Generic group])
  ⚠️  ASSET-071: 人物プロンプトあり but CHAR参照タグなし ([CHAR-XX reference | 初出/再利用] / [New character] / [Generic group])
  ⚠️  ASSET-076: 人物プロンプトあり but CHAR参照タグなし ([CHAR-XX reference | 初出/再利用] / [New character] / [Generic group])
  ⚠️  ASSET-083: 人物プロンプトあり but CHAR参照タグなし ([CHAR-XX reference | 初出/再利用] / [New character] / [Generic group])
  ⚠️  ASSET-084: 人物プロンプトあり but CHAR参照タグなし ([CHAR-XX reference | 初出/再利用] / [New character] / [Generic group])
  ⚠️  ASSET-086: 人物プロンプトあり but CHAR参照タグなし ([CHAR-XX reference | 初出/再利用] / [New character] / [Generic group])
  ⚠️  ASSET-087: 人物プロンプトあり but CHAR参照タグなし ([CHAR-XX reference | 初出/再利用] / [New character] / [Generic group])
  ⚠️  ASSET-089: 人物プロンプトあり but CHAR参照タグなし ([CHAR-XX reference | 初出/再利用] / [New character] / [Generic group])
  ⚠️  ASSET-092: 人物プロンプトあり but CHAR参照タグなし ([CHAR-XX reference | 初出/再利用] / [New character] / [Generic group])
  ⚠️  ASSET-093: 人物プロンプトあり but CHAR参照タグなし ([CHAR-XX reference | 初出/再利用] / [New character] / [Generic group])
  ⚠️  ASSET-095: 人物プロンプトあり but CHAR参照タグなし ([CHAR-XX reference | 初出/再利用] / [New character] / [Generic group])
  ⚠️  ASSET-098: 人物プロンプトあり but CHAR参照タグなし ([CHAR-XX reference | 初出/再利用] / [New character] / [Generic group])
  ⚠️  ASSET-100: 人物プロンプトあり but CHAR参照タグなし ([CHAR-XX reference | 初出/再利用] / [New character] / [Generic group])
  ⚠️  ASSET-103: 人物プロンプトあり but CHAR参照タグなし ([CHAR-XX reference | 初出/再利用] / [New character] / [Generic group])
  ⚠️  ASSET-106: 人物プロンプトあり but CHAR参照タグなし ([CHAR-XX reference | 初出/再利用] / [New character] / [Generic group])
  ⚠️  ASSET-114: 人物プロンプトあり but CHAR参照タグなし ([CHAR-XX reference | 初出/再利用] / [New character] / [Generic group])
  ⚠️  ASSET-119: 人物プロンプトあり but CHAR参照タグなし ([CHAR-XX reference | 初出/再利用] / [New character] / [Generic group])
  ⚠️  ASSET-120: 人物プロンプトあり but CHAR参照タグなし ([CHAR-XX reference | 初出/再利用] / [New character] / [Generic group])
  ⚠️  ASSET-125: 人物プロンプトあり but CHAR参照タグなし ([CHAR-XX reference | 初出/再利用] / [New character] / [Generic group])
  ⚠️  ASSET-127: 人物プロンプトあり but CHAR参照タグなし ([CHAR-XX reference | 初出/再利用] / [New character] / [Generic group])
  ⚠️  ASSET-129: 人物プロンプトあり but CHAR参照タグなし ([CHAR-XX reference | 初出/再利用] / [New character] / [Generic group])
  ⚠️  ASSET-132: 人物プロンプトあり but CHAR参照タグなし ([CHAR-XX reference | 初出/再利用] / [New character] / [Generic group])
  ⚠️  ASSET-134: 人物プロンプトあり but CHAR参照タグなし ([CHAR-XX reference | 初出/再利用] / [New character] / [Generic group])
  ⚠️  ASSET-140: 人物プロンプトあり but CHAR参照タグなし ([CHAR-XX reference | 初出/再利用] / [New character] / [Generic group])
  ⚠️  ASSET-141: 人物プロンプトあり but CHAR参照タグなし ([CHAR-XX reference | 初出/再利用] / [New character] / [Generic group])
  ⚠️  ASSET-142: 人物プロンプトあり but CHAR参照タグなし ([CHAR-XX reference | 初出/再利用] / [New character] / [Generic group])
  ⚠️  ASSET-144: 人物プロンプトあり but CHAR参照タグなし ([CHAR-XX reference | 初出/再利用] / [New character] / [Generic group])
  ⚠️  ASSET-145: 人物プロンプトあり but CHAR参照タグなし ([CHAR-XX reference | 初出/再利用] / [New character] / [Generic group])
  ⚠️  ASSET-146: 人物プロンプトあり but CHAR参照タグなし ([CHAR-XX reference | 初出/再利用] / [New character] / [Generic group])
  ⚠️  ASSET-148: 人物プロンプトあり but CHAR参照タグなし ([CHAR-XX reference | 初出/再利用] / [New character] / [Generic group])
  ⚠️  ASSET-149: 人物プロンプトあり but CHAR参照タグなし ([CHAR-XX reference | 初出/再利用] / [New character] / [Generic group])
  ⚠️  ASSET-155: 人物プロンプトあり but CHAR参照タグなし ([CHAR-XX reference | 初出/再利用] / [New character] / [Generic group])
  ⚠️  ASSET-157: 人物プロンプトあり but CHAR参照タグなし ([CHAR-XX reference | 初出/再利用] / [New character] / [Generic group])
  ⚠️  ASSET-160: 人物プロンプトあり but CHAR参照タグなし ([CHAR-XX reference | 初出/再利用] / [New character] / [Generic group])
  ⚠️  ASSET-169: 人物プロンプトあり but CHAR参照タグなし ([CHAR-XX reference | 初出/再利用] / [New character] / [Generic group])
  ⚠️  ASSET-171: 人物プロンプトあり but CHAR参照タグなし ([CHAR-XX reference | 初出/再利用] / [New character] / [Generic group])
  ⚠️  ASSET-174: 人物プロンプトあり but CHAR参照タグなし ([CHAR-XX reference | 初出/再利用] / [New character] / [Generic group])

--- [Asset Completeness]: Checking Gansu_Asset_Prompts.md ---
    Parsed: 65 ASSETs

--- 部門別結果 ---
  ✅ 1_完全性: PASS
  ❌ 2_ナレ必須: FAIL
  ⚠️ 3_CHAR参照: WARNING
  ✅ 4_禁止要素: PASS
  ⚠️ 6_総合比率: WARNING

[FAILED]: 1 errors, 21 warnings
  ❌ ナレーションなしASSET（禁止）: ASSET-001, ASSET-002, ASSET-003, ASSET-004, ASSET-005, ASSET-006, ASSET-006, ASSET-007, ASSET-008, ASSET-008 他54件
  ⚠️  ASSET-011: 人物プロンプトあり but CHAR参照タグなし ([CHAR-XX reference | 初出/再利用] / [New character] / [Generic group])
  ⚠️  ASSET-012: 人物プロンプトあり but CHAR参照タグなし ([CHAR-XX reference | 初出/再利用] / [New character] / [Generic group])
  ⚠️  ASSET-021: 人物プロンプトあり but CHAR参照タグなし ([CHAR-XX reference | 初出/再利用] / [New character] / [Generic group])
  ⚠️  ASSET-022: 人物プロンプトあり but CHAR参照タグなし ([CHAR-XX reference | 初出/再利用] / [New character] / [Generic group])
  ⚠️  ASSET-030: 人物プロンプトあり but CHAR参照タグなし ([CHAR-XX reference | 初出/再利用] / [New character] / [Generic group])
  ⚠️  ASSET-032: 人物プロンプトあり but CHAR参照タグなし ([CHAR-XX reference | 初出/再利用] / [New character] / [Generic group])
  ⚠️  ASSET-036: 人物プロンプトあり but CHAR参照タグなし ([CHAR-XX reference | 初出/再利用] / [New character] / [Generic group])
  ⚠️  ASSET-036: 人物プロンプトあり but CHAR参照タグなし ([CHAR-XX reference | 初出/再利用] / [New character] / [Generic group])
  ⚠️  ASSET-037: 人物プロンプトあり but CHAR参照タグなし ([CHAR-XX reference | 初出/再利用] / [New character] / [Generic group])
  ⚠️  ASSET-038: 人物プロンプトあり but CHAR参照タグなし ([CHAR-XX reference | 初出/再利用] / [New character] / [Generic group])
  ⚠️  ASSET-039: 人物プロンプトあり but CHAR参照タグなし ([CHAR-XX reference | 初出/再利用] / [New character] / [Generic group])
  ⚠️  ASSET-041: 人物プロンプトあり but CHAR参照タグなし ([CHAR-XX reference | 初出/再利用] / [New character] / [Generic group])
  ⚠️  ASSET-042: 人物プロンプトあり but CHAR参照タグなし ([CHAR-XX reference | 初出/再利用] / [New character] / [Generic group])
  ⚠️  ASSET-042: 人物プロンプトあり but CHAR参照タグなし ([CHAR-XX reference | 初出/再利用] / [New character] / [Generic group])
  ⚠️  ASSET-043: 人物プロンプトあり but CHAR参照タグなし ([CHAR-XX reference | 初出/再利用] / [New character] / [Generic group])
  ⚠️  ASSET-044: 人物プロンプトあり but CHAR参照タグなし ([CHAR-XX reference | 初出/再利用] / [New character] / [Generic group])
  ⚠️  ASSET-044: 人物プロンプトあり but CHAR参照タグなし ([CHAR-XX reference | 初出/再利用] / [New character] / [Generic group])
  ⚠️  ASSET-044: 人物プロンプトあり but CHAR参照タグなし ([CHAR-XX reference | 初出/再利用] / [New character] / [Generic group])
  ⚠️  ASSET-045: 人物プロンプトあり but CHAR参照タグなし ([CHAR-XX reference | 初出/再利用] / [New character] / [Generic group])
  ⚠️  ASSET-047: 人物プロンプトあり but CHAR参照タグなし ([CHAR-XX reference | 初出/再利用] / [New character] / [Generic group])
  ⚠️  動画/アニメ比率: 32/65 = 49.2% （基準: 50%以上）→ ⚠️ WARNING

--- [Asset Completeness]: Checking Gansu_Asset_Prompts.md ---
    Parsed: 65 ASSETs

--- 部門別結果 ---
  ✅ 1_完全性: PASS
  ❌ 2_ナレ必須: FAIL
  ⚠️ 3_CHAR参照: WARNING
  ✅ 4_禁止要素: PASS
  ⚠️ 6_総合比率: WARNING

[FAILED]: 1 errors, 21 warnings
  ❌ ナレーションなしASSET（禁止）: ASSET-001, ASSET-002, ASSET-003, ASSET-004, ASSET-005, ASSET-006, ASSET-006, ASSET-007, ASSET-008, ASSET-008 他54件
  ⚠️  ASSET-011: 人物プロンプトあり but CHAR参照タグなし ([CHAR-XX reference | 初出/再利用] / [New character] / [Generic group])
  ⚠️  ASSET-012: 人物プロンプトあり but CHAR参照タグなし ([CHAR-XX reference | 初出/再利用] / [New character] / [Generic group])
  ⚠️  ASSET-021: 人物プロンプトあり but CHAR参照タグなし ([CHAR-XX reference | 初出/再利用] / [New character] / [Generic group])
  ⚠️  ASSET-022: 人物プロンプトあり but CHAR参照タグなし ([CHAR-XX reference | 初出/再利用] / [New character] / [Generic group])
  ⚠️  ASSET-030: 人物プロンプトあり but CHAR参照タグなし ([CHAR-XX reference | 初出/再利用] / [New character] / [Generic group])
  ⚠️  ASSET-032: 人物プロンプトあり but CHAR参照タグなし ([CHAR-XX reference | 初出/再利用] / [New character] / [Generic group])
  ⚠️  ASSET-036: 人物プロンプトあり but CHAR参照タグなし ([CHAR-XX reference | 初出/再利用] / [New character] / [Generic group])
  ⚠️  ASSET-036: 人物プロンプトあり but CHAR参照タグなし ([CHAR-XX reference | 初出/再利用] / [New character] / [Generic group])
  ⚠️  ASSET-037: 人物プロンプトあり but CHAR参照タグなし ([CHAR-XX reference | 初出/再利用] / [New character] / [Generic group])
  ⚠️  ASSET-038: 人物プロンプトあり but CHAR参照タグなし ([CHAR-XX reference | 初出/再利用] / [New character] / [Generic group])
  ⚠️  ASSET-039: 人物プロンプトあり but CHAR参照タグなし ([CHAR-XX reference | 初出/再利用] / [New character] / [Generic group])
  ⚠️  ASSET-041: 人物プロンプトあり but CHAR参照タグなし ([CHAR-XX reference | 初出/再利用] / [New character] / [Generic group])
  ⚠️  ASSET-042: 人物プロンプトあり but CHAR参照タグなし ([CHAR-XX reference | 初出/再利用] / [New character] / [Generic group])
  ⚠️  ASSET-042: 人物プロンプトあり but CHAR参照タグなし ([CHAR-XX reference | 初出/再利用] / [New character] / [Generic group])
  ⚠️  ASSET-043: 人物プロンプトあり but CHAR参照タグなし ([CHAR-XX reference | 初出/再利用] / [New character] / [Generic group])
  ⚠️  ASSET-044: 人物プロンプトあり but CHAR参照タグなし ([CHAR-XX reference | 初出/再利用] / [New character] / [Generic group])
  ⚠️  ASSET-044: 人物プロンプトあり but CHAR参照タグなし ([CHAR-XX reference | 初出/再利用] / [New character] / [Generic group])
  ⚠️  ASSET-044: 人物プロンプトあり but CHAR参照タグなし ([CHAR-XX reference | 初出/再利用] / [New character] / [Generic group])
  ⚠️  ASSET-045: 人物プロンプトあり but CHAR参照タグなし ([CHAR-XX reference | 初出/再利用] / [New character] / [Generic group])
  ⚠️  ASSET-047: 人物プロンプトあり but CHAR参照タグなし ([CHAR-XX reference | 初出/再利用] / [New character] / [Generic group])
  ⚠️  動画/アニメ比率: 32/65 = 49.2% （基準: 50%以上）→ ⚠️ WARNING

--- [Asset Completeness]: Checking Gansu_Asset_Prompts.md ---
    Parsed: 65 ASSETs

--- 部門別結果 ---
  ✅ 1_完全性: PASS
  ❌ 2_ナレ必須: FAIL
  ⚠️ 3_CHAR参照: WARNING
  ✅ 4_禁止要素: PASS
  ⚠️ 6_総合比率: WARNING

[FAILED]: 1 errors, 21 warnings
  ❌ ナレーションなしASSET（禁止）: ASSET-001, ASSET-002, ASSET-003, ASSET-004, ASSET-005, ASSET-006, ASSET-006, ASSET-007, ASSET-008, ASSET-008 他54件
  ⚠️  ASSET-011: 人物プロンプトあり but CHAR参照タグなし ([CHAR-XX reference | 初出/再利用] / [New character] / [Generic group])
  ⚠️  ASSET-012: 人物プロンプトあり but CHAR参照タグなし ([CHAR-XX reference | 初出/再利用] / [New character] / [Generic group])
  ⚠️  ASSET-021: 人物プロンプトあり but CHAR参照タグなし ([CHAR-XX reference | 初出/再利用] / [New character] / [Generic group])
  ⚠️  ASSET-022: 人物プロンプトあり but CHAR参照タグなし ([CHAR-XX reference | 初出/再利用] / [New character] / [Generic group])
  ⚠️  ASSET-030: 人物プロンプトあり but CHAR参照タグなし ([CHAR-XX reference | 初出/再利用] / [New character] / [Generic group])
  ⚠️  ASSET-032: 人物プロンプトあり but CHAR参照タグなし ([CHAR-XX reference | 初出/再利用] / [New character] / [Generic group])
  ⚠️  ASSET-036: 人物プロンプトあり but CHAR参照タグなし ([CHAR-XX reference | 初出/再利用] / [New character] / [Generic group])
  ⚠️  ASSET-036: 人物プロンプトあり but CHAR参照タグなし ([CHAR-XX reference | 初出/再利用] / [New character] / [Generic group])
  ⚠️  ASSET-037: 人物プロンプトあり but CHAR参照タグなし ([CHAR-XX reference | 初出/再利用] / [New character] / [Generic group])
  ⚠️  ASSET-038: 人物プロンプトあり but CHAR参照タグなし ([CHAR-XX reference | 初出/再利用] / [New character] / [Generic group])
  ⚠️  ASSET-039: 人物プロンプトあり but CHAR参照タグなし ([CHAR-XX reference | 初出/再利用] / [New character] / [Generic group])
  ⚠️  ASSET-041: 人物プロンプトあり but CHAR参照タグなし ([CHAR-XX reference | 初出/再利用] / [New character] / [Generic group])
  ⚠️  ASSET-042: 人物プロンプトあり but CHAR参照タグなし ([CHAR-XX reference | 初出/再利用] / [New character] / [Generic group])
  ⚠️  ASSET-042: 人物プロンプトあり but CHAR参照タグなし ([CHAR-XX reference | 初出/再利用] / [New character] / [Generic group])
  ⚠️  ASSET-043: 人物プロンプトあり but CHAR参照タグなし ([CHAR-XX reference | 初出/再利用] / [New character] / [Generic group])
  ⚠️  ASSET-044: 人物プロンプトあり but CHAR参照タグなし ([CHAR-XX reference | 初出/再利用] / [New character] / [Generic group])
  ⚠️  ASSET-044: 人物プロンプトあり but CHAR参照タグなし ([CHAR-XX reference | 初出/再利用] / [New character] / [Generic group])
  ⚠️  ASSET-044: 人物プロンプトあり but CHAR参照タグなし ([CHAR-XX reference | 初出/再利用] / [New character] / [Generic group])
  ⚠️  ASSET-045: 人物プロンプトあり but CHAR参照タグなし ([CHAR-XX reference | 初出/再利用] / [New character] / [Generic group])
  ⚠️  ASSET-047: 人物プロンプトあり but CHAR参照タグなし ([CHAR-XX reference | 初出/再利用] / [New character] / [Generic group])
  ⚠️  動画/アニメ比率: 32/65 = 49.2% （基準: 50%以上）→ ⚠️ WARNING

--- [Asset Completeness]: Checking Gansu_Asset_Prompts.md ---
    Parsed: 65 ASSETs

--- 部門別結果 ---
  ✅ 1_完全性: PASS
  ❌ 2_ナレ必須: FAIL
  ⚠️ 3_CHAR参照: WARNING
  ✅ 4_禁止要素: PASS
  ⚠️ 6_総合比率: WARNING

[FAILED]: 1 errors, 20 warnings
  ❌ ナレーションなしASSET（禁止）: ASSET-001, ASSET-002, ASSET-003, ASSET-004, ASSET-005, ASSET-006, ASSET-006, ASSET-007, ASSET-008, ASSET-008 他54件
  ⚠️  ASSET-011: 人物プロンプトあり but CHAR参照タグなし ([CHAR-XX reference | 初出/再利用] / [New character] / [Generic group])
  ⚠️  ASSET-012: 人物プロンプトあり but CHAR参照タグなし ([CHAR-XX reference | 初出/再利用] / [New character] / [Generic group])
  ⚠️  ASSET-021: 人物プロンプトあり but CHAR参照タグなし ([CHAR-XX reference | 初出/再利用] / [New character] / [Generic group])
  ⚠️  ASSET-022: 人物プロンプトあり but CHAR参照タグなし ([CHAR-XX reference | 初出/再利用] / [New character] / [Generic group])
  ⚠️  ASSET-030: 人物プロンプトあり but CHAR参照タグなし ([CHAR-XX reference | 初出/再利用] / [New character] / [Generic group])
  ⚠️  ASSET-036: 人物プロンプトあり but CHAR参照タグなし ([CHAR-XX reference | 初出/再利用] / [New character] / [Generic group])
  ⚠️  ASSET-036: 人物プロンプトあり but CHAR参照タグなし ([CHAR-XX reference | 初出/再利用] / [New character] / [Generic group])
  ⚠️  ASSET-037: 人物プロンプトあり but CHAR参照タグなし ([CHAR-XX reference | 初出/再利用] / [New character] / [Generic group])
  ⚠️  ASSET-038: 人物プロンプトあり but CHAR参照タグなし ([CHAR-XX reference | 初出/再利用] / [New character] / [Generic group])
  ⚠️  ASSET-039: 人物プロンプトあり but CHAR参照タグなし ([CHAR-XX reference | 初出/再利用] / [New character] / [Generic group])
  ⚠️  ASSET-041: 人物プロンプトあり but CHAR参照タグなし ([CHAR-XX reference | 初出/再利用] / [New character] / [Generic group])
  ⚠️  ASSET-042: 人物プロンプトあり but CHAR参照タグなし ([CHAR-XX reference | 初出/再利用] / [New character] / [Generic group])
  ⚠️  ASSET-042: 人物プロンプトあり but CHAR参照タグなし ([CHAR-XX reference | 初出/再利用] / [New character] / [Generic group])
  ⚠️  ASSET-043: 人物プロンプトあり but CHAR参照タグなし ([CHAR-XX reference | 初出/再利用] / [New character] / [Generic group])
  ⚠️  ASSET-044: 人物プロンプトあり but CHAR参照タグなし ([CHAR-XX reference | 初出/再利用] / [New character] / [Generic group])
  ⚠️  ASSET-044: 人物プロンプトあり but CHAR参照タグなし ([CHAR-XX reference | 初出/再利用] / [New character] / [Generic group])
  ⚠️  ASSET-044: 人物プロンプトあり but CHAR参照タグなし ([CHAR-XX reference | 初出/再利用] / [New character] / [Generic group])
  ⚠️  ASSET-045: 人物プロンプトあり but CHAR参照タグなし ([CHAR-XX reference | 初出/再利用] / [New character] / [Generic group])
  ⚠️  ASSET-047: 人物プロンプトあり but CHAR参照タグなし ([CHAR-XX reference | 初出/再利用] / [New character] / [Generic group])
  ⚠️  動画/アニメ比率: 32/65 = 49.2% （基準: 50%以上）→ ⚠️ WARNING

--- [Asset Completeness]: Checking Gansu_Narration_Asset_Combined.md ---
    Parsed: 177 ASSETs

--- 部門別結果 ---
  ❌ 1_完全性: FAIL
  ❌ 2_ナレ必須: FAIL
  ⚠️ 3_CHAR参照: WARNING
  ❌ 4_禁止要素: FAIL
  ✅ 6_総合比率: PASS

[FAILED]: 5 errors, 58 warnings
  ❌ 連番の欠番: ASSET-009
  ❌ カテゴリタグなし: ASSET-002, ASSET-004, ASSET-005, ASSET-006, ASSET-008, ASSET-013, ASSET-031, ASSET-055, ASSET-056, ASSET-057 他16件
  ❌ ナレーションなしASSET（禁止）: ASSET-002, ASSET-010, ASSET-011, ASSET-012, ASSET-111, ASSET-112, ASSET-113, ASSET-114, ASSET-115, ASSET-116 他61件
  ❌ ASSET-113: カメラ専門用語禁止: Ken Burns
  ❌ ASSET-119: カメラ専門用語禁止: Ken Burns
  ⚠️  ASSET-001: 人物プロンプトあり but CHAR参照タグなし ([CHAR-XX reference | 初出/再利用] / [New character] / [Generic group])
  ⚠️  ASSET-006: 人物プロンプトあり but CHAR参照タグなし ([CHAR-XX reference | 初出/再利用] / [New character] / [Generic group])
  ⚠️  ASSET-008: 人物プロンプトあり but CHAR参照タグなし ([CHAR-XX reference | 初出/再利用] / [New character] / [Generic group])
  ⚠️  ASSET-017: 人物プロンプトあり but CHAR参照タグなし ([CHAR-XX reference | 初出/再利用] / [New character] / [Generic group])
  ⚠️  ASSET-018: 人物プロンプトあり but CHAR参照タグなし ([CHAR-XX reference | 初出/再利用] / [New character] / [Generic group])
  ⚠️  ASSET-021: 人物プロンプトあり but CHAR参照タグなし ([CHAR-XX reference | 初出/再利用] / [New character] / [Generic group])
  ⚠️  ASSET-024: 人物プロンプトあり but CHAR参照タグなし ([CHAR-XX reference | 初出/再利用] / [New character] / [Generic group])
  ⚠️  ASSET-026: 人物プロンプトあり but CHAR参照タグなし ([CHAR-XX reference | 初出/再利用] / [New character] / [Generic group])
  ⚠️  ASSET-031: 人物プロンプトあり but CHAR参照タグなし ([CHAR-XX reference | 初出/再利用] / [New character] / [Generic group])
  ⚠️  ASSET-039: 人物プロンプトあり but CHAR参照タグなし ([CHAR-XX reference | 初出/再利用] / [New character] / [Generic group])
  ⚠️  ASSET-042: 人物プロンプトあり but CHAR参照タグなし ([CHAR-XX reference | 初出/再利用] / [New character] / [Generic group])
  ⚠️  ASSET-045: 人物プロンプトあり but CHAR参照タグなし ([CHAR-XX reference | 初出/再利用] / [New character] / [Generic group])
  ⚠️  ASSET-048: 人物プロンプトあり but CHAR参照タグなし ([CHAR-XX reference | 初出/再利用] / [New character] / [Generic group])
  ⚠️  ASSET-049: 人物プロンプトあり but CHAR参照タグなし ([CHAR-XX reference | 初出/再利用] / [New character] / [Generic group])
  ⚠️  ASSET-051: 人物プロンプトあり but CHAR参照タグなし ([CHAR-XX reference | 初出/再利用] / [New character] / [Generic group])
  ⚠️  ASSET-053: 人物プロンプトあり but CHAR参照タグなし ([CHAR-XX reference | 初出/再利用] / [New character] / [Generic group])
  ⚠️  ASSET-056: 人物プロンプトあり but CHAR参照タグなし ([CHAR-XX reference | 初出/再利用] / [New character] / [Generic group])
  ⚠️  ASSET-059: 人物プロンプトあり but CHAR参照タグなし ([CHAR-XX reference | 初出/再利用] / [New character] / [Generic group])
  ⚠️  ASSET-063: 人物プロンプトあり but CHAR参照タグなし ([CHAR-XX reference | 初出/再利用] / [New character] / [Generic group])
  ⚠️  ASSET-064: 人物プロンプトあり but CHAR参照タグなし ([CHAR-XX reference | 初出/再利用] / [New character] / [Generic group])
  ⚠️  ASSET-066: 人物プロンプトあり but CHAR参照タグなし ([CHAR-XX reference | 初出/再利用] / [New character] / [Generic group])
  ⚠️  ASSET-069: 人物プロンプトあり but CHAR参照タグなし ([CHAR-XX reference | 初出/再利用] / [New character] / [Generic group])
  ⚠️  ASSET-071: 人物プロンプトあり but CHAR参照タグなし ([CHAR-XX reference | 初出/再利用] / [New character] / [Generic group])
  ⚠️  ASSET-076: 人物プロンプトあり but CHAR参照タグなし ([CHAR-XX reference | 初出/再利用] / [New character] / [Generic group])
  ⚠️  ASSET-083: 人物プロンプトあり but CHAR参照タグなし ([CHAR-XX reference | 初出/再利用] / [New character] / [Generic group])
  ⚠️  ASSET-084: 人物プロンプトあり but CHAR参照タグなし ([CHAR-XX reference | 初出/再利用] / [New character] / [Generic group])
  ⚠️  ASSET-086: 人物プロンプトあり but CHAR参照タグなし ([CHAR-XX reference | 初出/再利用] / [New character] / [Generic group])
  ⚠️  ASSET-087: 人物プロンプトあり but CHAR参照タグなし ([CHAR-XX reference | 初出/再利用] / [New character] / [Generic group])
  ⚠️  ASSET-089: 人物プロンプトあり but CHAR参照タグなし ([CHAR-XX reference | 初出/再利用] / [New character] / [Generic group])
  ⚠️  ASSET-092: 人物プロンプトあり but CHAR参照タグなし ([CHAR-XX reference | 初出/再利用] / [New character] / [Generic group])
  ⚠️  ASSET-093: 人物プロンプトあり but CHAR参照タグなし ([CHAR-XX reference | 初出/再利用] / [New character] / [Generic group])
  ⚠️  ASSET-095: 人物プロンプトあり but CHAR参照タグなし ([CHAR-XX reference | 初出/再利用] / [New character] / [Generic group])
  ⚠️  ASSET-098: 人物プロンプトあり but CHAR参照タグなし ([CHAR-XX reference | 初出/再利用] / [New character] / [Generic group])
  ⚠️  ASSET-100: 人物プロンプトあり but CHAR参照タグなし ([CHAR-XX reference | 初出/再利用] / [New character] / [Generic group])
  ⚠️  ASSET-103: 人物プロンプトあり but CHAR参照タグなし ([CHAR-XX reference | 初出/再利用] / [New character] / [Generic group])
  ⚠️  ASSET-106: 人物プロンプトあり but CHAR参照タグなし ([CHAR-XX reference | 初出/再利用] / [New character] / [Generic group])
  ⚠️  ASSET-114: 人物プロンプトあり but CHAR参照タグなし ([CHAR-XX reference | 初出/再利用] / [New character] / [Generic group])
  ⚠️  ASSET-119: 人物プロンプトあり but CHAR参照タグなし ([CHAR-XX reference | 初出/再利用] / [New character] / [Generic group])
  ⚠️  ASSET-120: 人物プロンプトあり but CHAR参照タグなし ([CHAR-XX reference | 初出/再利用] / [New character] / [Generic group])
  ⚠️  ASSET-125: 人物プロンプトあり but CHAR参照タグなし ([CHAR-XX reference | 初出/再利用] / [New character] / [Generic group])
  ⚠️  ASSET-127: 人物プロンプトあり but CHAR参照タグなし ([CHAR-XX reference | 初出/再利用] / [New character] / [Generic group])
  ⚠️  ASSET-129: 人物プロンプトあり but CHAR参照タグなし ([CHAR-XX reference | 初出/再利用] / [New character] / [Generic group])
  ⚠️  ASSET-132: 人物プロンプトあり but CHAR参照タグなし ([CHAR-XX reference | 初出/再利用] / [New character] / [Generic group])
  ⚠️  ASSET-134: 人物プロンプトあり but CHAR参照タグなし ([CHAR-XX reference | 初出/再利用] / [New character] / [Generic group])
  ⚠️  ASSET-140: 人物プロンプトあり but CHAR参照タグなし ([CHAR-XX reference | 初出/再利用] / [New character] / [Generic group])
  ⚠️  ASSET-141: 人物プロンプトあり but CHAR参照タグなし ([CHAR-XX reference | 初出/再利用] / [New character] / [Generic group])
  ⚠️  ASSET-142: 人物プロンプトあり but CHAR参照タグなし ([CHAR-XX reference | 初出/再利用] / [New character] / [Generic group])
  ⚠️  ASSET-144: 人物プロンプトあり but CHAR参照タグなし ([CHAR-XX reference | 初出/再利用] / [New character] / [Generic group])
  ⚠️  ASSET-145: 人物プロンプトあり but CHAR参照タグなし ([CHAR-XX reference | 初出/再利用] / [New character] / [Generic group])
  ⚠️  ASSET-146: 人物プロンプトあり but CHAR参照タグなし ([CHAR-XX reference | 初出/再利用] / [New character] / [Generic group])
  ⚠️  ASSET-148: 人物プロンプトあり but CHAR参照タグなし ([CHAR-XX reference | 初出/再利用] / [New character] / [Generic group])
  ⚠️  ASSET-149: 人物プロンプトあり but CHAR参照タグなし ([CHAR-XX reference | 初出/再利用] / [New character] / [Generic group])
  ⚠️  ASSET-155: 人物プロンプトあり but CHAR参照タグなし ([CHAR-XX reference | 初出/再利用] / [New character] / [Generic group])
  ⚠️  ASSET-157: 人物プロンプトあり but CHAR参照タグなし ([CHAR-XX reference | 初出/再利用] / [New character] / [Generic group])
  ⚠️  ASSET-160: 人物プロンプトあり but CHAR参照タグなし ([CHAR-XX reference | 初出/再利用] / [New character] / [Generic group])
  ⚠️  ASSET-169: 人物プロンプトあり but CHAR参照タグなし ([CHAR-XX reference | 初出/再利用] / [New character] / [Generic group])
  ⚠️  ASSET-171: 人物プロンプトあり but CHAR参照タグなし ([CHAR-XX reference | 初出/再利用] / [New character] / [Generic group])
  ⚠️  ASSET-174: 人物プロンプトあり but CHAR参照タグなし ([CHAR-XX reference | 初出/再利用] / [New character] / [Generic group])

--- [Asset Completeness]: Checking Gansu_Asset_Prompts.md ---
    Parsed: 65 ASSETs

--- 部門別結果 ---
  ✅ 1_完全性: PASS
  ❌ 2_ナレ必須: FAIL
  ⚠️ 3_CHAR参照: WARNING
  ✅ 4_禁止要素: PASS
  ⚠️ 6_総合比率: WARNING

[FAILED]: 1 errors, 20 warnings
  ❌ ナレーションなしASSET（禁止）: ASSET-001, ASSET-002, ASSET-003, ASSET-004, ASSET-005, ASSET-006, ASSET-006, ASSET-007, ASSET-008, ASSET-008 他54件
  ⚠️  ASSET-011: 人物プロンプトあり but CHAR参照タグなし ([CHAR-XX reference | 初出/再利用] / [New character] / [Generic group])
  ⚠️  ASSET-012: 人物プロンプトあり but CHAR参照タグなし ([CHAR-XX reference | 初出/再利用] / [New character] / [Generic group])
  ⚠️  ASSET-021: 人物プロンプトあり but CHAR参照タグなし ([CHAR-XX reference | 初出/再利用] / [New character] / [Generic group])
  ⚠️  ASSET-022: 人物プロンプトあり but CHAR参照タグなし ([CHAR-XX reference | 初出/再利用] / [New character] / [Generic group])
  ⚠️  ASSET-030: 人物プロンプトあり but CHAR参照タグなし ([CHAR-XX reference | 初出/再利用] / [New character] / [Generic group])
  ⚠️  ASSET-036: 人物プロンプトあり but CHAR参照タグなし ([CHAR-XX reference | 初出/再利用] / [New character] / [Generic group])
  ⚠️  ASSET-036: 人物プロンプトあり but CHAR参照タグなし ([CHAR-XX reference | 初出/再利用] / [New character] / [Generic group])
  ⚠️  ASSET-037: 人物プロンプトあり but CHAR参照タグなし ([CHAR-XX reference | 初出/再利用] / [New character] / [Generic group])
  ⚠️  ASSET-038: 人物プロンプトあり but CHAR参照タグなし ([CHAR-XX reference | 初出/再利用] / [New character] / [Generic group])
  ⚠️  ASSET-039: 人物プロンプトあり but CHAR参照タグなし ([CHAR-XX reference | 初出/再利用] / [New character] / [Generic group])
  ⚠️  ASSET-041: 人物プロンプトあり but CHAR参照タグなし ([CHAR-XX reference | 初出/再利用] / [New character] / [Generic group])
  ⚠️  ASSET-042: 人物プロンプトあり but CHAR参照タグなし ([CHAR-XX reference | 初出/再利用] / [New character] / [Generic group])
  ⚠️  ASSET-042: 人物プロンプトあり but CHAR参照タグなし ([CHAR-XX reference | 初出/再利用] / [New character] / [Generic group])
  ⚠️  ASSET-043: 人物プロンプトあり but CHAR参照タグなし ([CHAR-XX reference | 初出/再利用] / [New character] / [Generic group])
  ⚠️  ASSET-044: 人物プロンプトあり but CHAR参照タグなし ([CHAR-XX reference | 初出/再利用] / [New character] / [Generic group])
  ⚠️  ASSET-044: 人物プロンプトあり but CHAR参照タグなし ([CHAR-XX reference | 初出/再利用] / [New character] / [Generic group])
  ⚠️  ASSET-044: 人物プロンプトあり but CHAR参照タグなし ([CHAR-XX reference | 初出/再利用] / [New character] / [Generic group])
  ⚠️  ASSET-045: 人物プロンプトあり but CHAR参照タグなし ([CHAR-XX reference | 初出/再利用] / [New character] / [Generic group])
  ⚠️  ASSET-047: 人物プロンプトあり but CHAR参照タグなし ([CHAR-XX reference | 初出/再利用] / [New character] / [Generic group])
  ⚠️  動画/アニメ比率: 32/65 = 49.2% （基準: 50%以上）→ ⚠️ WARNING

--- [Asset Completeness]: Checking Gansu_Asset_Prompts.md ---
    Parsed: 65 ASSETs

--- 部門別結果 ---
  ✅ 1_完全性: PASS
  ❌ 2_ナレ必須: FAIL
  ⚠️ 3_CHAR参照: WARNING
  ✅ 4_禁止要素: PASS
  ⚠️ 6_総合比率: WARNING

[FAILED]: 1 errors, 20 warnings
  ❌ ナレーションなしASSET（禁止）: ASSET-001, ASSET-002, ASSET-003, ASSET-004, ASSET-005, ASSET-006, ASSET-006, ASSET-007, ASSET-008, ASSET-008 他54件
  ⚠️  ASSET-011: 人物プロンプトあり but CHAR参照タグなし ([CHAR-XX reference | 初出/再利用] / [New character] / [Generic group])
  ⚠️  ASSET-012: 人物プロンプトあり but CHAR参照タグなし ([CHAR-XX reference | 初出/再利用] / [New character] / [Generic group])
  ⚠️  ASSET-021: 人物プロンプトあり but CHAR参照タグなし ([CHAR-XX reference | 初出/再利用] / [New character] / [Generic group])
  ⚠️  ASSET-022: 人物プロンプトあり but CHAR参照タグなし ([CHAR-XX reference | 初出/再利用] / [New character] / [Generic group])
  ⚠️  ASSET-030: 人物プロンプトあり but CHAR参照タグなし ([CHAR-XX reference | 初出/再利用] / [New character] / [Generic group])
  ⚠️  ASSET-036: 人物プロンプトあり but CHAR参照タグなし ([CHAR-XX reference | 初出/再利用] / [New character] / [Generic group])
  ⚠️  ASSET-036: 人物プロンプトあり but CHAR参照タグなし ([CHAR-XX reference | 初出/再利用] / [New character] / [Generic group])
  ⚠️  ASSET-037: 人物プロンプトあり but CHAR参照タグなし ([CHAR-XX reference | 初出/再利用] / [New character] / [Generic group])
  ⚠️  ASSET-038: 人物プロンプトあり but CHAR参照タグなし ([CHAR-XX reference | 初出/再利用] / [New character] / [Generic group])
  ⚠️  ASSET-039: 人物プロンプトあり but CHAR参照タグなし ([CHAR-XX reference | 初出/再利用] / [New character] / [Generic group])
  ⚠️  ASSET-041: 人物プロンプトあり but CHAR参照タグなし ([CHAR-XX reference | 初出/再利用] / [New character] / [Generic group])
  ⚠️  ASSET-042: 人物プロンプトあり but CHAR参照タグなし ([CHAR-XX reference | 初出/再利用] / [New character] / [Generic group])
  ⚠️  ASSET-042: 人物プロンプトあり but CHAR参照タグなし ([CHAR-XX reference | 初出/再利用] / [New character] / [Generic group])
  ⚠️  ASSET-043: 人物プロンプトあり but CHAR参照タグなし ([CHAR-XX reference | 初出/再利用] / [New character] / [Generic group])
  ⚠️  ASSET-044: 人物プロンプトあり but CHAR参照タグなし ([CHAR-XX reference | 初出/再利用] / [New character] / [Generic group])
  ⚠️  ASSET-044: 人物プロンプトあり but CHAR参照タグなし ([CHAR-XX reference | 初出/再利用] / [New character] / [Generic group])
  ⚠️  ASSET-044: 人物プロンプトあり but CHAR参照タグなし ([CHAR-XX reference | 初出/再利用] / [New character] / [Generic group])
  ⚠️  ASSET-045: 人物プロンプトあり but CHAR参照タグなし ([CHAR-XX reference | 初出/再利用] / [New character] / [Generic group])
  ⚠️  ASSET-047: 人物プロンプトあり but CHAR参照タグなし ([CHAR-XX reference | 初出/再利用] / [New character] / [Generic group])
  ⚠️  動画/アニメ比率: 32/65 = 49.2% （基準: 50%以上）→ ⚠️ WARNING

--- [Asset Completeness]: Checking Gansu_Asset_Prompts.md ---
    Parsed: 65 ASSETs

--- 部門別結果 ---
  ✅ 1_完全性: PASS
  ❌ 2_ナレ必須: FAIL
  ⚠️ 3_CHAR参照: WARNING
  ✅ 4_禁止要素: PASS
  ⚠️ 6_総合比率: WARNING

[FAILED]: 1 errors, 20 warnings
  ❌ ナレーションなしASSET（禁止）: ASSET-001, ASSET-002, ASSET-003, ASSET-004, ASSET-005, ASSET-006, ASSET-006, ASSET-007, ASSET-008, ASSET-008 他54件
  ⚠️  ASSET-011: 人物プロンプトあり but CHAR参照タグなし ([CHAR-XX reference | 初出/再利用] / [New character] / [Generic group])
  ⚠️  ASSET-012: 人物プロンプトあり but CHAR参照タグなし ([CHAR-XX reference | 初出/再利用] / [New character] / [Generic group])
  ⚠️  ASSET-021: 人物プロンプトあり but CHAR参照タグなし ([CHAR-XX reference | 初出/再利用] / [New character] / [Generic group])
  ⚠️  ASSET-022: 人物プロンプトあり but CHAR参照タグなし ([CHAR-XX reference | 初出/再利用] / [New character] / [Generic group])
  ⚠️  ASSET-030: 人物プロンプトあり but CHAR参照タグなし ([CHAR-XX reference | 初出/再利用] / [New character] / [Generic group])
  ⚠️  ASSET-036: 人物プロンプトあり but CHAR参照タグなし ([CHAR-XX reference | 初出/再利用] / [New character] / [Generic group])
  ⚠️  ASSET-036: 人物プロンプトあり but CHAR参照タグなし ([CHAR-XX reference | 初出/再利用] / [New character] / [Generic group])
  ⚠️  ASSET-037: 人物プロンプトあり but CHAR参照タグなし ([CHAR-XX reference | 初出/再利用] / [New character] / [Generic group])
  ⚠️  ASSET-038: 人物プロンプトあり but CHAR参照タグなし ([CHAR-XX reference | 初出/再利用] / [New character] / [Generic group])
  ⚠️  ASSET-039: 人物プロンプトあり but CHAR参照タグなし ([CHAR-XX reference | 初出/再利用] / [New character] / [Generic group])
  ⚠️  ASSET-041: 人物プロンプトあり but CHAR参照タグなし ([CHAR-XX reference | 初出/再利用] / [New character] / [Generic group])
  ⚠️  ASSET-042: 人物プロンプトあり but CHAR参照タグなし ([CHAR-XX reference | 初出/再利用] / [New character] / [Generic group])
  ⚠️  ASSET-042: 人物プロンプトあり but CHAR参照タグなし ([CHAR-XX reference | 初出/再利用] / [New character] / [Generic group])
  ⚠️  ASSET-043: 人物プロンプトあり but CHAR参照タグなし ([CHAR-XX reference | 初出/再利用] / [New character] / [Generic group])
  ⚠️  ASSET-044: 人物プロンプトあり but CHAR参照タグなし ([CHAR-XX reference | 初出/再利用] / [New character] / [Generic group])
  ⚠️  ASSET-044: 人物プロンプトあり but CHAR参照タグなし ([CHAR-XX reference | 初出/再利用] / [New character] / [Generic group])
  ⚠️  ASSET-044: 人物プロンプトあり but CHAR参照タグなし ([CHAR-XX reference | 初出/再利用] / [New character] / [Generic group])
  ⚠️  ASSET-045: 人物プロンプトあり but CHAR参照タグなし ([CHAR-XX reference | 初出/再利用] / [New character] / [Generic group])
  ⚠️  ASSET-047: 人物プロンプトあり but CHAR参照タグなし ([CHAR-XX reference | 初出/再利用] / [New character] / [Generic group])
  ⚠️  動画/アニメ比率: 32/65 = 49.2% （基準: 50%以上）→ ⚠️ WARNING

--- [Asset Completeness]: Checking Gansu_Narration_Asset_Combined.md ---
    Parsed: 177 ASSETs

--- 部門別結果 ---
  ❌ 1_完全性: FAIL
  ❌ 2_ナレ必須: FAIL
  ⚠️ 3_CHAR参照: WARNING
  ❌ 4_禁止要素: FAIL
  ✅ 6_総合比率: PASS

[FAILED]: 5 errors, 58 warnings
  ❌ 連番の欠番: ASSET-009
  ❌ カテゴリタグなし: ASSET-002, ASSET-004, ASSET-005, ASSET-006, ASSET-008, ASSET-013, ASSET-031, ASSET-055, ASSET-056, ASSET-057 他16件
  ❌ ナレーションなしASSET（禁止）: ASSET-002, ASSET-010, ASSET-011, ASSET-012, ASSET-111, ASSET-112, ASSET-113, ASSET-114, ASSET-115, ASSET-116 他61件
  ❌ ASSET-113: カメラ専門用語禁止: Ken Burns
  ❌ ASSET-119: カメラ専門用語禁止: Ken Burns
  ⚠️  ASSET-001: 人物プロンプトあり but CHAR参照タグなし ([CHAR-XX reference | 初出/再利用] / [New character] / [Generic group])
  ⚠️  ASSET-006: 人物プロンプトあり but CHAR参照タグなし ([CHAR-XX reference | 初出/再利用] / [New character] / [Generic group])
  ⚠️  ASSET-008: 人物プロンプトあり but CHAR参照タグなし ([CHAR-XX reference | 初出/再利用] / [New character] / [Generic group])
  ⚠️  ASSET-017: 人物プロンプトあり but CHAR参照タグなし ([CHAR-XX reference | 初出/再利用] / [New character] / [Generic group])
  ⚠️  ASSET-018: 人物プロンプトあり but CHAR参照タグなし ([CHAR-XX reference | 初出/再利用] / [New character] / [Generic group])
  ⚠️  ASSET-021: 人物プロンプトあり but CHAR参照タグなし ([CHAR-XX reference | 初出/再利用] / [New character] / [Generic group])
  ⚠️  ASSET-024: 人物プロンプトあり but CHAR参照タグなし ([CHAR-XX reference | 初出/再利用] / [New character] / [Generic group])
  ⚠️  ASSET-026: 人物プロンプトあり but CHAR参照タグなし ([CHAR-XX reference | 初出/再利用] / [New character] / [Generic group])
  ⚠️  ASSET-031: 人物プロンプトあり but CHAR参照タグなし ([CHAR-XX reference | 初出/再利用] / [New character] / [Generic group])
  ⚠️  ASSET-039: 人物プロンプトあり but CHAR参照タグなし ([CHAR-XX reference | 初出/再利用] / [New character] / [Generic group])
  ⚠️  ASSET-042: 人物プロンプトあり but CHAR参照タグなし ([CHAR-XX reference | 初出/再利用] / [New character] / [Generic group])
  ⚠️  ASSET-045: 人物プロンプトあり but CHAR参照タグなし ([CHAR-XX reference | 初出/再利用] / [New character] / [Generic group])
  ⚠️  ASSET-048: 人物プロンプトあり but CHAR参照タグなし ([CHAR-XX reference | 初出/再利用] / [New character] / [Generic group])
  ⚠️  ASSET-049: 人物プロンプトあり but CHAR参照タグなし ([CHAR-XX reference | 初出/再利用] / [New character] / [Generic group])
  ⚠️  ASSET-051: 人物プロンプトあり but CHAR参照タグなし ([CHAR-XX reference | 初出/再利用] / [New character] / [Generic group])
  ⚠️  ASSET-053: 人物プロンプトあり but CHAR参照タグなし ([CHAR-XX reference | 初出/再利用] / [New character] / [Generic group])
  ⚠️  ASSET-056: 人物プロンプトあり but CHAR参照タグなし ([CHAR-XX reference | 初出/再利用] / [New character] / [Generic group])
  ⚠️  ASSET-059: 人物プロンプトあり but CHAR参照タグなし ([CHAR-XX reference | 初出/再利用] / [New character] / [Generic group])
  ⚠️  ASSET-063: 人物プロンプトあり but CHAR参照タグなし ([CHAR-XX reference | 初出/再利用] / [New character] / [Generic group])
  ⚠️  ASSET-064: 人物プロンプトあり but CHAR参照タグなし ([CHAR-XX reference | 初出/再利用] / [New character] / [Generic group])
  ⚠️  ASSET-066: 人物プロンプトあり but CHAR参照タグなし ([CHAR-XX reference | 初出/再利用] / [New character] / [Generic group])
  ⚠️  ASSET-069: 人物プロンプトあり but CHAR参照タグなし ([CHAR-XX reference | 初出/再利用] / [New character] / [Generic group])
  ⚠️  ASSET-071: 人物プロンプトあり but CHAR参照タグなし ([CHAR-XX reference | 初出/再利用] / [New character] / [Generic group])
  ⚠️  ASSET-076: 人物プロンプトあり but CHAR参照タグなし ([CHAR-XX reference | 初出/再利用] / [New character] / [Generic group])
  ⚠️  ASSET-083: 人物プロンプトあり but CHAR参照タグなし ([CHAR-XX reference | 初出/再利用] / [New character] / [Generic group])
  ⚠️  ASSET-084: 人物プロンプトあり but CHAR参照タグなし ([CHAR-XX reference | 初出/再利用] / [New character] / [Generic group])
  ⚠️  ASSET-086: 人物プロンプトあり but CHAR参照タグなし ([CHAR-XX reference | 初出/再利用] / [New character] / [Generic group])
  ⚠️  ASSET-087: 人物プロンプトあり but CHAR参照タグなし ([CHAR-XX reference | 初出/再利用] / [New character] / [Generic group])
  ⚠️  ASSET-089: 人物プロンプトあり but CHAR参照タグなし ([CHAR-XX reference | 初出/再利用] / [New character] / [Generic group])
  ⚠️  ASSET-092: 人物プロンプトあり but CHAR参照タグなし ([CHAR-XX reference | 初出/再利用] / [New character] / [Generic group])
  ⚠️  ASSET-093: 人物プロンプトあり but CHAR参照タグなし ([CHAR-XX reference | 初出/再利用] / [New character] / [Generic group])
  ⚠️  ASSET-095: 人物プロンプトあり but CHAR参照タグなし ([CHAR-XX reference | 初出/再利用] / [New character] / [Generic group])
  ⚠️  ASSET-098: 人物プロンプトあり but CHAR参照タグなし ([CHAR-XX reference | 初出/再利用] / [New character] / [Generic group])
  ⚠️  ASSET-100: 人物プロンプトあり but CHAR参照タグなし ([CHAR-XX reference | 初出/再利用] / [New character] / [Generic group])
  ⚠️  ASSET-103: 人物プロンプトあり but CHAR参照タグなし ([CHAR-XX reference | 初出/再利用] / [New character] / [Generic group])
  ⚠️  ASSET-106: 人物プロンプトあり but CHAR参照タグなし ([CHAR-XX reference | 初出/再利用] / [New character] / [Generic group])
  ⚠️  ASSET-114: 人物プロンプトあり but CHAR参照タグなし ([CHAR-XX reference | 初出/再利用] / [New character] / [Generic group])
  ⚠️  ASSET-119: 人物プロンプトあり but CHAR参照タグなし ([CHAR-XX reference | 初出/再利用] / [New character] / [Generic group])
  ⚠️  ASSET-120: 人物プロンプトあり but CHAR参照タグなし ([CHAR-XX reference | 初出/再利用] / [New character] / [Generic group])
  ⚠️  ASSET-125: 人物プロンプトあり but CHAR参照タグなし ([CHAR-XX reference | 初出/再利用] / [New character] / [Generic group])
  ⚠️  ASSET-127: 人物プロンプトあり but CHAR参照タグなし ([CHAR-XX reference | 初出/再利用] / [New character] / [Generic group])
  ⚠️  ASSET-129: 人物プロンプトあり but CHAR参照タグなし ([CHAR-XX reference | 初出/再利用] / [New character] / [Generic group])
  ⚠️  ASSET-132: 人物プロンプトあり but CHAR参照タグなし ([CHAR-XX reference | 初出/再利用] / [New character] / [Generic group])
  ⚠️  ASSET-134: 人物プロンプトあり but CHAR参照タグなし ([CHAR-XX reference | 初出/再利用] / [New character] / [Generic group])
  ⚠️  ASSET-140: 人物プロンプトあり but CHAR参照タグなし ([CHAR-XX reference | 初出/再利用] / [New character] / [Generic group])
  ⚠️  ASSET-141: 人物プロンプトあり but CHAR参照タグなし ([CHAR-XX reference | 初出/再利用] / [New character] / [Generic group])
  ⚠️  ASSET-142: 人物プロンプトあり but CHAR参照タグなし ([CHAR-XX reference | 初出/再利用] / [New character] / [Generic group])
  ⚠️  ASSET-144: 人物プロンプトあり but CHAR参照タグなし ([CHAR-XX reference | 初出/再利用] / [New character] / [Generic group])
  ⚠️  ASSET-145: 人物プロンプトあり but CHAR参照タグなし ([CHAR-XX reference | 初出/再利用] / [New character] / [Generic group])
  ⚠️  ASSET-146: 人物プロンプトあり but CHAR参照タグなし ([CHAR-XX reference | 初出/再利用] / [New character] / [Generic group])
  ⚠️  ASSET-148: 人物プロンプトあり but CHAR参照タグなし ([CHAR-XX reference | 初出/再利用] / [New character] / [Generic group])
  ⚠️  ASSET-149: 人物プロンプトあり but CHAR参照タグなし ([CHAR-XX reference | 初出/再利用] / [New character] / [Generic group])
  ⚠️  ASSET-155: 人物プロンプトあり but CHAR参照タグなし ([CHAR-XX reference | 初出/再利用] / [New character] / [Generic group])
  ⚠️  ASSET-157: 人物プロンプトあり but CHAR参照タグなし ([CHAR-XX reference | 初出/再利用] / [New character] / [Generic group])
  ⚠️  ASSET-160: 人物プロンプトあり but CHAR参照タグなし ([CHAR-XX reference | 初出/再利用] / [New character] / [Generic group])
  ⚠️  ASSET-169: 人物プロンプトあり but CHAR参照タグなし ([CHAR-XX reference | 初出/再利用] / [New character] / [Generic group])
  ⚠️  ASSET-171: 人物プロンプトあり but CHAR参照タグなし ([CHAR-XX reference | 初出/再利用] / [New character] / [Generic group])
  ⚠️  ASSET-174: 人物プロンプトあり but CHAR参照タグなし ([CHAR-XX reference | 初出/再利用] / [New character] / [Generic group])

--- [Asset Completeness]: Checking Gansu_Asset_Prompts.md ---
    Parsed: 65 ASSETs

--- 部門別結果 ---
  ✅ 1_完全性: PASS
  ❌ 2_ナレ必須: FAIL
  ⚠️ 3_CHAR参照: WARNING
  ✅ 4_禁止要素: PASS
  ⚠️ 6_総合比率: WARNING

[FAILED]: 1 errors, 20 warnings
  ❌ ナレーションなしASSET（禁止）: ASSET-001, ASSET-002, ASSET-003, ASSET-004, ASSET-005, ASSET-006, ASSET-006, ASSET-007, ASSET-008, ASSET-008 他54件
  ⚠️  ASSET-011: 人物プロンプトあり but CHAR参照タグなし ([CHAR-XX reference | 初出/再利用] / [New character] / [Generic group])
  ⚠️  ASSET-012: 人物プロンプトあり but CHAR参照タグなし ([CHAR-XX reference | 初出/再利用] / [New character] / [Generic group])
  ⚠️  ASSET-021: 人物プロンプトあり but CHAR参照タグなし ([CHAR-XX reference | 初出/再利用] / [New character] / [Generic group])
  ⚠️  ASSET-022: 人物プロンプトあり but CHAR参照タグなし ([CHAR-XX reference | 初出/再利用] / [New character] / [Generic group])
  ⚠️  ASSET-030: 人物プロンプトあり but CHAR参照タグなし ([CHAR-XX reference | 初出/再利用] / [New character] / [Generic group])
  ⚠️  ASSET-036: 人物プロンプトあり but CHAR参照タグなし ([CHAR-XX reference | 初出/再利用] / [New character] / [Generic group])
  ⚠️  ASSET-036: 人物プロンプトあり but CHAR参照タグなし ([CHAR-XX reference | 初出/再利用] / [New character] / [Generic group])
  ⚠️  ASSET-037: 人物プロンプトあり but CHAR参照タグなし ([CHAR-XX reference | 初出/再利用] / [New character] / [Generic group])
  ⚠️  ASSET-038: 人物プロンプトあり but CHAR参照タグなし ([CHAR-XX reference | 初出/再利用] / [New character] / [Generic group])
  ⚠️  ASSET-039: 人物プロンプトあり but CHAR参照タグなし ([CHAR-XX reference | 初出/再利用] / [New character] / [Generic group])
  ⚠️  ASSET-041: 人物プロンプトあり but CHAR参照タグなし ([CHAR-XX reference | 初出/再利用] / [New character] / [Generic group])
  ⚠️  ASSET-042: 人物プロンプトあり but CHAR参照タグなし ([CHAR-XX reference | 初出/再利用] / [New character] / [Generic group])
  ⚠️  ASSET-042: 人物プロンプトあり but CHAR参照タグなし ([CHAR-XX reference | 初出/再利用] / [New character] / [Generic group])
  ⚠️  ASSET-043: 人物プロンプトあり but CHAR参照タグなし ([CHAR-XX reference | 初出/再利用] / [New character] / [Generic group])
  ⚠️  ASSET-044: 人物プロンプトあり but CHAR参照タグなし ([CHAR-XX reference | 初出/再利用] / [New character] / [Generic group])
  ⚠️  ASSET-044: 人物プロンプトあり but CHAR参照タグなし ([CHAR-XX reference | 初出/再利用] / [New character] / [Generic group])
  ⚠️  ASSET-044: 人物プロンプトあり but CHAR参照タグなし ([CHAR-XX reference | 初出/再利用] / [New character] / [Generic group])
  ⚠️  ASSET-045: 人物プロンプトあり but CHAR参照タグなし ([CHAR-XX reference | 初出/再利用] / [New character] / [Generic group])
  ⚠️  ASSET-047: 人物プロンプトあり but CHAR参照タグなし ([CHAR-XX reference | 初出/再利用] / [New character] / [Generic group])
  ⚠️  動画/アニメ比率: 32/65 = 49.2% （基準: 50%以上）→ ⚠️ WARNING

--- [Asset Completeness]: Checking Gansu_Asset_Prompts.md ---
    Parsed: 65 ASSETs

--- 部門別結果 ---
  ✅ 1_完全性: PASS
  ❌ 2_ナレ必須: FAIL
  ⚠️ 3_CHAR参照: WARNING
  ✅ 4_禁止要素: PASS
  ⚠️ 6_総合比率: WARNING

[FAILED]: 1 errors, 20 warnings
  ❌ ナレーションなしASSET（禁止）: ASSET-035, ASSET-036, ASSET-036, ASSET-037, ASSET-038, ASSET-039, ASSET-039, ASSET-040, ASSET-040, ASSET-041 他14件
  ⚠️  ASSET-011: 人物プロンプトあり but CHAR参照タグなし ([CHAR-XX reference | 初出/再利用] / [New character] / [Generic group])
  ⚠️  ASSET-012: 人物プロンプトあり but CHAR参照タグなし ([CHAR-XX reference | 初出/再利用] / [New character] / [Generic group])
  ⚠️  ASSET-021: 人物プロンプトあり but CHAR参照タグなし ([CHAR-XX reference | 初出/再利用] / [New character] / [Generic group])
  ⚠️  ASSET-022: 人物プロンプトあり but CHAR参照タグなし ([CHAR-XX reference | 初出/再利用] / [New character] / [Generic group])
  ⚠️  ASSET-030: 人物プロンプトあり but CHAR参照タグなし ([CHAR-XX reference | 初出/再利用] / [New character] / [Generic group])
  ⚠️  ASSET-036: 人物プロンプトあり but CHAR参照タグなし ([CHAR-XX reference | 初出/再利用] / [New character] / [Generic group])
  ⚠️  ASSET-036: 人物プロンプトあり but CHAR参照タグなし ([CHAR-XX reference | 初出/再利用] / [New character] / [Generic group])
  ⚠️  ASSET-037: 人物プロンプトあり but CHAR参照タグなし ([CHAR-XX reference | 初出/再利用] / [New character] / [Generic group])
  ⚠️  ASSET-038: 人物プロンプトあり but CHAR参照タグなし ([CHAR-XX reference | 初出/再利用] / [New character] / [Generic group])
  ⚠️  ASSET-039: 人物プロンプトあり but CHAR参照タグなし ([CHAR-XX reference | 初出/再利用] / [New character] / [Generic group])
  ⚠️  ASSET-041: 人物プロンプトあり but CHAR参照タグなし ([CHAR-XX reference | 初出/再利用] / [New character] / [Generic group])
  ⚠️  ASSET-042: 人物プロンプトあり but CHAR参照タグなし ([CHAR-XX reference | 初出/再利用] / [New character] / [Generic group])
  ⚠️  ASSET-042: 人物プロンプトあり but CHAR参照タグなし ([CHAR-XX reference | 初出/再利用] / [New character] / [Generic group])
  ⚠️  ASSET-043: 人物プロンプトあり but CHAR参照タグなし ([CHAR-XX reference | 初出/再利用] / [New character] / [Generic group])
  ⚠️  ASSET-044: 人物プロンプトあり but CHAR参照タグなし ([CHAR-XX reference | 初出/再利用] / [New character] / [Generic group])
  ⚠️  ASSET-044: 人物プロンプトあり but CHAR参照タグなし ([CHAR-XX reference | 初出/再利用] / [New character] / [Generic group])
  ⚠️  ASSET-044: 人物プロンプトあり but CHAR参照タグなし ([CHAR-XX reference | 初出/再利用] / [New character] / [Generic group])
  ⚠️  ASSET-045: 人物プロンプトあり but CHAR参照タグなし ([CHAR-XX reference | 初出/再利用] / [New character] / [Generic group])
  ⚠️  ASSET-047: 人物プロンプトあり but CHAR参照タグなし ([CHAR-XX reference | 初出/再利用] / [New character] / [Generic group])
  ⚠️  動画/アニメ比率: 32/65 = 49.2% （基準: 50%以上）→ ⚠️ WARNING

--- [Asset Completeness]: Checking Gansu_Asset_Prompts.md ---
    Parsed: 65 ASSETs

--- 部門別結果 ---
  ✅ 1_完全性: PASS
  ❌ 2_ナレ必須: FAIL
  ⚠️ 3_CHAR参照: WARNING
  ✅ 4_禁止要素: PASS
  ⚠️ 6_総合比率: WARNING

[FAILED]: 1 errors, 20 warnings
  ❌ ナレーションなしASSET（禁止）: ASSET-036, ASSET-036, ASSET-037, ASSET-038, ASSET-039, ASSET-039, ASSET-040, ASSET-040, ASSET-041, ASSET-042 他13件
  ⚠️  ASSET-011: 人物プロンプトあり but CHAR参照タグなし ([CHAR-XX reference | 初出/再利用] / [New character] / [Generic group])
  ⚠️  ASSET-012: 人物プロンプトあり but CHAR参照タグなし ([CHAR-XX reference | 初出/再利用] / [New character] / [Generic group])
  ⚠️  ASSET-021: 人物プロンプトあり but CHAR参照タグなし ([CHAR-XX reference | 初出/再利用] / [New character] / [Generic group])
  ⚠️  ASSET-022: 人物プロンプトあり but CHAR参照タグなし ([CHAR-XX reference | 初出/再利用] / [New character] / [Generic group])
  ⚠️  ASSET-030: 人物プロンプトあり but CHAR参照タグなし ([CHAR-XX reference | 初出/再利用] / [New character] / [Generic group])
  ⚠️  ASSET-036: 人物プロンプトあり but CHAR参照タグなし ([CHAR-XX reference | 初出/再利用] / [New character] / [Generic group])
  ⚠️  ASSET-036: 人物プロンプトあり but CHAR参照タグなし ([CHAR-XX reference | 初出/再利用] / [New character] / [Generic group])
  ⚠️  ASSET-037: 人物プロンプトあり but CHAR参照タグなし ([CHAR-XX reference | 初出/再利用] / [New character] / [Generic group])
  ⚠️  ASSET-038: 人物プロンプトあり but CHAR参照タグなし ([CHAR-XX reference | 初出/再利用] / [New character] / [Generic group])
  ⚠️  ASSET-039: 人物プロンプトあり but CHAR参照タグなし ([CHAR-XX reference | 初出/再利用] / [New character] / [Generic group])
  ⚠️  ASSET-041: 人物プロンプトあり but CHAR参照タグなし ([CHAR-XX reference | 初出/再利用] / [New character] / [Generic group])
  ⚠️  ASSET-042: 人物プロンプトあり but CHAR参照タグなし ([CHAR-XX reference | 初出/再利用] / [New character] / [Generic group])
  ⚠️  ASSET-042: 人物プロンプトあり but CHAR参照タグなし ([CHAR-XX reference | 初出/再利用] / [New character] / [Generic group])
  ⚠️  ASSET-043: 人物プロンプトあり but CHAR参照タグなし ([CHAR-XX reference | 初出/再利用] / [New character] / [Generic group])
  ⚠️  ASSET-044: 人物プロンプトあり but CHAR参照タグなし ([CHAR-XX reference | 初出/再利用] / [New character] / [Generic group])
  ⚠️  ASSET-044: 人物プロンプトあり but CHAR参照タグなし ([CHAR-XX reference | 初出/再利用] / [New character] / [Generic group])
  ⚠️  ASSET-044: 人物プロンプトあり but CHAR参照タグなし ([CHAR-XX reference | 初出/再利用] / [New character] / [Generic group])
  ⚠️  ASSET-045: 人物プロンプトあり but CHAR参照タグなし ([CHAR-XX reference | 初出/再利用] / [New character] / [Generic group])
  ⚠️  ASSET-047: 人物プロンプトあり but CHAR参照タグなし ([CHAR-XX reference | 初出/再利用] / [New character] / [Generic group])
  ⚠️  動画/アニメ比率: 32/65 = 49.2% （基準: 50%以上）→ ⚠️ WARNING

--- [Asset Completeness]: Checking Gansu_Asset_Prompts.md ---
    Parsed: 65 ASSETs

--- 部門別結果 ---
  ✅ 1_完全性: PASS
  ❌ 2_ナレ必須: FAIL
  ⚠️ 3_CHAR参照: WARNING
  ✅ 4_禁止要素: PASS
  ⚠️ 6_総合比率: WARNING

[FAILED]: 1 errors, 19 warnings
  ❌ ナレーションなしASSET（禁止）: ASSET-036, ASSET-037, ASSET-038, ASSET-039, ASSET-039, ASSET-040, ASSET-040, ASSET-041, ASSET-042, ASSET-042 他12件
  ⚠️  ASSET-011: 人物プロンプトあり but CHAR参照タグなし ([CHAR-XX reference | 初出/再利用] / [New character] / [Generic group])
  ⚠️  ASSET-012: 人物プロンプトあり but CHAR参照タグなし ([CHAR-XX reference | 初出/再利用] / [New character] / [Generic group])
  ⚠️  ASSET-021: 人物プロンプトあり but CHAR参照タグなし ([CHAR-XX reference | 初出/再利用] / [New character] / [Generic group])
  ⚠️  ASSET-022: 人物プロンプトあり but CHAR参照タグなし ([CHAR-XX reference | 初出/再利用] / [New character] / [Generic group])
  ⚠️  ASSET-030: 人物プロンプトあり but CHAR参照タグなし ([CHAR-XX reference | 初出/再利用] / [New character] / [Generic group])
  ⚠️  ASSET-036: 人物プロンプトあり but CHAR参照タグなし ([CHAR-XX reference | 初出/再利用] / [New character] / [Generic group])
  ⚠️  ASSET-037: 人物プロンプトあり but CHAR参照タグなし ([CHAR-XX reference | 初出/再利用] / [New character] / [Generic group])
  ⚠️  ASSET-038: 人物プロンプトあり but CHAR参照タグなし ([CHAR-XX reference | 初出/再利用] / [New character] / [Generic group])
  ⚠️  ASSET-039: 人物プロンプトあり but CHAR参照タグなし ([CHAR-XX reference | 初出/再利用] / [New character] / [Generic group])
  ⚠️  ASSET-041: 人物プロンプトあり but CHAR参照タグなし ([CHAR-XX reference | 初出/再利用] / [New character] / [Generic group])
  ⚠️  ASSET-042: 人物プロンプトあり but CHAR参照タグなし ([CHAR-XX reference | 初出/再利用] / [New character] / [Generic group])
  ⚠️  ASSET-042: 人物プロンプトあり but CHAR参照タグなし ([CHAR-XX reference | 初出/再利用] / [New character] / [Generic group])
  ⚠️  ASSET-043: 人物プロンプトあり but CHAR参照タグなし ([CHAR-XX reference | 初出/再利用] / [New character] / [Generic group])
  ⚠️  ASSET-044: 人物プロンプトあり but CHAR参照タグなし ([CHAR-XX reference | 初出/再利用] / [New character] / [Generic group])
  ⚠️  ASSET-044: 人物プロンプトあり but CHAR参照タグなし ([CHAR-XX reference | 初出/再利用] / [New character] / [Generic group])
  ⚠️  ASSET-044: 人物プロンプトあり but CHAR参照タグなし ([CHAR-XX reference | 初出/再利用] / [New character] / [Generic group])
  ⚠️  ASSET-045: 人物プロンプトあり but CHAR参照タグなし ([CHAR-XX reference | 初出/再利用] / [New character] / [Generic group])
  ⚠️  ASSET-047: 人物プロンプトあり but CHAR参照タグなし ([CHAR-XX reference | 初出/再利用] / [New character] / [Generic group])
  ⚠️  動画/アニメ比率: 32/65 = 49.2% （基準: 50%以上）→ ⚠️ WARNING

--- [Asset Completeness]: Checking Gansu_Asset_Prompts.md ---
    Parsed: 65 ASSETs

--- 部門別結果 ---
  ✅ 1_完全性: PASS
  ❌ 2_ナレ必須: FAIL
  ⚠️ 3_CHAR参照: WARNING
  ✅ 4_禁止要素: PASS
  ⚠️ 6_総合比率: WARNING

[FAILED]: 1 errors, 18 warnings
  ❌ ナレーションなしASSET（禁止）: ASSET-037, ASSET-038, ASSET-039, ASSET-039, ASSET-040, ASSET-040, ASSET-041, ASSET-042, ASSET-042, ASSET-042 他11件
  ⚠️  ASSET-011: 人物プロンプトあり but CHAR参照タグなし ([CHAR-XX reference | 初出/再利用] / [New character] / [Generic group])
  ⚠️  ASSET-012: 人物プロンプトあり but CHAR参照タグなし ([CHAR-XX reference | 初出/再利用] / [New character] / [Generic group])
  ⚠️  ASSET-021: 人物プロンプトあり but CHAR参照タグなし ([CHAR-XX reference | 初出/再利用] / [New character] / [Generic group])
  ⚠️  ASSET-022: 人物プロンプトあり but CHAR参照タグなし ([CHAR-XX reference | 初出/再利用] / [New character] / [Generic group])
  ⚠️  ASSET-030: 人物プロンプトあり but CHAR参照タグなし ([CHAR-XX reference | 初出/再利用] / [New character] / [Generic group])
  ⚠️  ASSET-037: 人物プロンプトあり but CHAR参照タグなし ([CHAR-XX reference | 初出/再利用] / [New character] / [Generic group])
  ⚠️  ASSET-038: 人物プロンプトあり but CHAR参照タグなし ([CHAR-XX reference | 初出/再利用] / [New character] / [Generic group])
  ⚠️  ASSET-039: 人物プロンプトあり but CHAR参照タグなし ([CHAR-XX reference | 初出/再利用] / [New character] / [Generic group])
  ⚠️  ASSET-041: 人物プロンプトあり but CHAR参照タグなし ([CHAR-XX reference | 初出/再利用] / [New character] / [Generic group])
  ⚠️  ASSET-042: 人物プロンプトあり but CHAR参照タグなし ([CHAR-XX reference | 初出/再利用] / [New character] / [Generic group])
  ⚠️  ASSET-042: 人物プロンプトあり but CHAR参照タグなし ([CHAR-XX reference | 初出/再利用] / [New character] / [Generic group])
  ⚠️  ASSET-043: 人物プロンプトあり but CHAR参照タグなし ([CHAR-XX reference | 初出/再利用] / [New character] / [Generic group])
  ⚠️  ASSET-044: 人物プロンプトあり but CHAR参照タグなし ([CHAR-XX reference | 初出/再利用] / [New character] / [Generic group])
  ⚠️  ASSET-044: 人物プロンプトあり but CHAR参照タグなし ([CHAR-XX reference | 初出/再利用] / [New character] / [Generic group])
  ⚠️  ASSET-044: 人物プロンプトあり but CHAR参照タグなし ([CHAR-XX reference | 初出/再利用] / [New character] / [Generic group])
  ⚠️  ASSET-045: 人物プロンプトあり but CHAR参照タグなし ([CHAR-XX reference | 初出/再利用] / [New character] / [Generic group])
  ⚠️  ASSET-047: 人物プロンプトあり but CHAR参照タグなし ([CHAR-XX reference | 初出/再利用] / [New character] / [Generic group])
  ⚠️  動画/アニメ比率: 32/65 = 49.2% （基準: 50%以上）→ ⚠️ WARNING

--- [Asset Completeness]: Checking Gansu_Asset_Prompts.md ---
    Parsed: 65 ASSETs

--- 部門別結果 ---
  ✅ 1_完全性: PASS
  ❌ 2_ナレ必須: FAIL
  ⚠️ 3_CHAR参照: WARNING
  ✅ 4_禁止要素: PASS
  ⚠️ 6_総合比率: WARNING

[FAILED]: 1 errors, 18 warnings
  ❌ ナレーションなしASSET（禁止）: ASSET-038, ASSET-039, ASSET-039, ASSET-040, ASSET-040, ASSET-041, ASSET-042, ASSET-042, ASSET-042, ASSET-043 他10件
  ⚠️  ASSET-011: 人物プロンプトあり but CHAR参照タグなし ([CHAR-XX reference | 初出/再利用] / [New character] / [Generic group])
  ⚠️  ASSET-012: 人物プロンプトあり but CHAR参照タグなし ([CHAR-XX reference | 初出/再利用] / [New character] / [Generic group])
  ⚠️  ASSET-021: 人物プロンプトあり but CHAR参照タグなし ([CHAR-XX reference | 初出/再利用] / [New character] / [Generic group])
  ⚠️  ASSET-022: 人物プロンプトあり but CHAR参照タグなし ([CHAR-XX reference | 初出/再利用] / [New character] / [Generic group])
  ⚠️  ASSET-030: 人物プロンプトあり but CHAR参照タグなし ([CHAR-XX reference | 初出/再利用] / [New character] / [Generic group])
  ⚠️  ASSET-037: 人物プロンプトあり but CHAR参照タグなし ([CHAR-XX reference | 初出/再利用] / [New character] / [Generic group])
  ⚠️  ASSET-038: 人物プロンプトあり but CHAR参照タグなし ([CHAR-XX reference | 初出/再利用] / [New character] / [Generic group])
  ⚠️  ASSET-039: 人物プロンプトあり but CHAR参照タグなし ([CHAR-XX reference | 初出/再利用] / [New character] / [Generic group])
  ⚠️  ASSET-041: 人物プロンプトあり but CHAR参照タグなし ([CHAR-XX reference | 初出/再利用] / [New character] / [Generic group])
  ⚠️  ASSET-042: 人物プロンプトあり but CHAR参照タグなし ([CHAR-XX reference | 初出/再利用] / [New character] / [Generic group])
  ⚠️  ASSET-042: 人物プロンプトあり but CHAR参照タグなし ([CHAR-XX reference | 初出/再利用] / [New character] / [Generic group])
  ⚠️  ASSET-043: 人物プロンプトあり but CHAR参照タグなし ([CHAR-XX reference | 初出/再利用] / [New character] / [Generic group])
  ⚠️  ASSET-044: 人物プロンプトあり but CHAR参照タグなし ([CHAR-XX reference | 初出/再利用] / [New character] / [Generic group])
  ⚠️  ASSET-044: 人物プロンプトあり but CHAR参照タグなし ([CHAR-XX reference | 初出/再利用] / [New character] / [Generic group])
  ⚠️  ASSET-044: 人物プロンプトあり but CHAR参照タグなし ([CHAR-XX reference | 初出/再利用] / [New character] / [Generic group])
  ⚠️  ASSET-045: 人物プロンプトあり but CHAR参照タグなし ([CHAR-XX reference | 初出/再利用] / [New character] / [Generic group])
  ⚠️  ASSET-047: 人物プロンプトあり but CHAR参照タグなし ([CHAR-XX reference | 初出/再利用] / [New character] / [Generic group])
  ⚠️  動画/アニメ比率: 32/65 = 49.2% （基準: 50%以上）→ ⚠️ WARNING

--- [Asset Completeness]: Checking Gansu_Asset_Prompts.md ---
    Parsed: 65 ASSETs

--- 部門別結果 ---
  ✅ 1_完全性: PASS
  ❌ 2_ナレ必須: FAIL
  ⚠️ 3_CHAR参照: WARNING
  ✅ 4_禁止要素: PASS
  ⚠️ 6_総合比率: WARNING

[FAILED]: 1 errors, 17 warnings
  ❌ ナレーションなしASSET（禁止）: ASSET-039, ASSET-039, ASSET-040, ASSET-040, ASSET-041, ASSET-042, ASSET-042, ASSET-042, ASSET-043, ASSET-043 他9件
  ⚠️  ASSET-011: 人物プロンプトあり but CHAR参照タグなし ([CHAR-XX reference | 初出/再利用] / [New character] / [Generic group])
  ⚠️  ASSET-012: 人物プロンプトあり but CHAR参照タグなし ([CHAR-XX reference | 初出/再利用] / [New character] / [Generic group])
  ⚠️  ASSET-021: 人物プロンプトあり but CHAR参照タグなし ([CHAR-XX reference | 初出/再利用] / [New character] / [Generic group])
  ⚠️  ASSET-022: 人物プロンプトあり but CHAR参照タグなし ([CHAR-XX reference | 初出/再利用] / [New character] / [Generic group])
  ⚠️  ASSET-030: 人物プロンプトあり but CHAR参照タグなし ([CHAR-XX reference | 初出/再利用] / [New character] / [Generic group])
  ⚠️  ASSET-037: 人物プロンプトあり but CHAR参照タグなし ([CHAR-XX reference | 初出/再利用] / [New character] / [Generic group])
  ⚠️  ASSET-039: 人物プロンプトあり but CHAR参照タグなし ([CHAR-XX reference | 初出/再利用] / [New character] / [Generic group])
  ⚠️  ASSET-041: 人物プロンプトあり but CHAR参照タグなし ([CHAR-XX reference | 初出/再利用] / [New character] / [Generic group])
  ⚠️  ASSET-042: 人物プロンプトあり but CHAR参照タグなし ([CHAR-XX reference | 初出/再利用] / [New character] / [Generic group])
  ⚠️  ASSET-042: 人物プロンプトあり but CHAR参照タグなし ([CHAR-XX reference | 初出/再利用] / [New character] / [Generic group])
  ⚠️  ASSET-043: 人物プロンプトあり but CHAR参照タグなし ([CHAR-XX reference | 初出/再利用] / [New character] / [Generic group])
  ⚠️  ASSET-044: 人物プロンプトあり but CHAR参照タグなし ([CHAR-XX reference | 初出/再利用] / [New character] / [Generic group])
  ⚠️  ASSET-044: 人物プロンプトあり but CHAR参照タグなし ([CHAR-XX reference | 初出/再利用] / [New character] / [Generic group])
  ⚠️  ASSET-044: 人物プロンプトあり but CHAR参照タグなし ([CHAR-XX reference | 初出/再利用] / [New character] / [Generic group])
  ⚠️  ASSET-045: 人物プロンプトあり but CHAR参照タグなし ([CHAR-XX reference | 初出/再利用] / [New character] / [Generic group])
  ⚠️  ASSET-047: 人物プロンプトあり but CHAR参照タグなし ([CHAR-XX reference | 初出/再利用] / [New character] / [Generic group])
  ⚠️  動画/アニメ比率: 32/65 = 49.2% （基準: 50%以上）→ ⚠️ WARNING

--- [Asset Completeness]: Checking Gansu_Asset_Prompts.md ---
    Parsed: 65 ASSETs

--- 部門別結果 ---
  ✅ 1_完全性: PASS
  ❌ 2_ナレ必須: FAIL
  ⚠️ 3_CHAR参照: WARNING
  ✅ 4_禁止要素: PASS
  ⚠️ 6_総合比率: WARNING

[FAILED]: 1 errors, 17 warnings
  ❌ ナレーションなしASSET（禁止）: ASSET-039, ASSET-040, ASSET-040, ASSET-041, ASSET-042, ASSET-042, ASSET-042, ASSET-043, ASSET-043, ASSET-044 他8件
  ⚠️  ASSET-011: 人物プロンプトあり but CHAR参照タグなし ([CHAR-XX reference | 初出/再利用] / [New character] / [Generic group])
  ⚠️  ASSET-012: 人物プロンプトあり but CHAR参照タグなし ([CHAR-XX reference | 初出/再利用] / [New character] / [Generic group])
  ⚠️  ASSET-021: 人物プロンプトあり but CHAR参照タグなし ([CHAR-XX reference | 初出/再利用] / [New character] / [Generic group])
  ⚠️  ASSET-022: 人物プロンプトあり but CHAR参照タグなし ([CHAR-XX reference | 初出/再利用] / [New character] / [Generic group])
  ⚠️  ASSET-030: 人物プロンプトあり but CHAR参照タグなし ([CHAR-XX reference | 初出/再利用] / [New character] / [Generic group])
  ⚠️  ASSET-037: 人物プロンプトあり but CHAR参照タグなし ([CHAR-XX reference | 初出/再利用] / [New character] / [Generic group])
  ⚠️  ASSET-039: 人物プロンプトあり but CHAR参照タグなし ([CHAR-XX reference | 初出/再利用] / [New character] / [Generic group])
  ⚠️  ASSET-041: 人物プロンプトあり but CHAR参照タグなし ([CHAR-XX reference | 初出/再利用] / [New character] / [Generic group])
  ⚠️  ASSET-042: 人物プロンプトあり but CHAR参照タグなし ([CHAR-XX reference | 初出/再利用] / [New character] / [Generic group])
  ⚠️  ASSET-042: 人物プロンプトあり but CHAR参照タグなし ([CHAR-XX reference | 初出/再利用] / [New character] / [Generic group])
  ⚠️  ASSET-043: 人物プロンプトあり but CHAR参照タグなし ([CHAR-XX reference | 初出/再利用] / [New character] / [Generic group])
  ⚠️  ASSET-044: 人物プロンプトあり but CHAR参照タグなし ([CHAR-XX reference | 初出/再利用] / [New character] / [Generic group])
  ⚠️  ASSET-044: 人物プロンプトあり but CHAR参照タグなし ([CHAR-XX reference | 初出/再利用] / [New character] / [Generic group])
  ⚠️  ASSET-044: 人物プロンプトあり but CHAR参照タグなし ([CHAR-XX reference | 初出/再利用] / [New character] / [Generic group])
  ⚠️  ASSET-045: 人物プロンプトあり but CHAR参照タグなし ([CHAR-XX reference | 初出/再利用] / [New character] / [Generic group])
  ⚠️  ASSET-047: 人物プロンプトあり but CHAR参照タグなし ([CHAR-XX reference | 初出/再利用] / [New character] / [Generic group])
  ⚠️  動画/アニメ比率: 32/65 = 49.2% （基準: 50%以上）→ ⚠️ WARNING

--- [Asset Completeness]: Checking Gansu_Asset_Prompts.md ---
    Parsed: 65 ASSETs

--- 部門別結果 ---
  ✅ 1_完全性: PASS
  ❌ 2_ナレ必須: FAIL
  ⚠️ 3_CHAR参照: WARNING
  ✅ 4_禁止要素: PASS
  ⚠️ 6_総合比率: WARNING

[FAILED]: 1 errors, 16 warnings
  ❌ ナレーションなしASSET（禁止）: ASSET-040, ASSET-040, ASSET-041, ASSET-042, ASSET-042, ASSET-042, ASSET-043, ASSET-043, ASSET-044, ASSET-044 他7件
  ⚠️  ASSET-011: 人物プロンプトあり but CHAR参照タグなし ([CHAR-XX reference | 初出/再利用] / [New character] / [Generic group])
  ⚠️  ASSET-012: 人物プロンプトあり but CHAR参照タグなし ([CHAR-XX reference | 初出/再利用] / [New character] / [Generic group])
  ⚠️  ASSET-021: 人物プロンプトあり but CHAR参照タグなし ([CHAR-XX reference | 初出/再利用] / [New character] / [Generic group])
  ⚠️  ASSET-022: 人物プロンプトあり but CHAR参照タグなし ([CHAR-XX reference | 初出/再利用] / [New character] / [Generic group])
  ⚠️  ASSET-030: 人物プロンプトあり but CHAR参照タグなし ([CHAR-XX reference | 初出/再利用] / [New character] / [Generic group])
  ⚠️  ASSET-037: 人物プロンプトあり but CHAR参照タグなし ([CHAR-XX reference | 初出/再利用] / [New character] / [Generic group])
  ⚠️  ASSET-041: 人物プロンプトあり but CHAR参照タグなし ([CHAR-XX reference | 初出/再利用] / [New character] / [Generic group])
  ⚠️  ASSET-042: 人物プロンプトあり but CHAR参照タグなし ([CHAR-XX reference | 初出/再利用] / [New character] / [Generic group])
  ⚠️  ASSET-042: 人物プロンプトあり but CHAR参照タグなし ([CHAR-XX reference | 初出/再利用] / [New character] / [Generic group])
  ⚠️  ASSET-043: 人物プロンプトあり but CHAR参照タグなし ([CHAR-XX reference | 初出/再利用] / [New character] / [Generic group])
  ⚠️  ASSET-044: 人物プロンプトあり but CHAR参照タグなし ([CHAR-XX reference | 初出/再利用] / [New character] / [Generic group])
  ⚠️  ASSET-044: 人物プロンプトあり but CHAR参照タグなし ([CHAR-XX reference | 初出/再利用] / [New character] / [Generic group])
  ⚠️  ASSET-044: 人物プロンプトあり but CHAR参照タグなし ([CHAR-XX reference | 初出/再利用] / [New character] / [Generic group])
  ⚠️  ASSET-045: 人物プロンプトあり but CHAR参照タグなし ([CHAR-XX reference | 初出/再利用] / [New character] / [Generic group])
  ⚠️  ASSET-047: 人物プロンプトあり but CHAR参照タグなし ([CHAR-XX reference | 初出/再利用] / [New character] / [Generic group])
  ⚠️  動画/アニメ比率: 32/65 = 49.2% （基準: 50%以上）→ ⚠️ WARNING

--- [Asset Completeness]: Checking Gansu_Asset_Prompts.md ---
    Parsed: 65 ASSETs

--- 部門別結果 ---
  ✅ 1_完全性: PASS
  ❌ 2_ナレ必須: FAIL
  ⚠️ 3_CHAR参照: WARNING
  ✅ 4_禁止要素: PASS
  ⚠️ 6_総合比率: WARNING

[FAILED]: 1 errors, 16 warnings
  ❌ ナレーションなしASSET（禁止）: ASSET-040, ASSET-041, ASSET-042, ASSET-042, ASSET-042, ASSET-043, ASSET-043, ASSET-044, ASSET-044, ASSET-044 他6件
  ⚠️  ASSET-011: 人物プロンプトあり but CHAR参照タグなし ([CHAR-XX reference | 初出/再利用] / [New character] / [Generic group])
  ⚠️  ASSET-012: 人物プロンプトあり but CHAR参照タグなし ([CHAR-XX reference | 初出/再利用] / [New character] / [Generic group])
  ⚠️  ASSET-021: 人物プロンプトあり but CHAR参照タグなし ([CHAR-XX reference | 初出/再利用] / [New character] / [Generic group])
  ⚠️  ASSET-022: 人物プロンプトあり but CHAR参照タグなし ([CHAR-XX reference | 初出/再利用] / [New character] / [Generic group])
  ⚠️  ASSET-030: 人物プロンプトあり but CHAR参照タグなし ([CHAR-XX reference | 初出/再利用] / [New character] / [Generic group])
  ⚠️  ASSET-037: 人物プロンプトあり but CHAR参照タグなし ([CHAR-XX reference | 初出/再利用] / [New character] / [Generic group])
  ⚠️  ASSET-041: 人物プロンプトあり but CHAR参照タグなし ([CHAR-XX reference | 初出/再利用] / [New character] / [Generic group])
  ⚠️  ASSET-042: 人物プロンプトあり but CHAR参照タグなし ([CHAR-XX reference | 初出/再利用] / [New character] / [Generic group])
  ⚠️  ASSET-042: 人物プロンプトあり but CHAR参照タグなし ([CHAR-XX reference | 初出/再利用] / [New character] / [Generic group])
  ⚠️  ASSET-043: 人物プロンプトあり but CHAR参照タグなし ([CHAR-XX reference | 初出/再利用] / [New character] / [Generic group])
  ⚠️  ASSET-044: 人物プロンプトあり but CHAR参照タグなし ([CHAR-XX reference | 初出/再利用] / [New character] / [Generic group])
  ⚠️  ASSET-044: 人物プロンプトあり but CHAR参照タグなし ([CHAR-XX reference | 初出/再利用] / [New character] / [Generic group])
  ⚠️  ASSET-044: 人物プロンプトあり but CHAR参照タグなし ([CHAR-XX reference | 初出/再利用] / [New character] / [Generic group])
  ⚠️  ASSET-045: 人物プロンプトあり but CHAR参照タグなし ([CHAR-XX reference | 初出/再利用] / [New character] / [Generic group])
  ⚠️  ASSET-047: 人物プロンプトあり but CHAR参照タグなし ([CHAR-XX reference | 初出/再利用] / [New character] / [Generic group])
  ⚠️  動画/アニメ比率: 32/65 = 49.2% （基準: 50%以上）→ ⚠️ WARNING

--- [Asset Completeness]: Checking Gansu_Asset_Prompts.md ---
    Parsed: 65 ASSETs

--- 部門別結果 ---
  ✅ 1_完全性: PASS
  ❌ 2_ナレ必須: FAIL
  ⚠️ 3_CHAR参照: WARNING
  ✅ 4_禁止要素: PASS
  ⚠️ 6_総合比率: WARNING

[FAILED]: 1 errors, 16 warnings
  ❌ ナレーションなしASSET（禁止）: ASSET-041, ASSET-042, ASSET-042, ASSET-042, ASSET-043, ASSET-043, ASSET-044, ASSET-044, ASSET-044, ASSET-045 他5件
  ⚠️  ASSET-011: 人物プロンプトあり but CHAR参照タグなし ([CHAR-XX reference | 初出/再利用] / [New character] / [Generic group])
  ⚠️  ASSET-012: 人物プロンプトあり but CHAR参照タグなし ([CHAR-XX reference | 初出/再利用] / [New character] / [Generic group])
  ⚠️  ASSET-021: 人物プロンプトあり but CHAR参照タグなし ([CHAR-XX reference | 初出/再利用] / [New character] / [Generic group])
  ⚠️  ASSET-022: 人物プロンプトあり but CHAR参照タグなし ([CHAR-XX reference | 初出/再利用] / [New character] / [Generic group])
  ⚠️  ASSET-030: 人物プロンプトあり but CHAR参照タグなし ([CHAR-XX reference | 初出/再利用] / [New character] / [Generic group])
  ⚠️  ASSET-037: 人物プロンプトあり but CHAR参照タグなし ([CHAR-XX reference | 初出/再利用] / [New character] / [Generic group])
  ⚠️  ASSET-041: 人物プロンプトあり but CHAR参照タグなし ([CHAR-XX reference | 初出/再利用] / [New character] / [Generic group])
  ⚠️  ASSET-042: 人物プロンプトあり but CHAR参照タグなし ([CHAR-XX reference | 初出/再利用] / [New character] / [Generic group])
  ⚠️  ASSET-042: 人物プロンプトあり but CHAR参照タグなし ([CHAR-XX reference | 初出/再利用] / [New character] / [Generic group])
  ⚠️  ASSET-043: 人物プロンプトあり but CHAR参照タグなし ([CHAR-XX reference | 初出/再利用] / [New character] / [Generic group])
  ⚠️  ASSET-044: 人物プロンプトあり but CHAR参照タグなし ([CHAR-XX reference | 初出/再利用] / [New character] / [Generic group])
  ⚠️  ASSET-044: 人物プロンプトあり but CHAR参照タグなし ([CHAR-XX reference | 初出/再利用] / [New character] / [Generic group])
  ⚠️  ASSET-044: 人物プロンプトあり but CHAR参照タグなし ([CHAR-XX reference | 初出/再利用] / [New character] / [Generic group])
  ⚠️  ASSET-045: 人物プロンプトあり but CHAR参照タグなし ([CHAR-XX reference | 初出/再利用] / [New character] / [Generic group])
  ⚠️  ASSET-047: 人物プロンプトあり but CHAR参照タグなし ([CHAR-XX reference | 初出/再利用] / [New character] / [Generic group])
  ⚠️  動画/アニメ比率: 32/65 = 49.2% （基準: 50%以上）→ ⚠️ WARNING

--- [Asset Completeness]: Checking Gansu_Asset_Prompts.md ---
    Parsed: 65 ASSETs

--- 部門別結果 ---
  ✅ 1_完全性: PASS
  ❌ 2_ナレ必須: FAIL
  ⚠️ 3_CHAR参照: WARNING
  ✅ 4_禁止要素: PASS
  ⚠️ 6_総合比率: WARNING

[FAILED]: 1 errors, 15 warnings
  ❌ ナレーションなしASSET（禁止）: ASSET-042, ASSET-042, ASSET-042, ASSET-043, ASSET-043, ASSET-044, ASSET-044, ASSET-044, ASSET-045, ASSET-046 他4件
  ⚠️  ASSET-011: 人物プロンプトあり but CHAR参照タグなし ([CHAR-XX reference | 初出/再利用] / [New character] / [Generic group])
  ⚠️  ASSET-012: 人物プロンプトあり but CHAR参照タグなし ([CHAR-XX reference | 初出/再利用] / [New character] / [Generic group])
  ⚠️  ASSET-021: 人物プロンプトあり but CHAR参照タグなし ([CHAR-XX reference | 初出/再利用] / [New character] / [Generic group])
  ⚠️  ASSET-022: 人物プロンプトあり but CHAR参照タグなし ([CHAR-XX reference | 初出/再利用] / [New character] / [Generic group])
  ⚠️  ASSET-030: 人物プロンプトあり but CHAR参照タグなし ([CHAR-XX reference | 初出/再利用] / [New character] / [Generic group])
  ⚠️  ASSET-037: 人物プロンプトあり but CHAR参照タグなし ([CHAR-XX reference | 初出/再利用] / [New character] / [Generic group])
  ⚠️  ASSET-042: 人物プロンプトあり but CHAR参照タグなし ([CHAR-XX reference | 初出/再利用] / [New character] / [Generic group])
  ⚠️  ASSET-042: 人物プロンプトあり but CHAR参照タグなし ([CHAR-XX reference | 初出/再利用] / [New character] / [Generic group])
  ⚠️  ASSET-043: 人物プロンプトあり but CHAR参照タグなし ([CHAR-XX reference | 初出/再利用] / [New character] / [Generic group])
  ⚠️  ASSET-044: 人物プロンプトあり but CHAR参照タグなし ([CHAR-XX reference | 初出/再利用] / [New character] / [Generic group])
  ⚠️  ASSET-044: 人物プロンプトあり but CHAR参照タグなし ([CHAR-XX reference | 初出/再利用] / [New character] / [Generic group])
  ⚠️  ASSET-044: 人物プロンプトあり but CHAR参照タグなし ([CHAR-XX reference | 初出/再利用] / [New character] / [Generic group])
  ⚠️  ASSET-045: 人物プロンプトあり but CHAR参照タグなし ([CHAR-XX reference | 初出/再利用] / [New character] / [Generic group])
  ⚠️  ASSET-047: 人物プロンプトあり but CHAR参照タグなし ([CHAR-XX reference | 初出/再利用] / [New character] / [Generic group])
  ⚠️  動画/アニメ比率: 32/65 = 49.2% （基準: 50%以上）→ ⚠️ WARNING

--- [Asset Completeness]: Checking Gansu_Asset_Prompts.md ---
    Parsed: 65 ASSETs

--- 部門別結果 ---
  ✅ 1_完全性: PASS
  ❌ 2_ナレ必須: FAIL
  ⚠️ 3_CHAR参照: WARNING
  ✅ 4_禁止要素: PASS
  ⚠️ 6_総合比率: WARNING

[FAILED]: 1 errors, 15 warnings
  ❌ ナレーションなしASSET（禁止）: ASSET-042, ASSET-042, ASSET-043, ASSET-043, ASSET-044, ASSET-044, ASSET-044, ASSET-045, ASSET-046, ASSET-047 他3件
  ⚠️  ASSET-011: 人物プロンプトあり but CHAR参照タグなし ([CHAR-XX reference | 初出/再利用] / [New character] / [Generic group])
  ⚠️  ASSET-012: 人物プロンプトあり but CHAR参照タグなし ([CHAR-XX reference | 初出/再利用] / [New character] / [Generic group])
  ⚠️  ASSET-021: 人物プロンプトあり but CHAR参照タグなし ([CHAR-XX reference | 初出/再利用] / [New character] / [Generic group])
  ⚠️  ASSET-022: 人物プロンプトあり but CHAR参照タグなし ([CHAR-XX reference | 初出/再利用] / [New character] / [Generic group])
  ⚠️  ASSET-030: 人物プロンプトあり but CHAR参照タグなし ([CHAR-XX reference | 初出/再利用] / [New character] / [Generic group])
  ⚠️  ASSET-037: 人物プロンプトあり but CHAR参照タグなし ([CHAR-XX reference | 初出/再利用] / [New character] / [Generic group])
  ⚠️  ASSET-042: 人物プロンプトあり but CHAR参照タグなし ([CHAR-XX reference | 初出/再利用] / [New character] / [Generic group])
  ⚠️  ASSET-042: 人物プロンプトあり but CHAR参照タグなし ([CHAR-XX reference | 初出/再利用] / [New character] / [Generic group])
  ⚠️  ASSET-043: 人物プロンプトあり but CHAR参照タグなし ([CHAR-XX reference | 初出/再利用] / [New character] / [Generic group])
  ⚠️  ASSET-044: 人物プロンプトあり but CHAR参照タグなし ([CHAR-XX reference | 初出/再利用] / [New character] / [Generic group])
  ⚠️  ASSET-044: 人物プロンプトあり but CHAR参照タグなし ([CHAR-XX reference | 初出/再利用] / [New character] / [Generic group])
  ⚠️  ASSET-044: 人物プロンプトあり but CHAR参照タグなし ([CHAR-XX reference | 初出/再利用] / [New character] / [Generic group])
  ⚠️  ASSET-045: 人物プロンプトあり but CHAR参照タグなし ([CHAR-XX reference | 初出/再利用] / [New character] / [Generic group])
  ⚠️  ASSET-047: 人物プロンプトあり but CHAR参照タグなし ([CHAR-XX reference | 初出/再利用] / [New character] / [Generic group])
  ⚠️  動画/アニメ比率: 32/65 = 49.2% （基準: 50%以上）→ ⚠️ WARNING

--- [Asset Completeness]: Checking Gansu_Asset_Prompts.md ---
    Parsed: 65 ASSETs

--- 部門別結果 ---
  ✅ 1_完全性: PASS
  ❌ 2_ナレ必須: FAIL
  ⚠️ 3_CHAR参照: WARNING
  ✅ 4_禁止要素: PASS
  ⚠️ 6_総合比率: WARNING

[FAILED]: 1 errors, 14 warnings
  ❌ ナレーションなしASSET（禁止）: ASSET-042, ASSET-043, ASSET-043, ASSET-044, ASSET-044, ASSET-044, ASSET-045, ASSET-046, ASSET-047, ASSET-047 他2件
  ⚠️  ASSET-011: 人物プロンプトあり but CHAR参照タグなし ([CHAR-XX reference | 初出/再利用] / [New character] / [Generic group])
  ⚠️  ASSET-012: 人物プロンプトあり but CHAR参照タグなし ([CHAR-XX reference | 初出/再利用] / [New character] / [Generic group])
  ⚠️  ASSET-021: 人物プロンプトあり but CHAR参照タグなし ([CHAR-XX reference | 初出/再利用] / [New character] / [Generic group])
  ⚠️  ASSET-022: 人物プロンプトあり but CHAR参照タグなし ([CHAR-XX reference | 初出/再利用] / [New character] / [Generic group])
  ⚠️  ASSET-030: 人物プロンプトあり but CHAR参照タグなし ([CHAR-XX reference | 初出/再利用] / [New character] / [Generic group])
  ⚠️  ASSET-037: 人物プロンプトあり but CHAR参照タグなし ([CHAR-XX reference | 初出/再利用] / [New character] / [Generic group])
  ⚠️  ASSET-042: 人物プロンプトあり but CHAR参照タグなし ([CHAR-XX reference | 初出/再利用] / [New character] / [Generic group])
  ⚠️  ASSET-043: 人物プロンプトあり but CHAR参照タグなし ([CHAR-XX reference | 初出/再利用] / [New character] / [Generic group])
  ⚠️  ASSET-044: 人物プロンプトあり but CHAR参照タグなし ([CHAR-XX reference | 初出/再利用] / [New character] / [Generic group])
  ⚠️  ASSET-044: 人物プロンプトあり but CHAR参照タグなし ([CHAR-XX reference | 初出/再利用] / [New character] / [Generic group])
  ⚠️  ASSET-044: 人物プロンプトあり but CHAR参照タグなし ([CHAR-XX reference | 初出/再利用] / [New character] / [Generic group])
  ⚠️  ASSET-045: 人物プロンプトあり but CHAR参照タグなし ([CHAR-XX reference | 初出/再利用] / [New character] / [Generic group])
  ⚠️  ASSET-047: 人物プロンプトあり but CHAR参照タグなし ([CHAR-XX reference | 初出/再利用] / [New character] / [Generic group])
  ⚠️  動画/アニメ比率: 32/65 = 49.2% （基準: 50%以上）→ ⚠️ WARNING

--- [Asset Completeness]: Checking Gansu_Asset_Prompts.md ---
    Parsed: 65 ASSETs

--- 部門別結果 ---
  ✅ 1_完全性: PASS
  ❌ 2_ナレ必須: FAIL
  ⚠️ 3_CHAR参照: WARNING
  ✅ 4_禁止要素: PASS
  ⚠️ 6_総合比率: WARNING

[FAILED]: 1 errors, 13 warnings
  ❌ ナレーションなしASSET（禁止）: ASSET-043, ASSET-043, ASSET-044, ASSET-044, ASSET-044, ASSET-045, ASSET-046, ASSET-047, ASSET-047, ASSET-048 他1件
  ⚠️  ASSET-011: 人物プロンプトあり but CHAR参照タグなし ([CHAR-XX reference | 初出/再利用] / [New character] / [Generic group])
  ⚠️  ASSET-012: 人物プロンプトあり but CHAR参照タグなし ([CHAR-XX reference | 初出/再利用] / [New character] / [Generic group])
  ⚠️  ASSET-021: 人物プロンプトあり but CHAR参照タグなし ([CHAR-XX reference | 初出/再利用] / [New character] / [Generic group])
  ⚠️  ASSET-022: 人物プロンプトあり but CHAR参照タグなし ([CHAR-XX reference | 初出/再利用] / [New character] / [Generic group])
  ⚠️  ASSET-030: 人物プロンプトあり but CHAR参照タグなし ([CHAR-XX reference | 初出/再利用] / [New character] / [Generic group])
  ⚠️  ASSET-037: 人物プロンプトあり but CHAR参照タグなし ([CHAR-XX reference | 初出/再利用] / [New character] / [Generic group])
  ⚠️  ASSET-043: 人物プロンプトあり but CHAR参照タグなし ([CHAR-XX reference | 初出/再利用] / [New character] / [Generic group])
  ⚠️  ASSET-044: 人物プロンプトあり but CHAR参照タグなし ([CHAR-XX reference | 初出/再利用] / [New character] / [Generic group])
  ⚠️  ASSET-044: 人物プロンプトあり but CHAR参照タグなし ([CHAR-XX reference | 初出/再利用] / [New character] / [Generic group])
  ⚠️  ASSET-044: 人物プロンプトあり but CHAR参照タグなし ([CHAR-XX reference | 初出/再利用] / [New character] / [Generic group])
  ⚠️  ASSET-045: 人物プロンプトあり but CHAR参照タグなし ([CHAR-XX reference | 初出/再利用] / [New character] / [Generic group])
  ⚠️  ASSET-047: 人物プロンプトあり but CHAR参照タグなし ([CHAR-XX reference | 初出/再利用] / [New character] / [Generic group])
  ⚠️  動画/アニメ比率: 32/65 = 49.2% （基準: 50%以上）→ ⚠️ WARNING

--- [Asset Completeness]: Checking Gansu_Asset_Prompts.md ---
    Parsed: 65 ASSETs

--- 部門別結果 ---
  ✅ 1_完全性: PASS
  ❌ 2_ナレ必須: FAIL
  ⚠️ 3_CHAR参照: WARNING
  ✅ 4_禁止要素: PASS
  ⚠️ 6_総合比率: WARNING

[FAILED]: 1 errors, 12 warnings
  ❌ ナレーションなしASSET（禁止）: ASSET-043, ASSET-044, ASSET-044, ASSET-044, ASSET-045, ASSET-046, ASSET-047, ASSET-047, ASSET-048, ASSET-049
  ⚠️  ASSET-011: 人物プロンプトあり but CHAR参照タグなし ([CHAR-XX reference | 初出/再利用] / [New character] / [Generic group])
  ⚠️  ASSET-012: 人物プロンプトあり but CHAR参照タグなし ([CHAR-XX reference | 初出/再利用] / [New character] / [Generic group])
  ⚠️  ASSET-021: 人物プロンプトあり but CHAR参照タグなし ([CHAR-XX reference | 初出/再利用] / [New character] / [Generic group])
  ⚠️  ASSET-022: 人物プロンプトあり but CHAR参照タグなし ([CHAR-XX reference | 初出/再利用] / [New character] / [Generic group])
  ⚠️  ASSET-030: 人物プロンプトあり but CHAR参照タグなし ([CHAR-XX reference | 初出/再利用] / [New character] / [Generic group])
  ⚠️  ASSET-037: 人物プロンプトあり but CHAR参照タグなし ([CHAR-XX reference | 初出/再利用] / [New character] / [Generic group])
  ⚠️  ASSET-044: 人物プロンプトあり but CHAR参照タグなし ([CHAR-XX reference | 初出/再利用] / [New character] / [Generic group])
  ⚠️  ASSET-044: 人物プロンプトあり but CHAR参照タグなし ([CHAR-XX reference | 初出/再利用] / [New character] / [Generic group])
  ⚠️  ASSET-044: 人物プロンプトあり but CHAR参照タグなし ([CHAR-XX reference | 初出/再利用] / [New character] / [Generic group])
  ⚠️  ASSET-045: 人物プロンプトあり but CHAR参照タグなし ([CHAR-XX reference | 初出/再利用] / [New character] / [Generic group])
  ⚠️  ASSET-047: 人物プロンプトあり but CHAR参照タグなし ([CHAR-XX reference | 初出/再利用] / [New character] / [Generic group])
  ⚠️  動画/アニメ比率: 32/65 = 49.2% （基準: 50%以上）→ ⚠️ WARNING

--- [Asset Completeness]: Checking Gansu_Asset_Prompts.md ---
    Parsed: 65 ASSETs

--- 部門別結果 ---
  ✅ 1_完全性: PASS
  ❌ 2_ナレ必須: FAIL
  ⚠️ 3_CHAR参照: WARNING
  ✅ 4_禁止要素: PASS
  ⚠️ 6_総合比率: WARNING

[FAILED]: 1 errors, 12 warnings
  ❌ ナレーションなしASSET（禁止）: ASSET-044, ASSET-044, ASSET-044, ASSET-045, ASSET-046, ASSET-047, ASSET-047, ASSET-048, ASSET-049
  ⚠️  ASSET-011: 人物プロンプトあり but CHAR参照タグなし ([CHAR-XX reference | 初出/再利用] / [New character] / [Generic group])
  ⚠️  ASSET-012: 人物プロンプトあり but CHAR参照タグなし ([CHAR-XX reference | 初出/再利用] / [New character] / [Generic group])
  ⚠️  ASSET-021: 人物プロンプトあり but CHAR参照タグなし ([CHAR-XX reference | 初出/再利用] / [New character] / [Generic group])
  ⚠️  ASSET-022: 人物プロンプトあり but CHAR参照タグなし ([CHAR-XX reference | 初出/再利用] / [New character] / [Generic group])
  ⚠️  ASSET-030: 人物プロンプトあり but CHAR参照タグなし ([CHAR-XX reference | 初出/再利用] / [New character] / [Generic group])
  ⚠️  ASSET-037: 人物プロンプトあり but CHAR参照タグなし ([CHAR-XX reference | 初出/再利用] / [New character] / [Generic group])
  ⚠️  ASSET-044: 人物プロンプトあり but CHAR参照タグなし ([CHAR-XX reference | 初出/再利用] / [New character] / [Generic group])
  ⚠️  ASSET-044: 人物プロンプトあり but CHAR参照タグなし ([CHAR-XX reference | 初出/再利用] / [New character] / [Generic group])
  ⚠️  ASSET-044: 人物プロンプトあり but CHAR参照タグなし ([CHAR-XX reference | 初出/再利用] / [New character] / [Generic group])
  ⚠️  ASSET-045: 人物プロンプトあり but CHAR参照タグなし ([CHAR-XX reference | 初出/再利用] / [New character] / [Generic group])
  ⚠️  ASSET-047: 人物プロンプトあり but CHAR参照タグなし ([CHAR-XX reference | 初出/再利用] / [New character] / [Generic group])
  ⚠️  動画/アニメ比率: 32/65 = 49.2% （基準: 50%以上）→ ⚠️ WARNING

--- [Asset Completeness]: Checking Gansu_Asset_Prompts.md ---
    Parsed: 65 ASSETs

--- 部門別結果 ---
  ✅ 1_完全性: PASS
  ❌ 2_ナレ必須: FAIL
  ⚠️ 3_CHAR参照: WARNING
  ✅ 4_禁止要素: PASS
  ⚠️ 6_総合比率: WARNING

[FAILED]: 1 errors, 11 warnings
  ❌ ナレーションなしASSET（禁止）: ASSET-044, ASSET-044, ASSET-045, ASSET-046, ASSET-047, ASSET-047, ASSET-048, ASSET-049
  ⚠️  ASSET-011: 人物プロンプトあり but CHAR参照タグなし ([CHAR-XX reference | 初出/再利用] / [New character] / [Generic group])
  ⚠️  ASSET-012: 人物プロンプトあり but CHAR参照タグなし ([CHAR-XX reference | 初出/再利用] / [New character] / [Generic group])
  ⚠️  ASSET-021: 人物プロンプトあり but CHAR参照タグなし ([CHAR-XX reference | 初出/再利用] / [New character] / [Generic group])
  ⚠️  ASSET-022: 人物プロンプトあり but CHAR参照タグなし ([CHAR-XX reference | 初出/再利用] / [New character] / [Generic group])
  ⚠️  ASSET-030: 人物プロンプトあり but CHAR参照タグなし ([CHAR-XX reference | 初出/再利用] / [New character] / [Generic group])
  ⚠️  ASSET-037: 人物プロンプトあり but CHAR参照タグなし ([CHAR-XX reference | 初出/再利用] / [New character] / [Generic group])
  ⚠️  ASSET-044: 人物プロンプトあり but CHAR参照タグなし ([CHAR-XX reference | 初出/再利用] / [New character] / [Generic group])
  ⚠️  ASSET-044: 人物プロンプトあり but CHAR参照タグなし ([CHAR-XX reference | 初出/再利用] / [New character] / [Generic group])
  ⚠️  ASSET-045: 人物プロンプトあり but CHAR参照タグなし ([CHAR-XX reference | 初出/再利用] / [New character] / [Generic group])
  ⚠️  ASSET-047: 人物プロンプトあり but CHAR参照タグなし ([CHAR-XX reference | 初出/再利用] / [New character] / [Generic group])
  ⚠️  動画/アニメ比率: 32/65 = 49.2% （基準: 50%以上）→ ⚠️ WARNING

--- [Asset Completeness]: Checking Gansu_Asset_Prompts.md ---
    Parsed: 65 ASSETs

--- 部門別結果 ---
  ✅ 1_完全性: PASS
  ❌ 2_ナレ必須: FAIL
  ⚠️ 3_CHAR参照: WARNING
  ✅ 4_禁止要素: PASS
  ⚠️ 6_総合比率: WARNING

[FAILED]: 1 errors, 10 warnings
  ❌ ナレーションなしASSET（禁止）: ASSET-044, ASSET-045, ASSET-046, ASSET-047, ASSET-047, ASSET-048, ASSET-049
  ⚠️  ASSET-011: 人物プロンプトあり but CHAR参照タグなし ([CHAR-XX reference | 初出/再利用] / [New character] / [Generic group])
  ⚠️  ASSET-012: 人物プロンプトあり but CHAR参照タグなし ([CHAR-XX reference | 初出/再利用] / [New character] / [Generic group])
  ⚠️  ASSET-021: 人物プロンプトあり but CHAR参照タグなし ([CHAR-XX reference | 初出/再利用] / [New character] / [Generic group])
  ⚠️  ASSET-022: 人物プロンプトあり but CHAR参照タグなし ([CHAR-XX reference | 初出/再利用] / [New character] / [Generic group])
  ⚠️  ASSET-030: 人物プロンプトあり but CHAR参照タグなし ([CHAR-XX reference | 初出/再利用] / [New character] / [Generic group])
  ⚠️  ASSET-037: 人物プロンプトあり but CHAR参照タグなし ([CHAR-XX reference | 初出/再利用] / [New character] / [Generic group])
  ⚠️  ASSET-044: 人物プロンプトあり but CHAR参照タグなし ([CHAR-XX reference | 初出/再利用] / [New character] / [Generic group])
  ⚠️  ASSET-045: 人物プロンプトあり but CHAR参照タグなし ([CHAR-XX reference | 初出/再利用] / [New character] / [Generic group])
  ⚠️  ASSET-047: 人物プロンプトあり but CHAR参照タグなし ([CHAR-XX reference | 初出/再利用] / [New character] / [Generic group])
  ⚠️  動画/アニメ比率: 32/65 = 49.2% （基準: 50%以上）→ ⚠️ WARNING

--- [Asset Completeness]: Checking Gansu_Asset_Prompts.md ---
    Parsed: 65 ASSETs

--- 部門別結果 ---
  ✅ 1_完全性: PASS
  ❌ 2_ナレ必須: FAIL
  ⚠️ 3_CHAR参照: WARNING
  ✅ 4_禁止要素: PASS
  ⚠️ 6_総合比率: WARNING

[FAILED]: 1 errors, 9 warnings
  ❌ ナレーションなしASSET（禁止）: ASSET-045, ASSET-046, ASSET-047, ASSET-047, ASSET-048, ASSET-049
  ⚠️  ASSET-011: 人物プロンプトあり but CHAR参照タグなし ([CHAR-XX reference | 初出/再利用] / [New character] / [Generic group])
  ⚠️  ASSET-012: 人物プロンプトあり but CHAR参照タグなし ([CHAR-XX reference | 初出/再利用] / [New character] / [Generic group])
  ⚠️  ASSET-021: 人物プロンプトあり but CHAR参照タグなし ([CHAR-XX reference | 初出/再利用] / [New character] / [Generic group])
  ⚠️  ASSET-022: 人物プロンプトあり but CHAR参照タグなし ([CHAR-XX reference | 初出/再利用] / [New character] / [Generic group])
  ⚠️  ASSET-030: 人物プロンプトあり but CHAR参照タグなし ([CHAR-XX reference | 初出/再利用] / [New character] / [Generic group])
  ⚠️  ASSET-037: 人物プロンプトあり but CHAR参照タグなし ([CHAR-XX reference | 初出/再利用] / [New character] / [Generic group])
  ⚠️  ASSET-045: 人物プロンプトあり but CHAR参照タグなし ([CHAR-XX reference | 初出/再利用] / [New character] / [Generic group])
  ⚠️  ASSET-047: 人物プロンプトあり but CHAR参照タグなし ([CHAR-XX reference | 初出/再利用] / [New character] / [Generic group])
  ⚠️  動画/アニメ比率: 32/65 = 49.2% （基準: 50%以上）→ ⚠️ WARNING

--- [Asset Completeness]: Checking Gansu_Asset_Prompts.md ---
    Parsed: 65 ASSETs

--- 部門別結果 ---
  ✅ 1_完全性: PASS
  ❌ 2_ナレ必須: FAIL
  ⚠️ 3_CHAR参照: WARNING
  ✅ 4_禁止要素: PASS
  ⚠️ 6_総合比率: WARNING

[FAILED]: 1 errors, 8 warnings
  ❌ ナレーションなしASSET（禁止）: ASSET-046, ASSET-047, ASSET-047, ASSET-048, ASSET-049
  ⚠️  ASSET-011: 人物プロンプトあり but CHAR参照タグなし ([CHAR-XX reference | 初出/再利用] / [New character] / [Generic group])
  ⚠️  ASSET-012: 人物プロンプトあり but CHAR参照タグなし ([CHAR-XX reference | 初出/再利用] / [New character] / [Generic group])
  ⚠️  ASSET-021: 人物プロンプトあり but CHAR参照タグなし ([CHAR-XX reference | 初出/再利用] / [New character] / [Generic group])
  ⚠️  ASSET-022: 人物プロンプトあり but CHAR参照タグなし ([CHAR-XX reference | 初出/再利用] / [New character] / [Generic group])
  ⚠️  ASSET-030: 人物プロンプトあり but CHAR参照タグなし ([CHAR-XX reference | 初出/再利用] / [New character] / [Generic group])
  ⚠️  ASSET-037: 人物プロンプトあり but CHAR参照タグなし ([CHAR-XX reference | 初出/再利用] / [New character] / [Generic group])
  ⚠️  ASSET-047: 人物プロンプトあり but CHAR参照タグなし ([CHAR-XX reference | 初出/再利用] / [New character] / [Generic group])
  ⚠️  動画/アニメ比率: 32/65 = 49.2% （基準: 50%以上）→ ⚠️ WARNING

--- [Asset Completeness]: Checking Gansu_Asset_Prompts.md ---
    Parsed: 65 ASSETs

--- 部門別結果 ---
  ✅ 1_完全性: PASS
  ❌ 2_ナレ必須: FAIL
  ⚠️ 3_CHAR参照: WARNING
  ✅ 4_禁止要素: PASS
  ⚠️ 6_総合比率: WARNING

[FAILED]: 1 errors, 8 warnings
  ❌ ナレーションなしASSET（禁止）: ASSET-047, ASSET-047, ASSET-048, ASSET-049
  ⚠️  ASSET-011: 人物プロンプトあり but CHAR参照タグなし ([CHAR-XX reference | 初出/再利用] / [New character] / [Generic group])
  ⚠️  ASSET-012: 人物プロンプトあり but CHAR参照タグなし ([CHAR-XX reference | 初出/再利用] / [New character] / [Generic group])
  ⚠️  ASSET-021: 人物プロンプトあり but CHAR参照タグなし ([CHAR-XX reference | 初出/再利用] / [New character] / [Generic group])
  ⚠️  ASSET-022: 人物プロンプトあり but CHAR参照タグなし ([CHAR-XX reference | 初出/再利用] / [New character] / [Generic group])
  ⚠️  ASSET-030: 人物プロンプトあり but CHAR参照タグなし ([CHAR-XX reference | 初出/再利用] / [New character] / [Generic group])
  ⚠️  ASSET-037: 人物プロンプトあり but CHAR参照タグなし ([CHAR-XX reference | 初出/再利用] / [New character] / [Generic group])
  ⚠️  ASSET-047: 人物プロンプトあり but CHAR参照タグなし ([CHAR-XX reference | 初出/再利用] / [New character] / [Generic group])
  ⚠️  動画/アニメ比率: 32/65 = 49.2% （基準: 50%以上）→ ⚠️ WARNING

--- [Asset Completeness]: Checking Gansu_Asset_Prompts.md ---
    Parsed: 65 ASSETs

--- 部門別結果 ---
  ✅ 1_完全性: PASS
  ❌ 2_ナレ必須: FAIL
  ⚠️ 3_CHAR参照: WARNING
  ✅ 4_禁止要素: PASS
  ⚠️ 6_総合比率: WARNING

[FAILED]: 1 errors, 8 warnings
  ❌ ナレーションなしASSET（禁止）: ASSET-047, ASSET-048, ASSET-049
  ⚠️  ASSET-011: 人物プロンプトあり but CHAR参照タグなし ([CHAR-XX reference | 初出/再利用] / [New character] / [Generic group])
  ⚠️  ASSET-012: 人物プロンプトあり but CHAR参照タグなし ([CHAR-XX reference | 初出/再利用] / [New character] / [Generic group])
  ⚠️  ASSET-021: 人物プロンプトあり but CHAR参照タグなし ([CHAR-XX reference | 初出/再利用] / [New character] / [Generic group])
  ⚠️  ASSET-022: 人物プロンプトあり but CHAR参照タグなし ([CHAR-XX reference | 初出/再利用] / [New character] / [Generic group])
  ⚠️  ASSET-030: 人物プロンプトあり but CHAR参照タグなし ([CHAR-XX reference | 初出/再利用] / [New character] / [Generic group])
  ⚠️  ASSET-037: 人物プロンプトあり but CHAR参照タグなし ([CHAR-XX reference | 初出/再利用] / [New character] / [Generic group])
  ⚠️  ASSET-047: 人物プロンプトあり but CHAR参照タグなし ([CHAR-XX reference | 初出/再利用] / [New character] / [Generic group])
  ⚠️  動画/アニメ比率: 32/65 = 49.2% （基準: 50%以上）→ ⚠️ WARNING

--- [Asset Completeness]: Checking Gansu_Asset_Prompts.md ---
    Parsed: 65 ASSETs

--- 部門別結果 ---
  ✅ 1_完全性: PASS
  ❌ 2_ナレ必須: FAIL
  ⚠️ 3_CHAR参照: WARNING
  ✅ 4_禁止要素: PASS
  ⚠️ 6_総合比率: WARNING

[FAILED]: 1 errors, 8 warnings
  ❌ ナレーションなしASSET（禁止）: ASSET-048, ASSET-049
  ⚠️  ASSET-011: 人物プロンプトあり but CHAR参照タグなし ([CHAR-XX reference | 初出/再利用] / [New character] / [Generic group])
  ⚠️  ASSET-012: 人物プロンプトあり but CHAR参照タグなし ([CHAR-XX reference | 初出/再利用] / [New character] / [Generic group])
  ⚠️  ASSET-021: 人物プロンプトあり but CHAR参照タグなし ([CHAR-XX reference | 初出/再利用] / [New character] / [Generic group])
  ⚠️  ASSET-022: 人物プロンプトあり but CHAR参照タグなし ([CHAR-XX reference | 初出/再利用] / [New character] / [Generic group])
  ⚠️  ASSET-030: 人物プロンプトあり but CHAR参照タグなし ([CHAR-XX reference | 初出/再利用] / [New character] / [Generic group])
  ⚠️  ASSET-037: 人物プロンプトあり but CHAR参照タグなし ([CHAR-XX reference | 初出/再利用] / [New character] / [Generic group])
  ⚠️  ASSET-047: 人物プロンプトあり but CHAR参照タグなし ([CHAR-XX reference | 初出/再利用] / [New character] / [Generic group])
  ⚠️  動画/アニメ比率: 32/65 = 49.2% （基準: 50%以上）→ ⚠️ WARNING

--- [Asset Completeness]: Checking Gansu_Asset_Prompts.md ---
    Parsed: 65 ASSETs

--- 部門別結果 ---
  ✅ 1_完全性: PASS
  ❌ 2_ナレ必須: FAIL
  ⚠️ 3_CHAR参照: WARNING
  ✅ 4_禁止要素: PASS
  ⚠️ 6_総合比率: WARNING

[FAILED]: 1 errors, 8 warnings
  ❌ ナレーションなしASSET（禁止）: ASSET-049
  ⚠️  ASSET-011: 人物プロンプトあり but CHAR参照タグなし ([CHAR-XX reference | 初出/再利用] / [New character] / [Generic group])
  ⚠️  ASSET-012: 人物プロンプトあり but CHAR参照タグなし ([CHAR-XX reference | 初出/再利用] / [New character] / [Generic group])
  ⚠️  ASSET-021: 人物プロンプトあり but CHAR参照タグなし ([CHAR-XX reference | 初出/再利用] / [New character] / [Generic group])
  ⚠️  ASSET-022: 人物プロンプトあり but CHAR参照タグなし ([CHAR-XX reference | 初出/再利用] / [New character] / [Generic group])
  ⚠️  ASSET-030: 人物プロンプトあり but CHAR参照タグなし ([CHAR-XX reference | 初出/再利用] / [New character] / [Generic group])
  ⚠️  ASSET-037: 人物プロンプトあり but CHAR参照タグなし ([CHAR-XX reference | 初出/再利用] / [New character] / [Generic group])
  ⚠️  ASSET-047: 人物プロンプトあり but CHAR参照タグなし ([CHAR-XX reference | 初出/再利用] / [New character] / [Generic group])
  ⚠️  動画/アニメ比率: 32/65 = 49.2% （基準: 50%以上）→ ⚠️ WARNING

--- [Asset Completeness]: Checking Gansu_Asset_Prompts.md ---
    Parsed: 65 ASSETs

--- 部門別結果 ---
  ✅ 1_完全性: PASS
  ✅ 2_ナレ必須: PASS
  ⚠️ 3_CHAR参照: WARNING
  ✅ 4_禁止要素: PASS
  ⚠️ 6_総合比率: WARNING

[WARNING]: 8 warnings (no errors)
  ⚠️  ASSET-011: 人物プロンプトあり but CHAR参照タグなし ([CHAR-XX reference | 初出/再利用] / [New character] / [Generic group])
  ⚠️  ASSET-012: 人物プロンプトあり but CHAR参照タグなし ([CHAR-XX reference | 初出/再利用] / [New character] / [Generic group])
  ⚠️  ASSET-021: 人物プロンプトあり but CHAR参照タグなし ([CHAR-XX reference | 初出/再利用] / [New character] / [Generic group])
  ⚠️  ASSET-022: 人物プロンプトあり but CHAR参照タグなし ([CHAR-XX reference | 初出/再利用] / [New character] / [Generic group])
  ⚠️  ASSET-030: 人物プロンプトあり but CHAR参照タグなし ([CHAR-XX reference | 初出/再利用] / [New character] / [Generic group])
  ⚠️  ASSET-037: 人物プロンプトあり but CHAR参照タグなし ([CHAR-XX reference | 初出/再利用] / [New character] / [Generic group])
  ⚠️  ASSET-047: 人物プロンプトあり but CHAR参照タグなし ([CHAR-XX reference | 初出/再利用] / [New character] / [Generic group])
  ⚠️  動画/アニメ比率: 32/65 = 49.2% （基準: 50%以上）→ ⚠️ WARNING

--- [Asset Completeness]: Checking Gansu_Asset_Prompts.md ---
    Parsed: 65 ASSETs

--- 部門別結果 ---
  ✅ 1_完全性: PASS
  ✅ 2_ナレ必須: PASS
  ⚠️ 3_CHAR参照: WARNING
  ✅ 4_禁止要素: PASS
  ⚠️ 6_総合比率: WARNING

[WARNING]: 7 warnings (no errors)
  ⚠️  ASSET-012: 人物プロンプトあり but CHAR参照タグなし ([CHAR-XX reference | 初出/再利用] / [New character] / [Generic group])
  ⚠️  ASSET-021: 人物プロンプトあり but CHAR参照タグなし ([CHAR-XX reference | 初出/再利用] / [New character] / [Generic group])
  ⚠️  ASSET-022: 人物プロンプトあり but CHAR参照タグなし ([CHAR-XX reference | 初出/再利用] / [New character] / [Generic group])
  ⚠️  ASSET-030: 人物プロンプトあり but CHAR参照タグなし ([CHAR-XX reference | 初出/再利用] / [New character] / [Generic group])
  ⚠️  ASSET-037: 人物プロンプトあり but CHAR参照タグなし ([CHAR-XX reference | 初出/再利用] / [New character] / [Generic group])
  ⚠️  ASSET-047: 人物プロンプトあり but CHAR参照タグなし ([CHAR-XX reference | 初出/再利用] / [New character] / [Generic group])
  ⚠️  動画/アニメ比率: 32/65 = 49.2% （基準: 50%以上）→ ⚠️ WARNING

--- [Asset Completeness]: Checking Gansu_Asset_Prompts.md ---
    Parsed: 65 ASSETs

--- 部門別結果 ---
  ✅ 1_完全性: PASS
  ✅ 2_ナレ必須: PASS
  ⚠️ 3_CHAR参照: WARNING
  ✅ 4_禁止要素: PASS
  ⚠️ 6_総合比率: WARNING

[WARNING]: 6 warnings (no errors)
  ⚠️  ASSET-021: 人物プロンプトあり but CHAR参照タグなし ([CHAR-XX reference | 初出/再利用] / [New character] / [Generic group])
  ⚠️  ASSET-022: 人物プロンプトあり but CHAR参照タグなし ([CHAR-XX reference | 初出/再利用] / [New character] / [Generic group])
  ⚠️  ASSET-030: 人物プロンプトあり but CHAR参照タグなし ([CHAR-XX reference | 初出/再利用] / [New character] / [Generic group])
  ⚠️  ASSET-037: 人物プロンプトあり but CHAR参照タグなし ([CHAR-XX reference | 初出/再利用] / [New character] / [Generic group])
  ⚠️  ASSET-047: 人物プロンプトあり but CHAR参照タグなし ([CHAR-XX reference | 初出/再利用] / [New character] / [Generic group])
  ⚠️  動画/アニメ比率: 32/65 = 49.2% （基準: 50%以上）→ ⚠️ WARNING

--- [Asset Completeness]: Checking Gansu_Asset_Prompts.md ---
    Parsed: 65 ASSETs

--- 部門別結果 ---
  ✅ 1_完全性: PASS
  ✅ 2_ナレ必須: PASS
  ⚠️ 3_CHAR参照: WARNING
  ✅ 4_禁止要素: PASS
  ⚠️ 6_総合比率: WARNING

[WARNING]: 5 warnings (no errors)
  ⚠️  ASSET-021: 人物プロンプトあり but CHAR参照タグなし ([CHAR-XX reference | 初出/再利用] / [New character] / [Generic group])
  ⚠️  ASSET-030: 人物プロンプトあり but CHAR参照タグなし ([CHAR-XX reference | 初出/再利用] / [New character] / [Generic group])
  ⚠️  ASSET-037: 人物プロンプトあり but CHAR参照タグなし ([CHAR-XX reference | 初出/再利用] / [New character] / [Generic group])
  ⚠️  ASSET-047: 人物プロンプトあり but CHAR参照タグなし ([CHAR-XX reference | 初出/再利用] / [New character] / [Generic group])
  ⚠️  動画/アニメ比率: 32/65 = 49.2% （基準: 50%以上）→ ⚠️ WARNING

--- [Asset Completeness]: Checking Gansu_Asset_Prompts.md ---
    Parsed: 65 ASSETs

--- 部門別結果 ---
  ✅ 1_完全性: PASS
  ✅ 2_ナレ必須: PASS
  ⚠️ 3_CHAR参照: WARNING
  ✅ 4_禁止要素: PASS
  ⚠️ 6_総合比率: WARNING

[WARNING]: 4 warnings (no errors)
  ⚠️  ASSET-021: 人物プロンプトあり but CHAR参照タグなし ([CHAR-XX reference | 初出/再利用] / [New character] / [Generic group])
  ⚠️  ASSET-037: 人物プロンプトあり but CHAR参照タグなし ([CHAR-XX reference | 初出/再利用] / [New character] / [Generic group])
  ⚠️  ASSET-047: 人物プロンプトあり but CHAR参照タグなし ([CHAR-XX reference | 初出/再利用] / [New character] / [Generic group])
  ⚠️  動画/アニメ比率: 32/65 = 49.2% （基準: 50%以上）→ ⚠️ WARNING

--- [Asset Completeness]: Checking Gansu_Asset_Prompts.md ---
    Parsed: 65 ASSETs

--- 部門別結果 ---
  ✅ 1_完全性: PASS
  ✅ 2_ナレ必須: PASS
  ⚠️ 3_CHAR参照: WARNING
  ✅ 4_禁止要素: PASS
  ⚠️ 6_総合比率: WARNING

[WARNING]: 4 warnings (no errors)
  ⚠️  ASSET-021: 人物プロンプトあり but CHAR参照タグなし ([CHAR-XX reference | 初出/再利用] / [New character] / [Generic group])
  ⚠️  ASSET-037: 人物プロンプトあり but CHAR参照タグなし ([CHAR-XX reference | 初出/再利用] / [New character] / [Generic group])
  ⚠️  ASSET-047: 人物プロンプトあり but CHAR参照タグなし ([CHAR-XX reference | 初出/再利用] / [New character] / [Generic group])
  ⚠️  動画/アニメ比率: 32/65 = 49.2% （基準: 50%以上）→ ⚠️ WARNING

--- [Asset Completeness]: Checking Gansu_Asset_Prompts.md ---
    Parsed: 65 ASSETs

--- 部門別結果 ---
  ✅ 1_完全性: PASS
  ✅ 2_ナレ必須: PASS
  ⚠️ 3_CHAR参照: WARNING
  ✅ 4_禁止要素: PASS
  ⚠️ 6_総合比率: WARNING

[WARNING]: 3 warnings (no errors)
  ⚠️  ASSET-037: 人物プロンプトあり but CHAR参照タグなし ([CHAR-XX reference | 初出/再利用] / [New character] / [Generic group])
  ⚠️  ASSET-047: 人物プロンプトあり but CHAR参照タグなし ([CHAR-XX reference | 初出/再利用] / [New character] / [Generic group])
  ⚠️  動画/アニメ比率: 32/65 = 49.2% （基準: 50%以上）→ ⚠️ WARNING

--- [Asset Completeness]: Checking Gansu_Asset_Prompts.md ---
    Parsed: 65 ASSETs

--- 部門別結果 ---
  ✅ 1_完全性: PASS
  ✅ 2_ナレ必須: PASS
  ⚠️ 3_CHAR参照: WARNING
  ✅ 4_禁止要素: PASS
  ⚠️ 6_総合比率: WARNING

[WARNING]: 2 warnings (no errors)
  ⚠️  ASSET-047: 人物プロンプトあり but CHAR参照タグなし ([CHAR-XX reference | 初出/再利用] / [New character] / [Generic group])
  ⚠️  動画/アニメ比率: 32/65 = 49.2% （基準: 50%以上）→ ⚠️ WARNING

--- [Asset Completeness]: Checking Gansu_Asset_Prompts.md ---
    Parsed: 65 ASSETs

--- 部門別結果 ---
  ✅ 1_完全性: PASS
  ✅ 2_ナレ必須: PASS
  ✅ 3_CHAR参照: PASS
  ✅ 4_禁止要素: PASS
  ⚠️ 6_総合比率: WARNING

[WARNING]: 1 warnings (no errors)
  ⚠️  動画/アニメ比率: 32/65 = 49.2% （基準: 50%以上）→ ⚠️ WARNING

--- [Asset Completeness]: Checking Gansu_Asset_Prompts.md ---
    Parsed: 65 ASSETs

--- 部門別結果 ---
  ✅ 1_完全性: PASS
  ✅ 2_ナレ必須: PASS
  ✅ 3_CHAR参照: PASS
  ✅ 4_禁止要素: PASS
  ⚠️ 6_総合比率: WARNING

[WARNING]: 1 warnings (no errors)
  ⚠️  動画/アニメ比率: 32/65 = 49.2% （基準: 50%以上）→ ⚠️ WARNING

--- [Asset Completeness]: Checking Gansu_Narration_Asset_Combined.md ---
    Parsed: 177 ASSETs

--- 部門別結果 ---
  ❌ 1_完全性: FAIL
  ❌ 2_ナレ必須: FAIL
  ⚠️ 3_CHAR参照: WARNING
  ❌ 4_禁止要素: FAIL
  ✅ 6_総合比率: PASS

[FAILED]: 5 errors, 58 warnings
  ❌ 連番の欠番: ASSET-009
  ❌ カテゴリタグなし: ASSET-002, ASSET-004, ASSET-005, ASSET-006, ASSET-008, ASSET-013, ASSET-031, ASSET-055, ASSET-056, ASSET-057 他16件
  ❌ ナレーションなしASSET（禁止）: ASSET-002, ASSET-012, ASSET-111, ASSET-112, ASSET-113, ASSET-114, ASSET-115, ASSET-116, ASSET-117, ASSET-118 他59件
  ❌ ASSET-113: カメラ専門用語禁止: Ken Burns
  ❌ ASSET-119: カメラ専門用語禁止: Ken Burns
  ⚠️  ASSET-001: 人物プロンプトあり but CHAR参照タグなし ([CHAR-XX reference | 初出/再利用] / [New character] / [Generic group])
  ⚠️  ASSET-006: 人物プロンプトあり but CHAR参照タグなし ([CHAR-XX reference | 初出/再利用] / [New character] / [Generic group])
  ⚠️  ASSET-008: 人物プロンプトあり but CHAR参照タグなし ([CHAR-XX reference | 初出/再利用] / [New character] / [Generic group])
  ⚠️  ASSET-017: 人物プロンプトあり but CHAR参照タグなし ([CHAR-XX reference | 初出/再利用] / [New character] / [Generic group])
  ⚠️  ASSET-018: 人物プロンプトあり but CHAR参照タグなし ([CHAR-XX reference | 初出/再利用] / [New character] / [Generic group])
  ⚠️  ASSET-021: 人物プロンプトあり but CHAR参照タグなし ([CHAR-XX reference | 初出/再利用] / [New character] / [Generic group])
  ⚠️  ASSET-024: 人物プロンプトあり but CHAR参照タグなし ([CHAR-XX reference | 初出/再利用] / [New character] / [Generic group])
  ⚠️  ASSET-026: 人物プロンプトあり but CHAR参照タグなし ([CHAR-XX reference | 初出/再利用] / [New character] / [Generic group])
  ⚠️  ASSET-031: 人物プロンプトあり but CHAR参照タグなし ([CHAR-XX reference | 初出/再利用] / [New character] / [Generic group])
  ⚠️  ASSET-039: 人物プロンプトあり but CHAR参照タグなし ([CHAR-XX reference | 初出/再利用] / [New character] / [Generic group])
  ⚠️  ASSET-042: 人物プロンプトあり but CHAR参照タグなし ([CHAR-XX reference | 初出/再利用] / [New character] / [Generic group])
  ⚠️  ASSET-045: 人物プロンプトあり but CHAR参照タグなし ([CHAR-XX reference | 初出/再利用] / [New character] / [Generic group])
  ⚠️  ASSET-048: 人物プロンプトあり but CHAR参照タグなし ([CHAR-XX reference | 初出/再利用] / [New character] / [Generic group])
  ⚠️  ASSET-049: 人物プロンプトあり but CHAR参照タグなし ([CHAR-XX reference | 初出/再利用] / [New character] / [Generic group])
  ⚠️  ASSET-051: 人物プロンプトあり but CHAR参照タグなし ([CHAR-XX reference | 初出/再利用] / [New character] / [Generic group])
  ⚠️  ASSET-053: 人物プロンプトあり but CHAR参照タグなし ([CHAR-XX reference | 初出/再利用] / [New character] / [Generic group])
  ⚠️  ASSET-056: 人物プロンプトあり but CHAR参照タグなし ([CHAR-XX reference | 初出/再利用] / [New character] / [Generic group])
  ⚠️  ASSET-059: 人物プロンプトあり but CHAR参照タグなし ([CHAR-XX reference | 初出/再利用] / [New character] / [Generic group])
  ⚠️  ASSET-063: 人物プロンプトあり but CHAR参照タグなし ([CHAR-XX reference | 初出/再利用] / [New character] / [Generic group])
  ⚠️  ASSET-064: 人物プロンプトあり but CHAR参照タグなし ([CHAR-XX reference | 初出/再利用] / [New character] / [Generic group])
  ⚠️  ASSET-066: 人物プロンプトあり but CHAR参照タグなし ([CHAR-XX reference | 初出/再利用] / [New character] / [Generic group])
  ⚠️  ASSET-069: 人物プロンプトあり but CHAR参照タグなし ([CHAR-XX reference | 初出/再利用] / [New character] / [Generic group])
  ⚠️  ASSET-071: 人物プロンプトあり but CHAR参照タグなし ([CHAR-XX reference | 初出/再利用] / [New character] / [Generic group])
  ⚠️  ASSET-076: 人物プロンプトあり but CHAR参照タグなし ([CHAR-XX reference | 初出/再利用] / [New character] / [Generic group])
  ⚠️  ASSET-083: 人物プロンプトあり but CHAR参照タグなし ([CHAR-XX reference | 初出/再利用] / [New character] / [Generic group])
  ⚠️  ASSET-084: 人物プロンプトあり but CHAR参照タグなし ([CHAR-XX reference | 初出/再利用] / [New character] / [Generic group])
  ⚠️  ASSET-086: 人物プロンプトあり but CHAR参照タグなし ([CHAR-XX reference | 初出/再利用] / [New character] / [Generic group])
  ⚠️  ASSET-087: 人物プロンプトあり but CHAR参照タグなし ([CHAR-XX reference | 初出/再利用] / [New character] / [Generic group])
  ⚠️  ASSET-089: 人物プロンプトあり but CHAR参照タグなし ([CHAR-XX reference | 初出/再利用] / [New character] / [Generic group])
  ⚠️  ASSET-092: 人物プロンプトあり but CHAR参照タグなし ([CHAR-XX reference | 初出/再利用] / [New character] / [Generic group])
  ⚠️  ASSET-093: 人物プロンプトあり but CHAR参照タグなし ([CHAR-XX reference | 初出/再利用] / [New character] / [Generic group])
  ⚠️  ASSET-095: 人物プロンプトあり but CHAR参照タグなし ([CHAR-XX reference | 初出/再利用] / [New character] / [Generic group])
  ⚠️  ASSET-098: 人物プロンプトあり but CHAR参照タグなし ([CHAR-XX reference | 初出/再利用] / [New character] / [Generic group])
  ⚠️  ASSET-100: 人物プロンプトあり but CHAR参照タグなし ([CHAR-XX reference | 初出/再利用] / [New character] / [Generic group])
  ⚠️  ASSET-103: 人物プロンプトあり but CHAR参照タグなし ([CHAR-XX reference | 初出/再利用] / [New character] / [Generic group])
  ⚠️  ASSET-106: 人物プロンプトあり but CHAR参照タグなし ([CHAR-XX reference | 初出/再利用] / [New character] / [Generic group])
  ⚠️  ASSET-114: 人物プロンプトあり but CHAR参照タグなし ([CHAR-XX reference | 初出/再利用] / [New character] / [Generic group])
  ⚠️  ASSET-119: 人物プロンプトあり but CHAR参照タグなし ([CHAR-XX reference | 初出/再利用] / [New character] / [Generic group])
  ⚠️  ASSET-120: 人物プロンプトあり but CHAR参照タグなし ([CHAR-XX reference | 初出/再利用] / [New character] / [Generic group])
  ⚠️  ASSET-125: 人物プロンプトあり but CHAR参照タグなし ([CHAR-XX reference | 初出/再利用] / [New character] / [Generic group])
  ⚠️  ASSET-127: 人物プロンプトあり but CHAR参照タグなし ([CHAR-XX reference | 初出/再利用] / [New character] / [Generic group])
  ⚠️  ASSET-129: 人物プロンプトあり but CHAR参照タグなし ([CHAR-XX reference | 初出/再利用] / [New character] / [Generic group])
  ⚠️  ASSET-132: 人物プロンプトあり but CHAR参照タグなし ([CHAR-XX reference | 初出/再利用] / [New character] / [Generic group])
  ⚠️  ASSET-134: 人物プロンプトあり but CHAR参照タグなし ([CHAR-XX reference | 初出/再利用] / [New character] / [Generic group])
  ⚠️  ASSET-140: 人物プロンプトあり but CHAR参照タグなし ([CHAR-XX reference | 初出/再利用] / [New character] / [Generic group])
  ⚠️  ASSET-141: 人物プロンプトあり but CHAR参照タグなし ([CHAR-XX reference | 初出/再利用] / [New character] / [Generic group])
  ⚠️  ASSET-142: 人物プロンプトあり but CHAR参照タグなし ([CHAR-XX reference | 初出/再利用] / [New character] / [Generic group])
  ⚠️  ASSET-144: 人物プロンプトあり but CHAR参照タグなし ([CHAR-XX reference | 初出/再利用] / [New character] / [Generic group])
  ⚠️  ASSET-145: 人物プロンプトあり but CHAR参照タグなし ([CHAR-XX reference | 初出/再利用] / [New character] / [Generic group])
  ⚠️  ASSET-146: 人物プロンプトあり but CHAR参照タグなし ([CHAR-XX reference | 初出/再利用] / [New character] / [Generic group])
  ⚠️  ASSET-148: 人物プロンプトあり but CHAR参照タグなし ([CHAR-XX reference | 初出/再利用] / [New character] / [Generic group])
  ⚠️  ASSET-149: 人物プロンプトあり but CHAR参照タグなし ([CHAR-XX reference | 初出/再利用] / [New character] / [Generic group])
  ⚠️  ASSET-155: 人物プロンプトあり but CHAR参照タグなし ([CHAR-XX reference | 初出/再利用] / [New character] / [Generic group])
  ⚠️  ASSET-157: 人物プロンプトあり but CHAR参照タグなし ([CHAR-XX reference | 初出/再利用] / [New character] / [Generic group])
  ⚠️  ASSET-160: 人物プロンプトあり but CHAR参照タグなし ([CHAR-XX reference | 初出/再利用] / [New character] / [Generic group])
  ⚠️  ASSET-169: 人物プロンプトあり but CHAR参照タグなし ([CHAR-XX reference | 初出/再利用] / [New character] / [Generic group])
  ⚠️  ASSET-171: 人物プロンプトあり but CHAR参照タグなし ([CHAR-XX reference | 初出/再利用] / [New character] / [Generic group])
  ⚠️  ASSET-174: 人物プロンプトあり but CHAR参照タグなし ([CHAR-XX reference | 初出/再利用] / [New character] / [Generic group])

--- [Asset Completeness]: Checking Gansu_Narration_Asset_Combined.md ---
    Parsed: 177 ASSETs

--- 部門別結果 ---
  ❌ 1_完全性: FAIL
  ✅ 2_ナレ必須: PASS
  ✅ 3_CHAR参照: PASS
  ✅ 4_禁止要素: PASS
  ✅ 6_総合比率: PASS

[FAILED]: 1 errors, 0 warnings
  ❌ 連番の欠番: ASSET-009

--- [Asset Completeness]: Checking Gansu_Narration_Asset_Combined.md ---
    Parsed: 178 ASSETs

--- 部門別結果 ---
  ✅ 1_完全性: PASS
  ✅ 2_ナレ必須: PASS
  ✅ 3_CHAR参照: PASS
  ✅ 4_禁止要素: PASS
  ✅ 6_総合比率: PASS

[SUCCESS]: All Asset Completeness Checks Passed.

--- [Asset Completeness]: Checking Gansu_Narration_Asset_Combined.md ---
    Parsed: 178 ASSETs

--- 部門別結果 ---
  ✅ 1_完全性: PASS
  ✅ 2_ナレ必須: PASS
  ✅ 3_CHAR参照: PASS
  ✅ 4_禁止要素: PASS
  ✅ 6_総合比率: PASS

[SUCCESS]: All Asset Completeness Checks Passed.

--- [Asset Completeness]: Checking Gansu_Narration_Asset_Combined.md ---
    Parsed: 178 ASSETs

--- 部門別結果 ---
  ✅ 1_完全性: PASS
  ✅ 2_ナレ必須: PASS
  ✅ 3_CHAR参照: PASS
  ✅ 4_禁止要素: PASS
  ✅ 6_総合比率: PASS

[SUCCESS]: All Asset Completeness Checks Passed.

--- [Asset Completeness]: Checking Gansu_Narration_Asset_Combined.md ---
    Parsed: 178 ASSETs

--- 部門別結果 ---
  ✅ 1_完全性: PASS
  ✅ 2_ナレ必須: PASS
  ✅ 3_CHAR参照: PASS
  ✅ 4_禁止要素: PASS
  ✅ 6_総合比率: PASS

[SUCCESS]: All Asset Completeness Checks Passed.

--- [Asset Completeness]: Checking Gansu_Asset_Prompts.md ---
    Parsed: 65 ASSETs

--- 部門別結果 ---
  ✅ 1_完全性: PASS
  ✅ 2_ナレ必須: PASS
  ✅ 3_CHAR参照: PASS
  ✅ 4_禁止要素: PASS
  ⚠️ 6_総合比率: WARNING

[WARNING]: 1 warnings (no errors)
  ⚠️  動画/アニメ比率: 32/65 = 49.2% （基準: 50%以上）→ ⚠️ WARNING
